core_name_norm,freq,judete_n,uats_n,sample_name,judete_list,table,full_name,gender,birth_year,death_year,era,profession,nationality,wikidata_qid,term,nature_type,category,subcategory,place_name,place_type,country,notes
abatorului,76,35,76,Abatorului,"SV,SM,B,BV,VL,GR,CL,GJ,CJ,IF,OT,HR,GL,AR,BC,BN,BR,DJ,MH,IL,CT,AG,MS,AB,SB,TL,TR,HD,PH,SJ,CV,BT,TM,DB,BH",name_categories,,,,,,,,,,,infrastructure,industrial,,,,
poligonului,42,29,42,Poligonului,"TR,CJ,TM,BC,HR,IF,AB,BN,DJ,AG,VN,HD,PH,SM,IL,DB,CV,SV,MM,CT,OT,CS,BV,VL,SB,MS,BH,GJ,GL",name_categories,,,,,,,,,,,infrastructure,military,,,,
arcului,38,17,38,Arcului,"BT,SV,OT,B,IF,CT,BR,GL,GR,HD,IS,NT,PH,SB,TM,IL,GJ",nature_terms,,,,,,,,,Arcului,geography,,,,,,
valea mare,36,21,36,Valea Mare,"GJ,PH,DB,AB,B,AG,MM,AR,BC,GR,SV,TR,CS,SB,VL,BT,CT,GL,DJ,CV,MH",nature_terms,,,,,,,,,Valea Mare,geography,,,,,,
salviei,35,22,35,Salviei,"PH,CJ,IL,B,CL,TM,IF,VL,BH,GR,MH,AB,BV,BZ,CT,SM,SB,MS,VS,NT,VN,OT",nature_terms,,,,,,,,,Salviei,plant,,,,,,
cazanului,33,16,33,Cazanului,"IL,IF,GR,OT,CL,TR,DB,VL,DJ,BC,GJ,CV,AR,BT,VS,IS",nature_terms,,,,,,,,,Cazanului,geography,,,,,,
gradinari,31,16,31,Grădinari,"GR,IF,DJ,GJ,IL,CJ,BZ,CL,VN,VS,IS,PH,DB,OT,MM,TR",name_categories,,,,,,,,,,,occupational,trade,,,,
izlaz,30,13,30,Izlaz,"GJ,AG,BT,OT,DB,TM,DJ,AB,PH,IL,TL,VN,IS",nature_terms,,,,,,,,,Izlaz,meadow,,,,,,
general eremia grigorescu,28,20,28,G-ral Eremia Grigorescu,"B,IF,GL,BN,BV,BR,DJ,CJ,CT,AG,CL,BC,SB,MS,TM,DB,SV,VN,BZ,PH",persons,Eremia Grigorescu,M,1863,1919,interwar,general,RO,,,,,,,,,
valeni,27,20,27,Văleni,"TR,PH,B,GJ,BN,NT,SB,CJ,IS,GL,HD,IF,SV,BC,BR,VN,CL,OT,VL,MS",place_refs,,,,,,,,,,,,,Văleni,ro_village,RO,
frumoasa,26,16,26,Frumoasa,"IF,B,AG,IS,MS,OT,MH,BR,SV,AR,CJ,CT,HD,TR,TL,PH",nature_terms,,,,,,,,,Frumoasa,geography,,,,,,
dumbrava rosie,26,16,26,Dumbrava Roșie,"IF,B,IS,BC,BT,BV,BR,VS,CJ,CT,GL,NT,IL,TM,PH,GJ",nature_terms,,,,,,,,,Dumbrava Roșie,forest,,,,,,
cerna,25,15,25,Cerna,"IF,B,MH,TM,HD,AB,CT,DJ,GR,IS,PH,CS,VL,GJ,BV",place_refs,,,,,,,,,,,,,Cerna,river,RO,
cazanelor,25,11,25,Cazanelor,"OT,GJ,TR,GL,GR,IS,IL,MH,PH,DJ,MS",nature_terms,,,,,,,,,Cazanelor,geography,,,,,,
agronomului,25,14,25,Agronomului,"IL,TM,SV,OT,GJ,TR,DJ,BC,IF,AR,BN,BH,CL,IS",name_categories,,,,,,,,,,,occupational,trade,,,,
craiovei,23,11,23,Craiovei,"B,DJ,OT,AR,CT,AG,SJ,VL,MH,TM,IF",place_refs,,,,,,,,,,,,,Craiova,ro_city,RO,
zanelor,22,15,22,Zânelor,"IF,PH,B,TM,IS,AR,BR,CJ,GL,VL,MS,TL,BC,CT,DJ",name_categories,,,,,,,,,,,mythology,folklore,,,,
walter maracineanu,22,14,22,Walter Mărăcineanu,"BR,CT,AG,IS,NT,BZ,IL,TR,VS,PH,TL,VN,IF,BC",persons,Walter Mărăcineanu,M,1840,1877,premodern,soldier,RO,,,,,,,,,
magazinului,22,12,22,Magazinului,"IL,NT,TR,OT,CT,BC,BT,PH,BV,GJ,VL,GR",name_categories,,,,,,,,,,,infrastructure,commercial,,,,
faget,22,17,22,Făget,"GJ,NT,PH,DB,VL,TM,AB,AR,BN,VN,AG,MS,MM,HR,SJ,CJ,OT",nature_terms,,,,,,,,,Făget,forest,,,,,,
satul nou,21,11,21,Satul Nou,"NT,VL,GJ,PH,OT,TR,DB,BC,BZ,SB,BT",place_refs,,,,,,,,,,,,,Satul Nou,ro_village,RO,
podgoriei,21,15,21,Podgoriei,"CJ,AR,BC,IF,VN,MH,TM,BN,VL,GR,BZ,MM,PH,CL,CT",nature_terms,,,,,,,,,Podgoriei,geography,,,,,,
pietroasa,21,13,21,Pietroasa,"CJ,SV,B,HD,SM,HR,BH,AR,TM,AB,AG,MM,GJ",nature_terms,,,,,,,,,Pietroasa,geography,,,,,,
lunei,21,12,21,Lunei,"TM,IS,BC,BZ,VS,VN,PH,TR,CT,TL,SJ,OT",nature_terms,,,,,,,,,Lunei,sky,,,,,,
dambului,21,14,21,Dambului,"CJ,PH,B,BT,MM,BN,IL,HD,HR,BH,CV,IS,AB,NT",nature_terms,,,,,,,,,Dâmbului,geography,,,,,,
campiei,21,15,21,Câmpiei,"CT,CJ,IF,BC,TM,BT,PH,AR,TR,OT,BH,CV,GJ,SJ,DJ",nature_terms,,,,,,,,,Câmpiei,geography,,,,,,
anvatatorului,21,15,21,Învățătorului,"GJ,B,CL,BN,VL,BZ,IF,OT,CJ,TM,MM,NT,GR,TR,GL",name_categories,,,,,,,,,,,occupational,education,,,,
maciesului,20,14,20,Măcieșului,"CJ,SV,NT,BT,MM,BN,AR,BV,CT,GL,BH,MS,SM,CV",nature_terms,,,,,,,,,Măcieșului,plant,,,,,,
doamnei,20,13,20,Doamnei,"IF,B,DB,BC,SM,OT,CL,DJ,TM,CT,MM,TR,VL",name_categories,,,,,,,,,,,abstract,honorific,,,,
clopoteilor,20,12,20,Clopoțeilor,"B,PH,BR,CJ,IF,TM,BT,AR,BN,CT,BH,IS",nature_terms,,,,,,,,,Clopoțeilor,flower,,,,,,
biserica veche,20,14,20,Biserica Veche,"TR,OT,VL,DJ,GR,BC,SV,GJ,PH,SJ,AG,DB,NT,BT",name_categories,,,,,,,,,,,religious,church,,,,
fundatura,19,16,19,Fundătura,"HR,PH,BZ,VS,CJ,IS,HD,SJ,GR,SM,MS,MH,CV,BN,NT,GL",nature_terms,,,,,,,,,Fundătura,geography,,,,,,
foisor,19,12,19,Foișor,"OT,TM,VN,AB,AR,BZ,GL,GR,PH,MS,CJ,NT",name_categories,,,,,,,,,,,infrastructure,building,,,,
fermelor,19,14,19,Fermelor,"GL,PH,IF,SM,VS,SV,CJ,NT,MM,BR,CT,BH,CL,TR",name_categories,,,,,,,,,,,trade,agriculture,,,,
baciului,19,13,19,Baciului,"SV,PH,B,IS,BT,BV,CJ,VS,BC,NT,OT,DB,CL",name_categories,,,,,,,,,,,occupational,pastoral,,,,
strugurilor,18,15,18,Strugurilor,"SV,OT,TM,IS,VL,IL,SB,BH,SM,MM,PH,IF,GL,GJ,TL",nature_terms,,,,,,,,,Strugurilor,fruit,,,,,,
olteni,18,8,18,Olteni,"PH,B,TR,OT,DB,AG,DJ,IF",place_refs,,,,,,,,,,,,,Olteni,region,RO,
nicolae filimon,18,16,18,Nicolae Filimon,"B,BV,CT,DJ,SV,BH,AG,PH,SB,TM,CJ,IF,GL,IS,DB,OT",persons,Nicolae Filimon,M,1819,1865,premodern,writer,RO,,,,,,,,,
militari,18,14,18,Militari,"OT,IS,BC,CT,AB,BT,AG,VN,PH,GL,VS,VL,DJ,IL",name_categories,,,,,,,,,,,occupational,military,,,,
general ion dragalina,18,16,18,G-ral Ion Dragalina,"B,DJ,CS,CJ,AG,IL,TM,HD,BV,GL,GJ,TL,VL,CT,OT,AR",persons,Ion Dragalina,M,1860,1916,interwar,military officer,RO,,,,,,,,,
aviatiei,18,14,18,Aviației,"B,DJ,TM,GL,AR,BN,BZ,VS,IL,IS,SB,TR,MS,IF",name_categories,,,,,,,,,,,commemorative,technological,,,,
ungureni,17,7,17,Ungureni,"GJ,SV,IF,VL,PH,DB,OT",place_refs,,,,,,,,,,,,,Ungureni,ro_village,RO,
ioan budai-deleanu,17,12,17,Ioan Budai-Deleanu,"B,CJ,DJ,SV,HD,SB,BH,AG,SM,TM,GJ,AB",persons,Ioan Budai-Deleanu,M,1760,1820,premodern,"writer, linguist, historian",RO,,,,,,,,,
aurorei,17,14,17,Aurorei,"PH,CJ,AB,AR,BR,BZ,GL,NT,MM,CT,CS,IS,OT,IF",nature_terms,,,,,,,,,Aurorei,sky,,,,,,
abator,17,14,17,Abator,"PH,SM,TR,CJ,VL,IS,CV,IF,DB,VS,BC,NT,MM,GJ",name_categories,,,,,,,,,,,infrastructure,industrial,,,,
transilvania,16,11,16,Transilvania,"PH,MS,CJ,HD,CL,TM,AG,SM,AB,AR,IF",place_refs,,,,,,,,,,,,,Transilvania,region,RO,
suseni,16,12,16,Suseni,"DB,SV,CJ,SJ,GR,AB,BT,HD,SB,GJ,OT,VL",place_refs,,,,,,,,,,,,,Suseni,ro_village,RO,
razoarelor,16,13,16,Răzoarelor,"GR,TR,CJ,CL,BZ,CT,IS,MM,BR,BV,PH,VN,OT",nature_terms,,,,,,,,,Răzoarelor,geography,,,,,,
merisor,16,11,16,Merișor,"CT,GJ,TM,IF,AB,AR,GR,TL,NT,DB,PH",nature_terms,,,,,,,,,Merișor,fruit,,,,,,
justitiei,16,12,16,Justiției,"GR,B,BR,CT,GJ,AG,SB,MS,DB,PH,GL,IS",name_categories,,,,,,,,,,,abstract,civic,,,,
calarasilor,16,11,16,Călărașilor,"PH,AB,AR,BR,CJ,BH,MS,CS,SB,CL,GR",name_categories,,,,,,,,,,,occupational,military,,,,
branistei,16,9,16,Braniștei,"TR,GR,OT,VL,VS,GJ,CS,SV,DJ",nature_terms,,,,,,,,,Braniștei,forest,,,,,,
valea caselor,15,8,15,Valea Caselor,"GJ,MM,VL,AG,BN,HD,SV,VN",nature_terms,,,,,,,,,Valea Caselor,geography,,,,,,
popesti,15,10,15,Popești,"GJ,AR,SV,DB,VS,DJ,VL,SM,OT,HD",place_refs,,,,,,,,,,,,,Popești,ro_village,RO,
ciresoaia,15,11,15,Cireșoaia,"B,BC,BT,CL,MH,GL,PH,OT,SV,CJ,BV",place_refs,,,,,,,,,,,,,Cireșoaia,ro_village,RO,
aprodul purice,15,11,15,Aprodul Purice,"B,AR,OT,CT,BT,GL,IS,PH,SM,TM,BC",persons,Aprodul Purice,M,,1497,medieval,"boyar, soldier",RO,,,,,,,,,
plevna,14,10,14,Plevna,"PH,CL,BR,IL,DB,MS,SB,DJ,CT,AR",place_refs,,,,,,,,,,,,,Plevna,battle_site,BG,
olari,14,10,14,Olari,"GJ,B,DB,IS,CT,TM,VL,BZ,BT,OT",name_categories,,,,,,,,,,,trade,craft,,,,
general gheorghe magheru,14,14,14,G-ral Gheorghe Magheru,"B,IF,AR,AB,BZ,DJ,VN,AG,SB,TM,GJ,OT,VL,PH",persons,Gheorghe Magheru,M,1802,1880,1848,"general, politician",RO,,,,,,,,,
floare de colt,14,10,14,Floare de Colț,"B,TM,IF,VL,AB,SM,MM,BV,BC,PH",nature_terms,,,,,,,,,Floare de Colț,flower,,,,,,
fagilor,14,11,14,Fagilor,"SV,MH,VL,AR,TM,AB,IF,AG,BZ,PH,BT",nature_terms,,,,,,,,,Fagilor,tree,,,,,,
deleni,14,9,14,Deleni,"B,IL,TR,GR,SJ,GL,DJ,OT,NT",place_refs,,,,,,,,,,,,,Deleni,ro_village,RO,
bradet,14,12,14,Brădet,"VL,HD,SB,AG,MS,BV,CS,MM,DB,SJ,PH,SV",nature_terms,,,,,,,,,Brădet,forest,,,,,,
voinicului,13,10,13,Voinicului,"PH,B,TR,BN,CT,DJ,TL,IF,IS,OT",name_categories,,,,,,,,,,,mythology,folklore,,,,
viisoara,13,10,13,Viișoara,"IS,TM,NT,BN,BC,GJ,VL,IF,BR,PH",place_refs,,,,,,,,,,,,,Viișoara,ro_village,RO,
progresul,13,9,13,Progresul,"OT,HR,CL,CT,DJ,IL,TM,PH,BR",name_categories,,,,,,,,,,,abstract,ideological,,,,
peste vale,13,10,13,Peste Vale,"GJ,BC,SJ,OT,VL,TR,DB,BV,CJ,AG",nature_terms,,,,,,,,,Peste Vale,geography,,,,,,
ion paun pincio,13,12,13,Ion Păun Pincio,"B,BC,BV,CT,HD,VN,TM,BH,NT,SB,SV,TL",persons,Ion Păun Pincio,M,1868,1894,premodern,writer,RO,,,,,,,,,
ioan ratiu,13,8,13,Dr. Ioan Rațiu,"AB,AR,BN,CJ,SB,BH,TM,CT",persons,Ioan Rațiu,M,1828,1902,premodern,politician,RO,,,,,,,,,
calea bucuresti,13,6,13,Calea București,"IL,IF,DB,DJ,BV,AG",place_refs,,,,,,,,,,,,,București,ro_city,RO,
voronet,12,8,12,Voroneț,"IF,B,TM,AB,BV,CJ,SV,CT",place_refs,,,,,,,,,,,,,Voroneț,ro_monastery,RO,
vlasiei,12,8,12,Vlăsiei,"PH,IF,B,BZ,GR,TM,DB,BT",place_refs,,,,,,,,,,,,,Vlăsia,region,RO,
vilelor,12,12,12,Vilelor,"GJ,IL,HD,HR,CV,AG,AB,VL,PH,OT,NT,SV",name_categories,,,,,,,,,,,infrastructure,residential,,,,
veterinarului,12,9,12,Veterinarului,"DJ,IF,CL,OT,TM,BZ,GR,GJ,DB",name_categories,,,,,,,,,,,occupational,trade,,,,
vestului,12,8,12,Vestului,"BH,CJ,NT,PH,OT,DB,AR,CL",nature_terms,,,,,,,,,Vestului,geography,,,,,,
universitatii,12,11,12,Universității,"B,SV,MM,BV,CJ,CT,GL,IS,BH,HD,SJ",name_categories,,,,,,,,,,,institutional,education,,,,
turda,12,10,12,Turda,"B,TM,VS,CT,IL,SB,AG,PH,OT,BV",place_refs,,,,,,,,,,,,,Turda,ro_city,RO,
tunari,12,8,12,Tunari,"DB,B,GR,VL,BT,PH,OT,MH",place_refs,,,,,,,,,,,,,Tunari,ro_village,RO,
tiberiu brediceanu,12,7,12,Tiberiu Brediceanu,"CT,AR,BN,BV,CJ,TM,SM",persons,Tiberiu Brediceanu,M,1877,1968,interwar,composer,RO,,,,,,,,,
teatrului,12,11,12,Teatrului,"OT,IF,TM,MM,BT,BV,BZ,DJ,BH,VL,MS",name_categories,,,,,,,,,,,institutional,culture,,,,
tamplarului,12,10,12,Tâmplarului,"IS,GR,DJ,SM,CL,VS,BT,SV,TR,HD",name_categories,,,,,,,,,,,occupational,trade,,,,
sub coasta,12,7,12,Sub Coastă,"VL,CV,DB,AB,CJ,BN,GR",nature_terms,,,,,,,,,Sub Coastă,geography,,,,,,
straja,12,10,12,Straja,"B,GJ,VL,NT,TM,AB,CJ,HD,TL,IF",name_categories,,,,,,,,,,,commemorative,infrastructure,,,,
silistei,12,7,12,Siliștei,"BC,NT,GR,DB,PH,GL,SV",nature_terms,,,,,,,,,Siliștei,geography,,,,,,
sibiului,12,7,12,Sibiului,"AR,CJ,SB,BH,SM,MS,SJ",place_refs,,,,,,,,,,,,,Sibiu,ro_city,RO,
sergiu celibidache,12,11,12,Sergiu Celibidache,"AB,BN,CJ,CT,DJ,IS,NT,SB,TM,IF,AR",persons,Sergiu Celibidache,M,1912,1996,interwar,dirijor,RO,,,,,,,,,
santierului,12,10,12,Șantierului,"NT,B,BZ,CL,PH,SM,IF,AB,SV,GL",name_categories,,,,,,,,,,,occupational,trade,,,,
rezervorului,12,9,12,Rezervorului,"MS,SV,IF,CV,TL,SM,PH,BR,VL",name_categories,,,,,,,,,,,infrastructure,institutional,,,,
recea,12,8,12,Recea,"B,GJ,CJ,IS,VS,OT,GL,PH",place_refs,,,,,,,,,,,,,Recea,ro_village,RO,
razesilor,12,7,12,Răzeșilor,"SV,GL,VS,DJ,IS,NT,BC",name_categories,,,,,,,,,,,commemorative,historical,,,,
rapei,12,10,12,Râpei,"VS,CL,DB,GR,TR,GL,IS,GJ,TL,SB",nature_terms,,,,,,,,,Râpei,geography,,,,,,
radu de la afumati,12,10,12,Radu de la Afumați,"IF,B,CL,GL,AR,PH,VL,TM,DB,AG",persons,Radu de la Afumați,M,,1529,medieval,domnitor,RO,,,,,,,,,
prahova,12,9,12,Prahova,"B,TM,BV,DJ,SB,SM,GJ,CL,IF",place_refs,,,,,,,,,,,,,Prahova,river,RO,
postavarului,12,6,12,Postăvarului,"BV,AB,BH,PH,AR,IF",place_refs,,,,,,,,,,,,,Postăvaru,mountain,RO,
popii,12,7,12,Popii,"OT,GJ,AG,SB,SV,CJ,DB",name_categories,,,,,,,,,,,occupational,religious,,,,
popestilor,12,6,12,Popeștilor,"GJ,SV,VL,DB,DJ,IS",place_refs,,,,,,,,,,,,,Popești,ro_village,RO,
poieni,12,9,12,Poieni,"B,VL,TR,CJ,GJ,IF,BC,SV,BZ",place_refs,,,,,,,,,,,,,Poieni,ro_village,RO,
pietrisului,12,9,12,Pietrișului,"B,OT,GR,MM,DB,BH,SV,GJ,VL",nature_terms,,,,,,,,,Pietrișului,geography,,,,,,
pescarului,12,9,12,Pescarului,"SV,OT,TR,DJ,AG,IF,HR,GL,CL",name_categories,,,,,,,,,,,occupational,trade,,,,
pe vale,12,8,12,Pe Vale,"MM,NT,DB,BV,SB,VL,CJ,GR",nature_terms,,,,,,,,,Pe Vale,geography,,,,,,
pastorilor,12,9,12,Pastorilor,"TR,TM,BC,PH,MS,SJ,AR,BH,OT",name_categories,,,,,,,,,,,occupational,trade,,,,
padina,12,9,12,Padina,"BV,B,TR,PH,VL,GR,SB,GJ,DB",nature_terms,,,,,,,,,Padina,geography,,,,,,
ostrovului,12,12,12,Ostrovului,"IL,MH,TR,BZ,CL,GR,SM,MS,VL,OT,TL,CT",nature_terms,,,,,,,,,Ostrovului,geography,,,,,,
neajlov,12,10,12,Neajlov,"IF,BV,CT,GL,SB,PH,SM,IL,TM,DB",place_refs,,,,,,,,,,,,,Neajlov,river,RO,
muncitorului,12,9,12,Muncitorului,"B,DJ,CL,CT,IS,SV,GL,TR,BT",name_categories,,,,,,,,,,,occupational,trade,,,,
mestecanis,12,8,12,Mestecăniș,"BV,B,SV,HR,SB,BC,VL,IS",nature_terms,,,,,,,,,Mestecăniș,forest,,,,,,
lizierei,12,8,12,Lizierei,"CT,IF,GL,PH,CJ,IL,OT,BR",nature_terms,,,,,,,,,Lizierei,forest,,,,,,
linia mica,12,6,12,Linia Mică,"GJ,IF,GR,IL,PH,VL",name_categories,,,,,,,,,,,infrastructure,infrastructure,,,,
izvoare,12,8,12,Izvoare,"GJ,SV,BC,NT,PH,DB,MM,CJ",nature_terms,,,,,,,,,Izvoare,water,,,,,,
ion budai deleanu,12,10,12,Ion Budai Deleanu,"PH,IS,GL,AB,HD,SM,DJ,BH,CT,AR",persons,Ion Budai-Deleanu,M,1760,1820,premodern,"writer, linguist",RO,,,,,,,,,
ion antonescu,12,10,12,Ion Antonescu,"IF,AB,AR,BT,AG,VN,BH,SV,MS,DJ",persons,Ion Antonescu,M,1882,1946,interwar,"military officer, politician",RO,,,,,,,,,
iancului,12,8,12,Iancului,"CL,B,PH,DJ,BT,OT,DB,BC",persons,Avram Iancu,M,1824,1872,1848,revolutionary,RO,,,,,,,,,
hidrocentralei,12,7,12,Hidrocentralei,"AG,PH,BC,VL,GJ,TR,OT",name_categories,,,,,,,,,,,infrastructure,institutional,,,,
hanului,12,12,12,Hanului,"GR,GL,DJ,BT,PH,BZ,SV,CT,CV,BC,GJ,OT",name_categories,,,,,,,,,,,trade,trade,,,,
grindului,12,6,12,Grindului,"CT,PH,GJ,BR,IL,CL",nature_terms,,,,,,,,,Grindului,geography,,,,,,
grigore vieru,12,9,12,Grigore Vieru,"SV,GL,IS,AB,BT,BZ,VS,CT,OT",persons,Grigore Vieru,M,1935,2009,communist,poet,MD,,,,,,,,,
granitului,12,10,12,Granitului,"B,TR,BZ,HD,IL,PH,SB,TL,IF,DB",nature_terms,,,,,,,,,Granitului,geography,,,,,,
godeanu,12,10,12,Godeanu,"OT,TM,AB,AR,CS,CJ,MH,PH,MS,SB",place_refs,,,,,,,,,,,,,Godeanu,mountain,RO,
gheorghe titeica,12,9,12,Gheorghe Țițeica,"CT,B,DJ,AB,BH,AG,PH,SB,TM",persons,Gheorghe Țițeica,M,1873,1939,interwar,mathematician,RO,,,,,,,,,
gheorghe dima,12,9,12,Gheorghe Dima,"AR,BN,CJ,CT,BH,SM,SB,IL,TM",persons,Gheorghe Dima,M,1847,1925,interwar,composer,RO,,,,,,,,,
frumoasei,12,7,12,Frumoasei,"AB,GR,IF,CT,BZ,GL,PH",name_categories,,,,,,,,,,,abstract,aesthetic,,,,
fluierului,12,8,12,Fluierului,"B,CL,IS,TR,TM,AR,GR,IF",name_categories,,,,,,,,,,,trade,musical_instrument,,,,
fazanului,12,10,12,Fazanului,"PH,BR,DB,BT,TM,DJ,IF,AR,BN,OT",nature_terms,,,,,,,,,Fazanului,bird,,,,,,
fabricilor,12,10,12,Fabricilor,"CJ,PH,DJ,AB,BH,HD,SV,TL,CV,BV",name_categories,,,,,,,,,,,infrastructure,industrial,,,,
diana,12,8,12,Diana,"DJ,IF,TM,AB,AR,BV,SM,CT",name_categories,,,,,,,,,,,mythology,roman_mythology,,,,
croitorilor,12,9,12,Croitorilor,"CV,OT,IF,CJ,HR,SB,GL,NT,VL",name_categories,,,,,,,,,,,occupational,crafts,,,,
credintei,12,9,12,Credinței,"VL,GJ,OT,B,CL,GL,TM,CT,MH",name_categories,,,,,,,,,,,abstract,virtue,,,,
cosminului,12,10,12,Cosminului,"B,CJ,IL,GL,BH,IS,TM,MS,CV,MH",place_refs,,,,,,,,,,,,,Cosmin,battle_site,UA,
cooperativei,12,9,12,Cooperativei,"DB,B,MS,OT,GJ,AB,BV,HR,SB",name_categories,,,,,,,,,,,institutional,economic,,,,
constitutiei,12,9,12,Constituției,"AR,BZ,BV,VN,BH,SB,GL,IF,PH",name_categories,,,,,,,,,,,institutional,legal,,,,
constantin stere,12,9,12,Constantin Stere,"PH,B,CL,DJ,IS,AG,TM,BT,AR",persons,Constantin Stere,M,1865,1936,interwar,politician/writer,RO,,,,,,,,,
concordiei,12,11,12,Concordiei,"B,TR,TM,AR,BR,BZ,PH,TL,VL,CT,BV",name_categories,,,,,,,,,,,abstract,social_value,,,,
coacazelor,12,10,12,Coacăzelor,"IF,B,VL,GL,TM,DJ,BN,PH,IS,VS",nature_terms,,,,,,,,,Coacăzelor,fruit,,,,,,
ceahlaului,12,10,12,Ceahlăului,"PH,BC,MM,BR,DJ,IL,TM,BH,SM,MS",place_refs,,,,,,,,,,,,,Ceahlău,mountain,RO,
buciumului,12,9,12,Buciumului,"SV,DJ,VL,AR,BC,BV,CT,PH,DB",name_categories,,,,,,,,,,,trade,musical_instrument,,,,
brates,12,10,12,Brateș,"B,TM,BR,CJ,DJ,MH,GL,IS,PH,IF",place_refs,,,,,,,,,,,,,Brateș,river,RO,
aviatorului,12,10,12,Aviatorului,"IL,OT,CJ,TM,VN,DJ,NT,SV,VL,CV",name_categories,,,,,,,,,,,occupational,transport,,,,
zenitului,11,10,11,Zenitului,"B,TM,CT,MS,HD,AG,SB,IF,GL,PH",nature_terms,,,,,,,,,Zenitului,sky,,,,,,
virtutii,11,9,11,Virtuții,"B,IS,IF,BZ,VS,CT,VN,TM,BC",name_categories,,,,,,,,,,,abstract,virtue,,,,
viitor,11,5,11,Viitor,"CL,IS,IL,SM,PH",name_categories,,,,,,,,,,,abstract,time,,,,
viforului,11,8,11,Viforului,"B,CT,BR,NT,TM,MH,TR,DB",nature_terms,,,,,,,,,Viforului,weather,,,,,,
veniamin costache,11,7,11,Mitropolit Veniamin Costache,"B,BC,CT,IS,PH,BT,NT",persons,Veniamin Costache,M,1768,1846,premodern,cleric,RO,,,,,,,,,
vedea,11,3,11,Vedea,"B,TR,OT",place_refs,,,,,,,,,,,,,Vedea,river,RO,
varsovia,11,9,11,Varsovia,"B,IF,TM,CJ,CT,PH,SB,CL,AR",place_refs,,,,,,,,,,,,,Varșovia,city,PL,
valter maracineanu,11,11,11,Căpitan Valter Mărăcineanu,"CT,B,GL,BT,OT,CJ,DJ,VN,IS,PH,SB",persons,Valter Mărăcineanu,M,1840,1877,premodern,military,RO,,,,,,,,,
valea ursului,11,6,11,Valea Ursului,"AG,DB,B,GJ,PH,VL",nature_terms,,,,,,,,,Valea Ursului,geography,,,,,,
valea popii,11,7,11,Valea Popii,"GJ,BV,DB,AB,VL,CJ,BT",nature_terms,,,,,,,,,Valea Popii,geography,,,,,,
valea morii,11,9,11,Valea Morii,"DB,B,GJ,HD,TR,BN,SV,CT,PH",nature_terms,,,,,,,,,Valea Morii,geography,,,,,,
unitatii,11,9,11,Unității,"IL,IF,AG,PH,TM,VN,MS,GJ,SV",name_categories,,,,,,,,,,,abstract,ideological,,,,
traian grozavescu,11,8,11,Traian Grozăvescu,"B,AR,BV,CJ,SV,TM,BH,SM",persons,Traian Grozăvescu,M,1895,1927,interwar,opera singer,RO,,,,,,,,,
toma caragiu,11,9,11,Toma Caragiu,"B,MH,CL,GL,BR,PH,VS,IF,SV",persons,Toma Caragiu,M,1925,1977,communist,actor,RO,,,,,,,,,
tisa,11,7,11,Tisa,"TM,AB,CJ,DJ,VN,SM,IF",place_refs,,,,,,,,,,,,,Tisa,river,,
theodor pallady,11,9,11,Theodor Pallady,"B,CT,IS,VS,AB,CJ,BH,TM,BZ",persons,Theodor Pallady,M,1871,1956,interwar,painter,RO,,,,,,,,,
theodor neculuta,11,11,11,Theodor Neculuță,"BC,BZ,CT,SV,GL,TM,BH,SB,PH,TL,IS",persons,Theodor Neculuță,M,1859,1904,premodern,poet,RO,,,,,,,,,
tabaci,11,7,11,Tabaci,"GR,DJ,PH,DB,VL,AG,OT",name_categories,,,,,,,,,,,trade,occupational,,,,
tabacarilor,11,10,11,Tăbăcarilor,"B,BR,CJ,BH,MS,SV,AB,SB,MM,OT",name_categories,,,,,,,,,,,trade,occupational,,,,
stefan cel mare si sfant,11,5,11,Ștefan Cel Mare Și Sfânt,"SV,IS,BV,NT,BC",persons,Ștefan cel Mare,M,1433,1504,medieval,ruler,RO,,,,,,,,,
snagov,11,9,11,Snagov,"B,IF,CJ,DJ,PH,BZ,TM,GL,GJ",place_refs,,,,,,,,,,,,,Snagov,ro_village,RO,
sfatului,11,11,11,Sfatului,"SV,MH,B,GL,GR,NT,IF,BV,VL,CV,TR",name_categories,,,,,,,,,,,institutional,administrative,,,,
saliste,11,8,11,Sâliște,"NT,SV,OT,BT,CJ,GL,SB,MS",place_refs,,,,,,,,,,,,,Săliște,ro_city,RO,
safirului,11,9,11,Safirului,"PH,B,IS,IF,GR,CJ,CT,SB,BV",nature_terms,,,,,,,,,Safir,geography,,,,,,
sabarului,11,4,11,Sabarului,"B,IF,GR,DB",place_refs,,,,,,,,,,,,,Sabar,river,RO,
prislop,11,11,11,Prislop,"AG,TM,AB,AR,CJ,CT,SB,PH,CS,HD,VL",place_refs,,,,,,,,,,,,,Prislop,ro_monastery,RO,
prisacii,11,10,11,Prisăcii,"NT,VS,BC,SV,BN,MM,VL,IS,PH,DJ",name_categories,,,,,,,,,,,trade,occupational,,,,
preda buzescu,11,9,11,Preda Buzescu,"PH,B,TR,GJ,DJ,CT,GR,VL,TL",persons,Preda Buzescu,M,,1601,medieval,military commander,RO,,,,,,,,,
popasului,11,9,11,Popasului,"TR,B,BC,BV,PH,BH,MM,IF,OT",name_categories,,,,,,,,,,,infrastructure,transport,,,,
pompelor,11,8,11,Pompelor,"IL,OT,MM,DB,PH,MS,VS,MH",name_categories,,,,,,,,,,,infrastructure,institutional,,,,
podul analt,11,10,11,Podul Înalt,"B,IF,VL,IS,BR,BT,GL,AG,PH,VS",place_refs,,,,,,,,,,,,,Podul Înalt,battle_site,RO,
podirei,11,2,11,Podirei,"SV,BN",nature_terms,,,,,,,,,Podirei,geography,,,,,,
petru cercel,11,11,11,Erou Petru Cercel,"BV,B,OT,TR,CL,AB,DJ,CT,PH,DB,IF",persons,Petru Cercel,M,1545,1590,medieval,ruler,RO,,,,,,,,,
pescarusilor,11,8,11,Pescărușilor,"CT,GL,IL,IF,SM,TL,TM,DB",nature_terms,,,,,,,,,Pescăruș,bird,,,,,,
panselei,11,7,11,Panselei,"IF,CT,IS,AR,PH,TL,TR",nature_terms,,,,,,,,,Pansea,flower,,,,,,
pajurei,11,9,11,Pajurei,"CT,SV,B,BZ,GR,PH,IL,VL,OT",nature_terms,,,,,,,,,Pajură,bird,,,,,,
padureni,11,10,11,Pădureni,"B,CJ,BN,TM,HR,SJ,GJ,BZ,SV,DB",place_refs,,,,,,,,,,,,,Pădureni,ro_village,RO,
paducelului,11,9,11,Păducelului,"VL,GJ,TM,DJ,BV,SB,MM,PH,BT",nature_terms,,,,,,,,,Păducel,plant,,,,,,
norilor,11,6,11,Norilor,"GR,IF,CT,BC,OT,TM",nature_terms,,,,,,,,,Nor,sky,,,,,,
nicovalei,11,9,11,Nicovalei,"B,CL,MM,BV,DJ,PH,SB,MS,OT",name_categories,,,,,,,,,,,trade,occupational,,,,
muntenia,11,9,11,Muntenia,"PH,TM,GR,DJ,MS,AG,MM,IF,BZ",place_refs,,,,,,,,,,,,,Muntenia,region,RO,
motrului,11,8,11,Motrului,"IF,B,GJ,BR,PH,BZ,MS,MH",place_refs,,,,,,,,,,,,,Motru,river,RO,
militarilor,11,10,11,Militarilor,"BN,CJ,CT,AR,HD,AG,PH,DJ,MH,VL",name_categories,,,,,,,,,,,commemorative,institutional,,,,
mecanizarii,11,8,11,Mecanizării,"OT,DJ,CJ,VS,IS,TR,IF,CT",name_categories,,,,,,,,,,,occupational,industrial,,,,
matei millo,11,10,11,Matei Millo,"B,CJ,DJ,SV,IS,NT,SB,TM,BC,IF",persons,Matei Millo,M,1814,1896,premodern,actor,RO,,,,,,,,,
martisorului,11,9,11,Mărțișorului,"PH,OT,CT,SV,HD,BH,MM,NT,CJ",nature_terms,,,,,,,,,Mărțișor,season,,,,,,
luncilor,11,4,11,Luncilor,"GJ,AG,AB,PH",nature_terms,,,,,,,,,Luncă,meadow,,,,,,
lotus,11,8,11,Lotus,"CT,TM,AR,SM,CJ,CL,BH,IF",nature_terms,,,,,,,,,Lotus,flower,,,,,,
lazului,11,7,11,Lazului,"CV,GJ,AR,PH,BZ,VL,MH",nature_terms,,,,,,,,,Laz,geography,,,,,,
ion slavici,11,11,11,Ion Slavici,"BV,SM,CT,IL,HD,TM,AB,IF,SV,OT,IS",persons,Ion Slavici,M,1848,1925,interwar,writer,RO,,,,,,,,,
i. gh. duca,11,8,11,I. Gh. Duca,"TR,BR,CT,DJ,SB,CL,VL,OT",persons,Ion G. Duca,M,1879,1933,interwar,politician,RO,,,,,,,,,
holdelor,11,8,11,Holdelor,"TM,IF,BC,IS,VN,NT,CL,BT",nature_terms,,,,,,,,,Holdă,meadow,,,,,,
gruiului,11,6,11,Gruiului,"AG,OT,GL,SB,GJ,PH",nature_terms,,,,,,,,,Grui,geography,,,,,,
grigore moisil,11,11,11,Grigore Moisil,"IF,CT,AB,BN,CJ,BH,VS,CL,TL,PH,AG",persons,Grigore Moisil,M,1906,1973,communist,mathematician,RO,,,,,,,,,
govora,11,9,11,Govora,"OT,B,IF,AB,CJ,CT,DJ,SB,MS",place_refs,,,,,,,,,,,,,Govora,resort,RO,
gheorghe pop de basesti,11,10,11,Gheorghe Pop de Băsești,"B,AB,MM,BN,CJ,SB,BH,SM,MS,SJ",persons,Gheorghe Pop de Băsești,M,1835,1919,interwar,politician,RO,,,,,,,,,
gheorghe marinescu,11,9,11,Dr. Gheorghe Marinescu,"CT,AB,MM,BV,VS,AG,PH,CJ,MS",persons,Gheorghe Marinescu,M,1863,1938,interwar,neurologist,RO,,,,,,,,,
gheorghe magheru,11,7,11,General Gheorghe Magheru,"PH,GJ,TR,AB,SM,DJ,AG",persons,Gheorghe Magheru,M,1802,1880,premodern,general,RO,,,,,,,,,
galaxiei,11,5,11,Galaxiei,"CJ,BV,IF,TM,BN",nature_terms,,,,,,,,,Galaxie,sky,,,,,,
frunzisului,11,6,11,Frunzișului,"CJ,B,HR,BH,VL,PH",nature_terms,,,,,,,,,Frunziș,forest,,,,,,
fructelor,11,5,11,Fructelor,"PH,B,MM,TM,DB",nature_terms,,,,,,,,,Fructe,fruit,,,,,,
drumul vechi,11,7,11,Drumul Vechi,"DB,BV,VL,SV,SB,MM,OT",name_categories,,,,,,,,,,,infrastructure,transport,,,,
delureni,11,6,11,Delureni,"VL,B,GJ,OT,MS,DB",nature_terms,,,,,,,,,Delureni,geography,,,,,,
crisanei,11,9,11,Crișanei,"AR,DB,AB,BR,CT,CJ,BV,BH,SB",place_refs,,,,,,,,,,,,,Crișana,region,RO,
ciobanasului,11,10,11,Ciobănașului,"B,IF,DJ,AB,DB,VL,CL,AG,PH,TR",name_categories,,,,,,,,,,,occupational,trade,,,,
centurii,11,8,11,Centurii,"B,MH,IF,GR,IS,OT,CL,SV",name_categories,,,,,,,,,,,infrastructure,transport,,,,
casin,11,7,11,Cașin,"B,BT,BR,CT,GL,IS,PH",place_refs,,,,,,,,,,,,,Cașin,ro_village,RO,
cartierul nou,11,10,11,Cartierul Nou,"SV,CL,VL,DB,IF,TR,GL,VN,AR,OT",name_categories,,,,,,,,,,,infrastructure,urban_planning,,,,
caramidarilor,11,9,11,Cărămidarilor,"MM,AR,CJ,BH,SM,SV,SJ,BV,CL",name_categories,,,,,,,,,,,occupational,trade,,,,
caracal,11,6,11,Caracal,"B,OT,DJ,CJ,TR,IF",place_refs,,,,,,,,,,,,,Caracal,ro_city,RO,
buzesti,11,9,11,Buzești,"B,CL,BV,DJ,OT,MH,NT,PH,TR",place_refs,,,,,,,,,,,,,Buzești,ro_village,RO,
busteni,11,8,11,Bușteni,"B,GJ,TM,IF,AB,CJ,DJ,SM",place_refs,,,,,,,,,,,,,Bușteni,resort,RO,
borsec,11,8,11,Borsec,"IF,B,TM,AR,CJ,DJ,SB,PH",place_refs,,,,,,,,,,,,,Borsec,resort,RO,
bicazului,11,9,11,Bicazului,"CL,BH,PH,HR,CJ,MS,SJ,CS,AR",place_refs,,,,,,,,,,,,,Bicaz,river,RO,
barladului,11,4,11,Bârladului,"GL,BC,BZ,VS",place_refs,,,,,,,,,,,,,Bârlad,river,RO,
balea,11,5,11,Bâlea,"B,TM,BV,CJ,SB",place_refs,,,,,,,,,,,,,Bâlea,mountain_peak,RO,
atelierelor,11,8,11,Atelierelor,"CT,PH,HD,IL,BC,BH,TL,GJ",name_categories,,,,,,,,,,,occupational,trade,,,,
aries,11,8,11,Arieș,"B,TM,CT,DJ,MH,SB,GJ,IF",place_refs,,,,,,,,,,,,,Arieș,river,RO,
arad,11,9,11,Arad,"IF,B,TM,BR,CJ,DJ,GL,SM,SB",place_refs,,,,,,,,,,,,,Arad,ro_city,RO,
aerodromului,11,11,11,Aerodromului,"GR,CT,SV,TR,BN,BZ,IL,VS,NT,BT,BV",name_categories,,,,,,,,,,,infrastructure,transport,,,,
abrud,11,10,11,Abrud,"B,IF,AR,BV,BR,CT,GL,PH,SB,TM",place_refs,,,,,,,,,,,,,Abrud,ro_city,RO,
velnitei,10,5,10,Velniței,"SV,IS,VS,BT,NT",name_categories,,,,,,,,,,,occupational,trade,,,,
varful cu dor,10,6,10,Vârful cu Dor,"IF,PH,AR,BV,CT,DB",place_refs,,,,,,,,,,,,,Vârful cu Dor,mountain_peak,RO,
valea lupului,10,9,10,Valea Lupului,"BZ,B,BN,AB,GJ,DB,VL,IS,MM",nature_terms,,,,,,,,,Valea Lupului,geography,,,,,,
valcelelor,10,9,10,Vâlcelelor,"OT,PH,BH,CT,HR,HD,VL,AB,MM",nature_terms,,,,,,,,,Vâlcelelor,geography,,,,,,
tractorului,10,7,10,Tractorului,"IF,CT,SB,MM,GL,TR,DJ",name_categories,,,,,,,,,,,trade,industrial,,,,
timisoara,10,7,10,Timișoara,"IF,B,DJ,HD,SM,SB,TM",place_refs,,,,,,,,,,,,,Timișoara,ro_city,RO,
tei,10,6,10,Tei,"BV,PH,GL,IF,GR,CL",nature_terms,,,,,,,,,Tei,tree,,,,,,
tacerii,10,9,10,Tăcerii,"CL,OT,B,DJ,IF,IS,PH,BT,DB",name_categories,,,,,,,,,,,abstract,concept,,,,
tabacari,10,9,10,Tăbăcari,"VN,BZ,DJ,BV,GR,HD,BC,NT,PH",name_categories,,,,,,,,,,,occupational,craft,,,,
sulina,10,7,10,Sulina,"IF,B,TM,AR,BR,DJ,SV",place_refs,,,,,,,,,,,,,Sulina,ro_city,RO,
stuparilor,10,7,10,Stuparilor,"TM,TL,DJ,TR,GJ,OT,MH",name_categories,,,,,,,,,,,occupational,agriculture,,,,
stelutei,10,9,10,Steluței,"IF,B,BC,CJ,CT,BH,AB,AR,DB",nature_terms,,,,,,,,,Steluței,sky,,,,,,
stavilarului,10,8,10,Stăvilarului,"B,BV,BZ,SB,MM,IF,AB,PH",name_categories,,,,,,,,,,,infrastructure,water_management,,,,
simfoniei,10,9,10,Simfoniei,"B,IF,TM,AR,BN,IL,TL,VL,VS",name_categories,,,,,,,,,,,abstract,art,,,,
serii,10,8,10,Serii,"B,BN,BV,IL,GL,IF,PH,OT",nature_terms,,,,,,,,,Serii,season,,,,,,
sebesului,10,8,10,Sebeșului,"AB,MM,BR,CS,CJ,SB,BH,MS",place_refs,,,,,,,,,,,,,Sebeș,ro_city,RO,
scorusului,10,7,10,Scorușului,"B,MH,TM,PH,CS,VL,SV",nature_terms,,,,,,,,,Scorușului,tree,,,,,,
satu nou,10,8,10,Satu Nou,"CT,IS,TM,GR,OT,AR,DJ,BR",place_refs,,,,,,,,,,,,,Satu Nou,ro_village,RO,
sarii,10,8,10,Sării,"B,HR,PH,TR,AG,DB,MS,VL",nature_terms,,,,,,,,,Sării,geography,,,,,,
sarata,10,6,10,Sarata,"AR,BN,CJ,NT,VL,PH",nature_terms,,,,,,,,,Sărată,water,,,,,,
rugului,10,8,10,Rugului,"VL,OT,GJ,CT,DJ,GL,PH,CS",nature_terms,,,,,,,,,Rugului,plant,,,,,,
rosiorilor,10,8,10,Roșiorilor,"PH,CL,AR,BV,BR,BH,CS,SB",name_categories,,,,,,,,,,,commemorative,military,,,,
romantei,10,8,10,Romanței,"BC,CJ,IL,IF,AR,TR,NT,VS",nature_terms,,,,,,,,,Romanței,season,,,,,,
retezatului,10,8,10,Retezatului,"PH,B,CJ,HD,BH,SM,MS,CS",place_refs,,,,,,,,,,,,,Retezat,mountain,RO,
reconstructiei,10,10,10,Reconstrucției,"B,NT,MM,BV,OT,PH,SB,DJ,VL,IF",name_categories,,,,,,,,,,,abstract,ideological,,,,
rahova,10,6,10,Rahova,"PH,CL,CT,VL,AG,IL",place_refs,,,,,,,,,,,,,Rahova,battle_site,BG,
poporului,10,6,10,Poporului,"DJ,BT,BR,OT,CT,HD",name_categories,,,,,,,,,,,ideological,commemorative,,,,
poiana mare,10,9,10,Poiana Mare,"B,IS,TR,IF,VL,DB,GJ,CT,AG",place_refs,,,,,,,,,,,,,Poiana Mare,ro_village,RO,
plutelor,10,6,10,Plutelor,"VL,BV,PH,MS,SV,CL",nature_terms,,,,,,,,,Plutelor,tree,,,,,,
plugului,10,5,10,Plugului,"IF,AB,CT,GL,BH",name_categories,,,,,,,,,,,trade,occupational,,,,
penes curcanu,10,9,10,Peneș Curcanu,"VN,IS,BH,BZ,AB,IL,TM,VS,AR",persons,Constantin Țurcanu,M,1854,1932,premodern,militar,RO,,,,,,,,,
paunilor,10,9,10,Păunilor,"B,TR,BC,VL,HD,IF,OT,DJ,DB",nature_terms,,,,,,,,,Păunilor,bird,,,,,,
pantei,10,7,10,Pantei,"HR,BC,IF,CS,SB,GR,SV",nature_terms,,,,,,,,,Pantei,geography,,,,,,
paltinilor,10,8,10,Paltinilor,"B,OT,TM,CJ,BZ,MH,NT,TL",nature_terms,,,,,,,,,Paltinilor,tree,,,,,,
ozana,10,8,10,Ozana,"SV,IF,B,NT,SM,GL,PH,BR",place_refs,,,,,,,,,,,,,Ozana,river,RO,
ostrov,10,9,10,Ostrov,"PH,B,VL,DJ,GR,TM,CT,CS,AG",nature_terms,,,,,,,,,Ostrov,geography,,,,,,
oslo,10,7,10,Oslo,"B,IF,TM,CT,GL,SB,AR",place_refs,,,,,,,,,,,,,Oslo,city,NO,
orban balazs,10,4,10,Orbán Balazs,"HR,MS,CV,BH",persons,Orbán Balázs,M,1829,1890,premodern,"scriitor, etnograf",HU,,,,,,,,,
olarului,10,9,10,Olarului,"GJ,VL,DB,GR,AG,SV,IF,IS,AR",name_categories,,,,,,,,,,,trade,occupational,,,,
ograda,10,6,10,Ograda,"PH,BN,GJ,IF,AG,BZ",nature_terms,,,,,,,,,Ograda,geography,,,,,,
nicolae filipescu,10,9,10,Nicolae Filipescu,"B,AB,SB,BH,PH,MS,DB,AR,CT",persons,Nicolae Filipescu,M,1859,1916,premodern,politician,RO,,,,,,,,,
negustorilor,10,7,10,Negustorilor,"TR,DB,IF,BC,DJ,IS,OT",name_categories,,,,,,,,,,,trade,occupational,,,,
murgului,10,9,10,Murgului,"B,IF,TR,OT,GJ,BZ,AB,GL,SM",nature_terms,,,,,,,,,Murgului,animal,,,,,,
mocanitei,10,10,10,Mocăniței,"MH,IS,MM,DJ,BC,VL,SB,GJ,NT,PH",name_categories,,,,,,,,,,,infrastructure,transport,,,,
miraslau,10,6,10,Mirăslău,"B,CJ,BV,DJ,SB,IF",place_refs,,,,,,,,,,,,,Mirăslău,ro_village,RO,
mihail sebastian,10,9,10,Mihail Sebastian,"B,BR,CJ,DJ,IS,CT,SB,IF,SV",persons,Mihail Sebastian,M,1907,1945,interwar,writer,RO,,,,,,,,,
mihai i,10,9,10,Mihai I,"GJ,OT,MH,CJ,GL,MM,MS,SV,BH",persons,Mihai I al României,M,1921,2017,interwar,monarch,RO,,,,,,,,,
mesterul manole,10,9,10,Meșterul Manole,"B,VS,AR,CJ,CT,AG,PH,SV,OT",name_categories,,,,,,,,,,,mythology,folklore,,,,
marginii,10,8,10,Marginii,"BT,TM,OT,TR,IS,IL,CL,GJ",nature_terms,,,,,,,,,Marginii,geography,,,,,,
marginea,10,7,10,Marginea,"IS,TR,BR,MM,BC,BT,BZ",place_refs,,,,,,,,,,,,,Marginea,ro_village,RO,
macinului,10,9,10,Măcinului,"IF,CL,CJ,CT,DJ,BH,CS,SM,MS",place_refs,,,,,,,,,,,,,Măcin,ro_city,RO,
lutului,10,8,10,Lutului,"PH,IF,IS,CJ,TR,HR,SB,MS",nature_terms,,,,,,,,,Lutului,geography,,,,,,
luminitei,10,9,10,Luminiței,"B,IF,PH,MM,DJ,VN,BH,TL,OT",nature_terms,,,,,,,,,Luminiței,flower,,,,,,
lebedelor,10,5,10,Lebedelor,"IF,CT,CJ,TL,IS",nature_terms,,,,,,,,,Lebedelor,bird,,,,,,
kos karoly,10,7,10,Kos Karoly,"AR,TM,CJ,BH,HR,CV,MS",persons,Kós Károly,M,1883,1977,interwar,architect,HU,,,,,,,,,
korosi csoma sandor,10,5,10,Körősi Csoma Sándor,"HR,AB,CV,MS,BH",persons,Kőrösi Csoma Sándor,M,1784,1842,premodern,linguist,HU,,,,,,,,,
ion mincu,10,10,10,Arh. Ion Mincu,"B,AB,OT,CJ,DJ,VN,CT,TM,VL,SB",persons,Ion Mincu,M,1852,1912,premodern,architect,RO,,,,,,,,,
insulei,10,10,10,Insulei,"B,BC,BZ,TM,HR,MS,IF,CT,GJ,DB",nature_terms,,,,,,,,,Insulei,geography,,,,,,
icoanei,10,8,10,Icoanei,"B,TM,IF,VS,OT,IS,CL,GR",name_categories,,,,,,,,,,,religious,objects,,,,
ialomita,10,6,10,Ialomița,"IF,TM,CJ,DJ,CL,IL",place_refs,,,,,,,,,,,,,Ialomița,river,RO,
horei,10,9,10,Horei,"B,TR,PH,MS,CT,IF,TL,IS,CL",name_categories,,,,,,,,,,,commemorative,cultural,,,,
grui,10,7,10,Grui,"SM,GJ,VL,CJ,SB,BV,PH",nature_terms,,,,,,,,,Grui,geography,,,,,,
gilortului,10,4,10,Gilortului,"GJ,B,DJ,PH",place_refs,,,,,,,,,,,,,Gilort,river,RO,
george baritiu,10,7,10,George Barițiu,"B,CJ,AB,BN,PH,BH,HD",persons,George Barițiu,M,1812,1893,premodern,"politician, historian",RO,,,,,,,,,
general vasile milea,10,7,10,G-ral Vasile Milea,"B,AR,HD,VS,CT,SB,DB",persons,Vasile Milea,M,1927,1989,communist,military officer,RO,,,,,,,,,
general traian mosoiu,10,7,10,G-ral Traian Moșoiu,"BV,AR,BZ,CJ,BH,SM,MS",persons,Traian Moșoiu,M,1868,1932,interwar,military officer,RO,,,,,,,,,
gelu,10,7,10,Gelu,"TM,AR,CJ,HD,SM,SJ,IF",persons,Gelu,M,,904,medieval,voivode,RO,,,,,,,,,
gaterului,10,8,10,Gaterului,"B,BV,TR,PH,NT,SB,BC,IS",name_categories,,,,,,,,,,,trade,industrial,,,,
garabet ibraileanu,10,6,10,Garabet Ibrăileanu,"GL,BR,VS,CT,IS,TM",persons,Garabet Ibrăileanu,M,1871,1936,interwar,literary critic,RO,,,,,,,,,
frasinilor,10,7,10,Frasinilor,"TR,MH,SV,DJ,GL,PH,MM",nature_terms,,,,,,,,,Frasin,tree,,,,,,
floresti,10,6,10,Florești,"IF,DB,CJ,DJ,GL,VL",place_refs,,,,,,,,,,,,,Florești,ro_village,RO,
fantanitei,10,7,10,Fântâniței,"OT,VN,BV,SV,CT,PH,SB",nature_terms,,,,,,,,,Fântânița,water,,,,,,
eugen barbu,10,8,10,Eugen Barbu,"PH,B,TM,IF,VS,CT,GJ,OT",persons,Eugen Barbu,M,1924,1993,communist,writer,RO,,,,,,,,,
episcopiei,10,10,10,Episcopiei,"B,GL,AR,BZ,GR,VS,VL,IL,SJ,SB",name_categories,,,,,,,,,,,institutional,religious,,,,
emanoil gojdu,10,4,10,Emanoil Gojdu,"AR,BH,TM,CS",persons,Emanoil Gojdu,M,1802,1870,premodern,"lawyer, philanthropist",RO,,,,,,,,,
dreapta,10,7,10,Dreaptă,"OT,CJ,BZ,HR,PH,SV,AR",,,,,,,,,,,,,,,,,
dosoftei,10,8,10,Dosoftei,"B,AR,VS,CT,PH,SV,GJ,DJ",persons,Dosoftei,M,1624,1693,medieval,"metropolitan bishop, writer",RO,,,,,,,,,
doina,10,8,10,Doina,"IF,B,BH,SM,CL,PH,BT,DJ",name_categories,,,,,,,,,,,abstract,cultural,,,,
deva,10,8,10,Deva,"IF,B,TM,BR,CJ,SB,MS,MM",place_refs,,,,,,,,,,,,,Deva,ro_city,RO,
craiului,10,9,10,Craiului,"GL,MM,BV,GJ,DJ,NT,TM,DB,OT",place_refs,,,,,,,,,,,,,Piatra Craiului,mountain,RO,
corneliu baba,10,8,10,Corneliu Baba,"IS,AB,CS,CT,BH,TM,AR,SB",persons,Corneliu Baba,M,1906,1997,communist,painter,RO,,,,,,,,,
condorului,10,5,10,Condorului,"CT,B,IF,TM,BV",nature_terms,,,,,,,,,Condor,bird,,,,,,
comarnic,10,8,10,Comarnic,"NT,B,TM,IF,AB,CT,CS,GJ",place_refs,,,,,,,,,,,,,Comarnic,ro_city,RO,
coloniei,10,8,10,Coloniei,"B,DB,VL,CS,PH,MM,TM,DJ",name_categories,,,,,,,,,,,infrastructure,institutional,,,,
cetatuia,10,9,10,Cetățuia,"B,BV,GR,IS,VL,GL,BC,TL,VN",place_refs,,,,,,,,,,,,,Cetățuia,ro_monastery,RO,
cernauti,10,6,10,Cernăuți,"B,SV,TM,BR,CJ,DB",place_refs,,,,,,,,,,,,,Cernăuți,city,UA,
cercului,10,8,10,Cercului,"B,TR,BZ,PH,GL,BH,NT,TM",name_categories,,,,,,,,,,,abstract,geometric,,,,
catunului,10,8,10,Cătunului,"SV,CL,IS,GR,BZ,MM,VL,PH",name_categories,,,,,,,,,,,infrastructure,institutional,,,,
budapesta,10,6,10,Budapesta,"TM,CJ,CT,MS,AR,CL",place_refs,,,,,,,,,,,,,Budapesta,city,HU,
bucium,10,9,10,Bucium,"AG,TM,AB,BT,CJ,IS,SB,NT,BC",nature_terms,,,,,,,,,Bucium,geography,,,,,,
bruxelles,10,7,10,Bruxelles,"B,TM,PH,GL,SB,CL,AR",place_refs,,,,,,,,,,,,,Bruxelles,city,BE,
brebeneilor,10,6,10,Brebeneilor,"PH,CL,DJ,CJ,BT,OT",nature_terms,,,,,,,,,Brebenei,flower,,,,,,
brazdei,10,6,10,Brazdei,"B,CT,OT,AB,BR,PH",nature_terms,,,,,,,,,Brazdă,geography,,,,,,
bradetului,10,9,10,Brădetului,"CJ,B,BN,BV,IS,PH,CS,SV,SJ",nature_terms,,,,,,,,,Brădet,forest,,,,,,
berna,10,7,10,Berna,"B,IF,TM,CT,PH,SB,AR",place_refs,,,,,,,,,,,,,Berna,city,CH,
belgrad,10,7,10,Belgrad,"B,IF,TM,CJ,PH,CL,AR",place_refs,,,,,,,,,,,,,Belgrad,city,RS,
bazinelor,10,4,10,Bazinelor,"GJ,VL,AB,BT",name_categories,,,,,,,,,,,infrastructure,institutional,,,,
balantei,10,8,10,Balanței,"BT,IF,OT,IS,SB,TL,PH,VS",name_categories,,,,,,,,,,,abstract,symbolic,,,,
austrului,10,10,10,Austrului,"B,TR,IF,BC,BT,CT,VL,GR,IS,PH",nature_terms,,,,,,,,,Austru,weather,,,,,,
armand calinescu,10,9,10,Armand Călinescu,"PH,B,VS,AG,SJ,CT,BH,OT,SB",persons,Armand Călinescu,M,1893,1939,interwar,politician,RO,,,,,,,,,
ariei,10,9,10,Ariei,"MS,B,IF,OT,TM,SB,GL,BC,VL",name_categories,,,,,,,,,,,abstract,geometric,,,,
anvatatorilor,10,8,10,Învățătorilor,"DJ,DB,VS,IL,SV,BV,BR,GL",name_categories,,,,,,,,,,,occupational,education,,,,
amsterdam,10,7,10,Amsterdam,"IF,TM,CT,GL,MS,CL,AR",place_refs,,,,,,,,,,,,,Amsterdam,city,NL,
alexandru papiu ilarian,10,7,10,Alexandru Papiu Ilarian,"B,AB,BV,CJ,SB,BH,MS",persons,Alexandru Papiu Ilarian,M,1827,1877,1848,"politician, historian, jurist",RO,,,,,,,,,
alexandru donici,10,9,10,Alexandru Donici,"B,BT,CJ,SV,BH,AG,PH,SB,TM",persons,Alexandru Donici,M,1806,1865,premodern,"fabulist, poet",RO,,,,,,,,,
albatros,10,7,10,Albatros,"CL,CT,IS,AB,AR,SM,TL",nature_terms,,,,,,,,,Albatros,bird,,,,,,
acvilei,10,8,10,Acvilei,"IF,CJ,TM,MH,DJ,PH,SB,VS",nature_terms,,,,,,,,,Acvilei,bird,,,,,,
zenit,9,6,9,Zenit,"TM,AB,HR,SM,CT,NT",nature_terms,,,,,,,,,Zenit,sky,,,,,,
voievozilor,9,9,9,Voievozilor,"IF,BR,DJ,VN,CT,IS,BZ,SV,PH",name_categories,,,,,,,,,,,commemorative,historical figures,,,,
valeriu braniste,9,7,9,Valeriu Braniște,"B,BV,AB,BN,CJ,HD,TM",persons,Valeriu Braniște,M,1869,1928,interwar,"politician, journalist",RO,,,,,,,,,
valea rea,9,5,9,Valea Rea,"AG,PH,GJ,BC,DB",nature_terms,,,,,,,,,Valea Rea,geography,,,,,,
valea mica,9,6,9,Valea Mică,"TR,AB,GJ,AR,OT,PH",nature_terms,,,,,,,,,Valea Mică,geography,,,,,,
valea bisericii,9,7,9,Valea Bisericii,"GJ,AG,DB,OT,DJ,PH,VL",nature_terms,,,,,,,,,Valea Bisericii,geography,,,,,,
valea alba,9,7,9,Valea Albă,"B,BC,BV,CT,NT,PH,MM",nature_terms,,,,,,,,,Valea Albă,geography,,,,,,
vale,9,7,9,Vale,"CJ,DB,IS,SB,TR,PH,MS",nature_terms,,,,,,,,,Vale,geography,,,,,,
valcea,9,7,9,Vâlcea,"DB,TR,PH,TM,GJ,IF,VL",place_refs,,,,,,,,,,,,,Vâlcea,region,RO,
traian demetrescu,9,8,9,Traian Demetrescu,"B,MM,BV,BR,DJ,BH,SB,TM",persons,Traian Demetrescu,M,1866,1912,premodern,poet,RO,,,,,,,,,
torentului,9,8,9,Torentului,"BC,IS,OT,GL,BH,SJ,MM,SV",nature_terms,,,,,,,,,Torentului,water,,,,,,
tipografiei,9,7,9,Tipografiei,"IF,DB,CJ,IL,SV,VS,PH",name_categories,,,,,,,,,,,trade,occupational,,,,
tiblesului,9,5,9,Țibleșului,"TM,MM,BN,CJ,CS",place_refs,,,,,,,,,,,,,Țibleș,mountain,RO,
targovistei,9,4,9,Târgoviștei,"B,DB,AG,PH",place_refs,,,,,,,,,,,,,Târgoviște,ro_city,RO,
tache ionescu,9,6,9,Tache Ionescu,"PH,B,CJ,CT,MS,AR",persons,Tache Ionescu,M,1858,1922,interwar,politician,RO,,,,,,,,,
sunatoarei,9,8,9,Sunătoarei,"CT,AG,B,TM,IF,AR,CJ,NT",nature_terms,,,,,,,,,Sunătoarei,plant,,,,,,
suceava,9,9,9,Suceava,"B,AR,BV,VS,CJ,CT,PH,TM,MS",place_refs,,,,,,,,,,,,,Suceava,ro_city,RO,
statiei,9,8,9,Stației,"BZ,CL,BN,SV,GJ,MS,GR,OT",name_categories,,,,,,,,,,,infrastructure,transport,,,,
spinului,9,8,9,Spinului,"B,OT,TM,AB,CL,IF,BN,IS",nature_terms,,,,,,,,,Spinului,plant,,,,,,
spatarului,9,8,9,Spătarului,"PH,B,IF,DJ,BN,GL,TR,CT",name_categories,,,,,,,,,,,occupational,historical_rank,,,,
spatarul nicolae milescu,9,9,9,Spătarul Nicolae Milescu,"B,BV,CJ,CT,SV,HD,AG,SB,TM",persons,Nicolae Milescu,M,1636,1708,medieval,diplomat/writer,RO,,,,,,,,,
sovata,9,9,9,Sovata,"AB,CJ,DJ,GL,SB,BH,TM,AR,IF",place_refs,,,,,,,,,,,,,Sovata,resort,RO,
smaranda braescu,9,7,9,Smaranda Brăescu,"B,GL,BN,CJ,IS,TM,VS",persons,Smaranda Brăescu,F,1897,1948,interwar,aviator,RO,,,,,,,,,
slatina,9,8,9,Slatina,"BC,B,MH,IS,TM,CJ,MS,IF",place_refs,,,,,,,,,,,,,Slatina,ro_city,RO,
slanic,9,9,9,Slănic,"B,IF,AR,BR,BZ,CJ,DJ,MH,GL",place_refs,,,,,,,,,,,,,Slănic,ro_city,RO,
sipote,9,4,9,Șipote,"SV,PH,BC,DB",place_refs,,,,,,,,,,,,,Șipote,ro_village,RO,
secerisului,9,6,9,Secerișului,"B,CL,GR,TM,CT,MS",name_categories,,,,,,,,,,,trade,agriculture,,,,
sarbilor,9,6,9,Sârbilor,"GJ,DJ,OT,TR,DB,IF",name_categories,,,,,,,,,,,commemorative,ethnic,,,,
samuel micu klein,9,7,9,Samuel Micu Klein,"AB,CT,CJ,SV,HD,SB,MS",persons,Samuel Micu Klein,M,1745,1806,premodern,theologian/historian,RO,,,,,,,,,
rozmarin,9,5,9,Rozmarin,"IF,PH,IL,SM,AG",nature_terms,,,,,,,,,Rozmarin,plant,,,,,,
roua,9,6,9,Roua,"PH,TM,CJ,HR,MS,DB",nature_terms,,,,,,,,,Roua,weather,,,,,,
rogozului,9,7,9,Rogozului,"OT,CT,AB,PH,TL,SM,HR",nature_terms,,,,,,,,,Rogozului,plant,,,,,,
remus,9,6,9,Remus,"B,TM,AR,CT,DJ,MH",persons,Remus,M,,,ancient,mythological figure,,,,,,,,,,
rediu,9,5,9,Rediu,"B,SV,VS,BT,IS",place_refs,,,,,,,,,,,,,Rediu,ro_village,RO,
razorului,9,6,9,Răzorului,"IF,DB,AB,CL,TL,VS",nature_terms,,,,,,,,,Răzorului,geography,,,,,,
privighetoarei,9,8,9,Privighetoarei,"AG,OT,VL,TM,DJ,AR,GL,CT",nature_terms,,,,,,,,,Privighetoarei,bird,,,,,,
prepelitei,9,7,9,Prepeliței,"B,TM,CL,AR,BH,SM,IS",nature_terms,,,,,,,,,Prepeliței,bird,,,,,,
poienilor,9,8,9,Poienilor,"AR,SV,VN,IS,HD,SM,PH,DB",nature_terms,,,,,,,,,Poienilor,meadow,,,,,,
poenitei,9,7,9,Poeniței,"NT,GJ,OT,DB,TM,IF,BH",nature_terms,,,,,,,,,Poeniței,meadow,,,,,,
podisului,9,6,9,Podișului,"BC,VS,BV,IS,HR,PH",nature_terms,,,,,,,,,Podișului,geography,,,,,,
plaiesilor,9,5,9,Plaieșilor,"GL,IS,PH,SV,BV",name_categories,,,,,,,,,,,occupational,military,,,,
pietrei,9,8,9,Pietrei,"CJ,DB,BC,NT,OT,BR,BV,MS",nature_terms,,,,,,,,,Pietrei,geography,,,,,,
pasajului,9,7,9,Pasajului,"OT,VN,BN,BZ,CT,AG,IL",name_categories,,,,,,,,,,,infrastructure,transport,,,,
paraul rece,9,6,9,Pârâul Rece,"B,IF,SV,BV,BC,OT",place_refs,,,,,,,,,,,,,Pârâul Rece,resort,RO,
parau,9,7,9,Pârâu,"SV,GJ,IS,PH,VS,HR,BC",nature_terms,,,,,,,,,Pârâu,water,,,,,,
pades,9,8,9,Padeș,"DJ,CT,MH,CS,MS,TM,IF,VL",place_refs,,,,,,,,,,,,,Padeș,ro_village,RO,
otelarilor,9,9,9,Oțelarilor,"BC,MM,CJ,GL,HD,BH,SB,TM,CS",name_categories,,,,,,,,,,,occupational,trade,,,,
orientului,9,8,9,Orientului,"GR,TR,BR,IS,NT,SM,IF,DB",name_categories,,,,,,,,,,,abstract,geographical_direction,,,,
onisifor ghibu,9,7,8,Academician Onisifor Ghibu,"B,AR,CJ,IS,BH,SM,SB",persons,Onisifor Ghibu,M,1883,1972,interwar,pedagog,RO,,,,,,,,,
oltet,9,6,9,Olteț,"GJ,TM,OT,BV,DJ,GL",place_refs,,,,,,,,,,,,,Olteț,river,RO,
olt,9,6,9,Olt,"TM,CT,AB,IS,CJ,OT",place_refs,,,,,,,,,,,,,Olt,river,RO,
olanesti,9,7,9,Olănești,"B,AB,CJ,DJ,GL,VL,IF",place_refs,,,,,,,,,,,,,Olănești,ro_city,RO,
ogoarelor,9,7,9,Ogoarelor,"GJ,CL,IS,TR,NT,VS,PH",nature_terms,,,,,,,,,Ogoarelor,meadow,,,,,,
ocolului,9,8,9,Ocolului,"B,CJ,VL,TL,SV,GJ,NT,IF",name_categories,,,,,,,,,,,infrastructure,administrative,,,,
noptii,9,8,9,Nopții,"B,VL,PH,GL,IF,AB,TL,TM",nature_terms,,,,,,,,,Nopții,sky,,,,,,
nera,9,4,9,Nera,"B,TM,AB,CS",place_refs,,,,,,,,,,,,,Nera,river,RO,
munteni,9,6,9,Munteni,"BC,VN,VL,IS,NT,GL",place_refs,,,,,,,,,,,,,Munteni,ro_village,RO,
muncel,9,8,9,Muncel,"SV,VS,AB,BT,CT,CL,SB,BC",place_refs,,,,,,,,,,,,,Muncel,ro_village,RO,
martisor,9,7,9,Mărțișor,"IF,B,AR,SB,NT,SV,MS",nature_terms,,,,,,,,,Mărțișor,season,,,,,,
macin,9,7,9,Măcin,"IF,TM,BV,BR,GL,TL,PH",place_refs,,,,,,,,,,,,,Măcin,ro_city,RO,
louis pasteur,9,6,9,Dr. Louis Pasteur,"B,TM,AB,CJ,BH,MS",persons,Louis Pasteur,M,1822,1895,premodern,biologist/chemist,FR,,,,,,,,,
levanticai,9,9,9,Levănțicăi,"VS,BR,OT,IL,DJ,AR,BV,CT,IF",nature_terms,,,,,,,,,Levănțică,flower,,,,,,
lazuri,9,5,9,Lazuri,"GJ,MM,SM,SJ,VL",place_refs,,,,,,,,,,,,,Lazuri,ro_village,RO,
laterala,9,4,9,Laterală,"BV,SM,CJ,SV",name_categories,,,,,,,,,,,infrastructure,transport,,,,
lastarisului,9,5,9,Lăstărișului,"PH,B,IF,DB,DJ",nature_terms,,,,,,,,,Lăstăriș,forest,,,,,,
jderului,9,6,9,Jderului,"TM,BR,GL,SJ,NT,BV",nature_terms,,,,,,,,,Jder,animal,,,,,,
ionel perlea,9,7,9,Ionel Perlea,"B,BN,CJ,CT,IL,TM,IF",persons,Ionel Perlea,M,1900,1970,communist,conductor/composer,RO,,,,,,,,,
ion voda,9,7,9,Ion Vodă,"CT,BT,SV,PH,IF,OT,AR",persons,Ion Vodă cel Cumplit,M,1521,1574,medieval,ruler,RO,,,,,,,,,
ion maiorescu,9,3,9,Ion Maiorescu,"PH,B,DJ",persons,Ion Maiorescu,M,1811,1864,1848,politician/philologist,RO,,,,,,,,,
ion irimescu,9,4,9,Ion Irimescu,"SV,IS,BH,TM",persons,Ion Irimescu,M,1903,2005,communist,sculptor,RO,,,,,,,,,
iezerului,9,9,9,Iezerului,"BR,DJ,CT,PH,AB,IL,GL,IF,SV",nature_terms,,,,,,,,,Iezer,water,,,,,,
iezer,9,9,9,Iezer,"IL,MM,TM,BV,CJ,AG,MH,SB,VS",nature_terms,,,,,,,,,Iezer,water,,,,,,
herculane,9,6,9,Herculane,"B,TM,CJ,BH,MH,CS",place_refs,,,,,,,,,,,,,Băile Herculane,resort,RO,
hategului,9,8,9,Hațegului,"B,BV,GL,BH,SB,CJ,SJ,CS",place_refs,,,,,,,,,,,,,Hațeg,region,RO,
grigore ghica,9,9,9,Grigore Ghica,"CT,PH,CL,VS,BT,GL,IS,IF,DB",persons,Grigore Ghica,M,1824,1881,premodern,ruler,RO,,,,,,,,,
graniceri,9,8,9,Grăniceri,"TR,TM,IS,BT,BZ,PH,HD,IL",name_categories,,,,,,,,,,,occupational,military,,,,
granelor,9,7,9,Grânelor,"GL,SV,TM,IL,IF,CL,GJ",name_categories,,,,,,,,,,,trade,agriculture,,,,
ghirlandei,9,7,9,Ghirlandei,"B,GL,IF,TR,TM,NT,OT",name_categories,,,,,,,,,,,abstract,decorative,,,,
george emil palade,9,8,9,George Emil Palade,"AB,BZ,CJ,VS,IS,CT,BH,TM",persons,George Emil Palade,M,1912,2008,communist,biologist,RO,,,,,,,,,
gentianei,9,8,9,Gențianei,"IF,CJ,MH,SB,BV,PH,TM,OT",nature_terms,,,,,,,,,Gențianei,flower,,,,,,
fulgerului,9,7,9,Fulgerului,"B,IF,OT,AR,CT,SV,TL",nature_terms,,,,,,,,,Fulgerului,weather,,,,,,
fratii golesti,9,5,9,Frații Golești,"TR,DJ,PH,AG,OT",persons,Frații Golești,collective,,,1848,politicians,RO,,,,,,,,,
fecioarei,9,7,9,Fecioarei,"BT,B,IF,TM,AR,PH,IS",name_categories,,,,,,,,,,,religious,saints,,,,
fantana rece,9,7,9,Fântâna Rece,"CV,GJ,DB,VL,SB,PH,MM",nature_terms,,,,,,,,,Fântâna Rece,water,,,,,,
facliei,9,7,9,Făcliei,"B,CJ,BH,PH,CV,MM,IF",name_categories,,,,,,,,,,,abstract,symbolic,,,,
dumbravita,9,9,9,Dumbrăvița,"GJ,B,HD,CJ,TM,MM,BT,SJ,VL",place_refs,,,,,,,,,,,,,Dumbrăvița,ro_village,RO,
drumul morii,9,5,9,Drumul Morii,"VL,IF,BC,DJ,GR",name_categories,,,,,,,,,,,infrastructure,industrial,,,,
dimitrie anghel,9,9,9,Dimitrie Anghel,"B,AB,BV,CT,IS,BH,SB,GL,CJ",persons,Dimitrie Anghel,M,1872,1914,premodern,writer,RO,,,,,,,,,
dealul mic,9,6,9,Dealul Mic,"GR,GL,VL,HD,SM,OT",nature_terms,,,,,,,,,Dealul Mic,geography,,,,,,
dealu mare,9,6,9,Dealu Mare,"VL,MM,IS,HD,GJ,PH",nature_terms,,,,,,,,,Dealu Mare,geography,,,,,,
deal,9,8,9,Deal,"IS,GJ,AB,IF,BV,TR,SB,SJ",nature_terms,,,,,,,,,Deal,geography,,,,,,
cumpenei,9,6,9,Cumpenei,"CT,IF,B,IS,AB,OT",nature_terms,,,,,,,,,Cumpenei,geography,,,,,,
cotita,9,5,9,Cotită,"DJ,CJ,IF,TL,AR",nature_terms,,,,,,,,,Cotită,geography,,,,,,
cornet,9,5,9,Cornet,"VL,DB,HD,SV,TM",nature_terms,,,,,,,,,Cornet,geography,,,,,,
constanta,9,7,9,Constanța,"IF,B,TM,AR,CJ,DJ,IL",place_refs,,,,,,,,,,,,,Constanța,ro_city,RO,
colnic,9,4,9,Colnic,"GJ,DB,VL,IF",nature_terms,,,,,,,,,Colnic,geography,,,,,,
cizmarului,9,8,9,Cizmarului,"CL,VS,BC,DJ,IS,BT,OT,DB",name_categories,,,,,,,,,,,occupational,trade,,,,
cismelelor,9,7,9,Cișmelelor,"VS,CT,GJ,MH,OT,BC,TR",name_categories,,,,,,,,,,,infrastructure,public utility,,,,
cintezei,9,8,9,Cintezei,"BR,CJ,BT,TM,MH,IF,GR,VS",nature_terms,,,,,,,,,Cintezei,bird,,,,,,
chisinau,9,6,9,Chișinău,"B,IF,TM,BR,PH,MH",place_refs,,,,,,,,,,,,,Chișinău,city,MD,
centru,9,6,9,Centru,"BC,DB,HR,SV,VN,NT",name_categories,,,,,,,,,,,infrastructure,urban planning,,,,
buzias,9,9,9,Buziaș,"B,TM,AB,AR,CJ,DJ,SB,CS,IF",place_refs,,,,,,,,,,,,,Buziaș,ro_city,RO,
bela bartok,9,5,9,Belá Bartók,"AR,BN,CJ,HD,TM",persons,Béla Bartók,M,1881,1945,interwar,composer,HU,,,,,,,,,
bazei,9,7,9,Bazei,"IL,GJ,IS,IF,BT,SV,TR",name_categories,,,,,,,,,,,infrastructure,military/logistics,,,,
barzava,9,4,9,Bârzava,"B,TM,AR,PH",place_refs,,,,,,,,,,,,,Bârzava,river,RO,
balciului,9,7,9,Bâlciului,"B,VL,TR,DJ,GL,OT,NT",name_categories,,,,,,,,,,,trade,market,,,,
azur,9,8,9,Azur,"AG,TM,AB,AR,CJ,HD,CL,VL",nature_terms,,,,,,,,,Azur,sky,,,,,,
armeneasca,9,7,9,Armenească,"B,DB,IF,CJ,AG,SV,AR",name_categories,,,,,,,,,,,commemorative,ethnic group,,,,
apuseni,9,6,9,Apuseni,"BV,TM,CJ,AB,HD,IF",place_refs,,,,,,,,,,,,,Apuseni,mountain,RO,
antim ivireanu,9,7,8,Antim Ivireanu,"B,CJ,CT,BH,AG,VL,DB",persons,Antim Ivireanu,M,1650,1716,medieval,cleric,RO,,,,,,,,,
albina,9,6,9,Albina,"GJ,BT,AG,AR,TM,IL",nature_terms,,,,,,,,,Albina,animal,,,,,,
alba,9,9,9,Alba,"B,TM,AR,BV,BR,IS,HR,IF,PH",place_refs,,,,,,,,,,,,,Alba,region,RO,
al. i. cuza,9,6,9,Al. I. Cuza,"BC,GL,PH,MH,VS,BV",persons,Alexandru Ioan Cuza,M,1820,1873,1848,politician,RO,,,,,,,,,
agrisului,9,9,9,Agrișului,"AG,CJ,TM,BN,DJ,BV,IF,CL,OT",nature_terms,,,,,,,,,Agrișului,fruit,,,,,,
victoria,8,8,8,Victoria,"AG,IF,TM,CT,BT,HD,BH,AR",name_categories,,,,,,,,,,,abstract,concept,,,,
victor hugo,8,7,8,Victor Hugo,"AB,AR,CJ,NT,BH,SB,TM",persons,Victor Hugo,M,1802,1885,premodern,writer,FR,,,,,,,,,
vesniciei,8,6,8,Veșniciei,"B,DB,IL,CT,OT,BZ",name_categories,,,,,,,,,,,abstract,philosophical,,,,
vega,8,6,8,Vega,"PH,MH,TM,BH,VL,CT",name_categories,,,,,,,,,,,mythology,astronomy,,,,
vasile voiculescu,8,8,8,Vasile Voiculescu,"B,IS,BZ,VS,TM,DB,SJ,IF",persons,Vasile Voiculescu,M,1884,1963,interwar,writer,RO,,,,,,,,,
vamii,8,8,8,Vămii,"BT,VN,HR,BH,SB,CS,SV,TL",name_categories,,,,,,,,,,,institutional,administrative,,,,
valea lunga,8,7,8,Valea Lungă,"IF,B,OT,VS,BV,SB,AR",place_refs,,,,,,,,,,,,,Valea Lungă,ro_village,RO,
tusnad,8,8,8,Tușnad,"B,TM,AR,GL,SB,CS,GJ,MS",place_refs,,,,,,,,,,,,,Tușnad,ro_city,RO,
turzii,8,4,8,Turzii,"AB,CJ,BH,MS",place_refs,,,,,,,,,,,,,Turda,ro_city,RO,
turcului,8,7,8,Turcului,"BR,DB,CL,GR,AG,PH,BV",name_categories,,,,,,,,,,,commemorative,historical,,,,
tudor musatescu,8,7,8,Tudor Mușatescu,"B,CJ,AG,GJ,BZ,CT,IS",persons,Tudor Mușatescu,M,1897,1970,interwar,writer,RO,,,,,,,,,
tuberozei,8,5,8,Tuberozei,"IF,PH,AR,CL,VS",nature_terms,,,,,,,,,Tuberozei,flower,,,,,,
traian lalescu,8,7,8,Traian Lalescu,"CT,DB,DJ,BH,CS,TM,AR",persons,Traian Lalescu,M,1882,1929,interwar,mathematician,RO,,,,,,,,,
tolocii,8,1,8,Tolocii,SV,,,,,,,,,,,,,,,,,
titan,8,7,8,Titan,"B,IF,AR,BV,PH,TM,IS",name_categories,,,,,,,,,,,mythology,ancient,,,,
tipografilor,8,7,8,Tipografilor,"B,TM,IF,BC,AB,SB,SJ",name_categories,,,,,,,,,,,occupational,trade,,,,
tiglariei,8,6,8,Țiglăriei,"AB,CS,DJ,CV,HR,SB",name_categories,,,,,,,,,,,occupational,trade,,,,
terra,8,6,8,Terra,"TM,CJ,BH,BV,DB,MH",name_categories,,,,,,,,,,,abstract,geographical,,,,
teius,8,7,8,Teiuș,"OT,B,BV,CJ,MH,PH,NT",place_refs,,,,,,,,,,,,,Teiuș,ro_city,RO,
tebea,8,8,8,Țebea,"B,AB,MM,BV,CJ,TM,IF,SB",place_refs,,,,,,,,,,,,,Țebea,ro_village,RO,
tazlaului,8,4,8,Tazlăului,"BC,BR,GL,MS",place_refs,,,,,,,,,,,,,Tazlău,river,RO,
tarnita,8,6,8,Tarnița,"B,CJ,AB,AG,MH,SV",nature_terms,,,,,,,,,Tarnița,geography,,,,,,
tamaioarei,8,5,8,Tămâioarei,"IL,B,OT,DJ,VL",nature_terms,,,,,,,,,Tămâioarei,plant,,,,,,
sucevita,8,7,8,Sucevița,"B,IF,TM,AB,VS,CJ,SV",place_refs,,,,,,,,,,,,,Sucevița,ro_monastery,RO,
streiului,8,5,8,Streiului,"AB,AR,CJ,HD,PH",place_refs,,,,,,,,,,,,,Strei,river,RO,
statiunii,8,6,8,Stațiunii,"DJ,VL,SV,OT,GL,BC",name_categories,,,,,,,,,,,infrastructure,institutional,,,,
st. o. iosif,8,6,8,Șt. O. Iosif,"GL,IL,GJ,DJ,AB,VN",persons,Ștefan Octavian Iosif,M,1875,1913,interwar,poet,RO,,,,,,,,,
sporturilor,8,7,8,Sporturilor,"BN,AR,BZ,TM,CV,IL,GJ",name_categories,,,,,,,,,,,abstract,institutional,,,,
soseaua nationala,8,5,8,Șoseaua Națională,"IL,VN,BC,VS,PH",name_categories,,,,,,,,,,,infrastructure,institutional,,,,
smaraldului,8,7,8,Smaraldului,"PH,IF,CJ,CT,NT,SB,CL",nature_terms,,,,,,,,,Smarald,geography,,,,,,
slatinei,8,6,8,Slatinei,"BN,AR,CJ,BH,NT,SV",place_refs,,,,,,,,,,,,,Slatina,ro_city,RO,
sipot,8,7,8,Șipot,"DB,VL,VN,CT,PH,SV,CJ",nature_terms,,,,,,,,,Șipot,water,,,,,,
semenicului,8,7,8,Semenicului,"TM,AR,BV,CJ,BH,PH,CS",place_refs,,,,,,,,,,,,,Semenic,mountain,RO,
selimbar,8,6,8,Șelimbăr,"PH,B,AR,SB,MS,IF",place_refs,,,,,,,,,,,,,Șelimbăr,ro_village,RO,
secerei,8,6,8,Secerei,"B,AR,TM,MS,GL,BH",name_categories,,,,,,,,,,,occupational,trade,,,,
scriitorilor,8,7,8,Scriitorilor,"IF,TR,CJ,SV,SJ,IL,BN",name_categories,,,,,,,,,,,commemorative,institutional,,,,
schelei,8,5,8,Schelei,"BZ,GJ,BC,DB,PH",name_categories,,,,,,,,,,,occupational,trade,,,,
salinei,8,7,8,Salinei,"B,CJ,BC,VL,PH,CT,HR",name_categories,,,,,,,,,,,occupational,trade,,,,
sabin dragoi,8,6,8,Sabin Drăgoi,"AR,CJ,CT,HD,TM,IF",persons,Sabin Drăgoi,M,1894,1968,communist,compozitor,RO,,,,,,,,,
rusca,8,4,8,Rusca,"HD,OT,TR,TM",place_refs,,,,,,,,,,,,,Rusca,mountain,RO,
rotarilor,8,7,8,Rotarilor,"GJ,IS,AR,HD,SB,IF,BC",name_categories,,,,,,,,,,,occupational,trade,,,,
redutei,8,7,8,Redutei,"B,AR,PH,BH,IL,IF,TL",name_categories,,,,,,,,,,,infrastructure,military,,,,
radu voda,8,7,8,Radu Vodă,"IF,B,CL,IS,TM,DB,AR",persons,Radu Vodă (Radu cel Frumos),M,1437,1475,medieval,voivode,RO,,,,,,,,,
rachitilor,8,4,8,Răchiților,"BT,IS,SV,NT",nature_terms,,,,,,,,,Răchiților,tree,,,,,,
pripor,8,5,8,Pripor,"GJ,PH,VL,CJ,OT",nature_terms,,,,,,,,,Pripor,geography,,,,,,
principatele unite,8,8,8,Principatele Unite,"B,VS,DJ,CT,PH,NT,SB,SV",name_categories,,,,,,,,,,,commemorative,historical event,,,,
posta veche,8,5,8,Poșta Veche,"GL,GJ,TR,BT,VS",name_categories,,,,,,,,,,,infrastructure,public service,,,,
porumbului,8,7,8,Porumbului,"TM,AR,CJ,DJ,IS,MS,BC",nature_terms,,,,,,,,,Porumbului,plant,,,,,,
poeziei,8,6,8,Poeziei,"B,MH,TM,MM,IF,IS",name_categories,,,,,,,,,,,abstract,culture,,,,
poenii,8,3,8,Poenii,"OT,IF,DB",nature_terms,,,,,,,,,Poenii,meadow,,,,,,
poduri,8,5,8,Poduri,"VL,PH,MM,BN,SB",name_categories,,,,,,,,,,,infrastructure,transport,,,,
ploiesti,8,4,8,Ploiești,"PH,DB,TM,CJ",place_refs,,,,,,,,,,,,,Ploiești,ro_city,RO,
pitesti,8,6,8,Pitești,"TR,B,OT,TM,CJ,AG",place_refs,,,,,,,,,,,,,Pitești,ro_city,RO,
pintea viteazul,8,3,8,Pintea Viteazul,"PH,MM,CJ",persons,Pintea Viteazul,M,1670,1703,medieval,outlaw/folk hero,RO,,,,,,,,,
pietrosu,8,6,8,Pietrosu,"IS,BN,BV,DJ,MH,BC",nature_terms,,,,,,,,,Pietrosu,mountain,,,,,,
petru musat,8,4,8,Petru Mușat,"CT,SV,PH,NT",persons,Petru I Mușat,M,,1391,medieval,voivode,RO,,,,,,,,,
orsova,8,6,8,Orșova,"B,TM,AR,BR,DJ,IF",place_refs,,,,,,,,,,,,,Orșova,ro_city,RO,
orastie,8,5,8,Orăștie,"IF,B,TM,AR,CJ",place_refs,,,,,,,,,,,,,Orăștie,ro_city,RO,
oitelor,8,7,8,Oițelor,"IF,B,TR,BV,TL,PH,IS",nature_terms,,,,,,,,,Oițelor,animal,,,,,,
nicolae teclu,8,6,8,Nicolae Teclu,"B,BV,CJ,SB,BH,AR",persons,Nicolae Teclu,M,1839,1916,premodern,chemist,RO,,,,,,,,,
negoiului,8,7,8,Negoiului,"BR,CJ,BH,NT,MS,CS,BV",nature_terms,,,,,,,,,Negoiului,mountain_peak,,,,,,
navodari,8,7,8,Năvodari,"B,CT,CL,TM,CJ,DJ,MS",place_refs,,,,,,,,,,,,,Năvodari,ro_city,RO,
nada florilor,8,7,8,Nada Florilor,"B,TR,AB,BR,CT,SV,NT",name_categories,,,,,,,,,,,commemorative,literary,,,,
n. d. cocea,8,8,8,N. D. Cocea,"B,BV,SV,GL,BH,SB,MS,TM",persons,Nicolae D. Cocea,M,1880,1949,interwar,writer/journalist,RO,,,,,,,,,
mr. gheorghe sontu,8,7,8,Mr. Gheorghe Șonțu,"B,CT,DJ,VN,AG,GL,TL",persons,Gheorghe Șonțu,M,1860,1917,interwar,military officer,RO,,,,,,,,,
movilitei,8,8,8,Moviliței,"CT,IF,B,IS,VS,BH,TL,DB",nature_terms,,,,,,,,,Moviliței,geography,,,,,,
mosilor,8,6,8,Moșilor,"B,OT,AR,BN,TR,SM",name_categories,,,,,,,,,,,commemorative,tradition,,,,
moldova,8,6,8,Moldova,"PH,DJ,VN,IF,MM,NT",place_refs,,,,,,,,,,,,,Moldova,region,RO,
miristei,8,8,8,Miriștei,"CT,AR,BT,TM,VL,SV,IF,PH",nature_terms,,,,,,,,,Miriștei,meadow,,,,,,
mioarei,8,7,8,Mioarei,"AG,GR,BC,IF,CL,OT,MH",nature_terms,,,,,,,,,Mioarei,animal,,,,,,
minervei,8,7,8,Minervei,"B,IS,PH,AR,CJ,GL,CT",name_categories,,,,,,,,,,,mythology,roman,,,,
mimozei,8,7,8,Mimozei,"B,IF,AR,MM,BV,BH,DB",nature_terms,,,,,,,,,Mimozei,flower,,,,,,
milcovului,8,7,8,Milcovului,"PH,BH,OT,MS,CT,TR,DB",place_refs,,,,,,,,,,,,,Milcov,river,RO,
mikes kelemen,8,4,8,Mikes Kelemen,"HR,SM,BH,CV",persons,Mikes Kelemen,M,1690,1761,medieval,writer,HU,,,,,,,,,
meteor,8,5,8,Meteor,"CJ,IS,TL,GJ,VN",nature_terms,,,,,,,,,Meteor,sky,,,,,,
meduzei,8,2,8,Meduzei,"CT,TL",name_categories,,,,,,,,,,,mythology,greek,,,,
mecanicilor,8,6,8,Mecanicilor,"B,TR,BV,CJ,SB,BT",name_categories,,,,,,,,,,,occupational,trade,,,,
maxim gorki,8,8,8,Maxim Gorki,"B,BT,IS,IL,SJ,CT,IF,SV",persons,Maxim Gorki,M,1868,1936,interwar,writer,RU,,,,,,,,,
margaritar,8,7,8,Mărgăritar,"AG,CL,TM,AR,DJ,IS,MH",nature_terms,,,,,,,,,Mărgăritar,flower,,,,,,
manesti,8,6,8,Mănești,"VL,DB,DJ,BC,IF,AG",place_refs,,,,,,,,,,,,,Mănești,ro_village,RO,
maghiranului,8,7,8,Maghiranului,"PH,B,BC,TM,BR,DJ,OT",nature_terms,,,,,,,,,Maghiranului,plant,,,,,,
magheru,8,7,8,General Magheru,"VS,OT,CT,PH,BZ,VL,IL",persons,Gheorghe Magheru,M,1802,1880,1848,general,RO,,,,,,,,,
lugojului,8,4,8,Lugojului,"AR,BH,TM,CS",place_refs,,,,,,,,,,,,,Lugoj,ro_city,RO,
luca arbore,8,4,8,Luca Arbore,"VS,IS,PH,SV",persons,Luca Arbore,M,,1523,medieval,boyar,RO,,,,,,,,,
logofat tautu,8,6,8,Logofăt Tăutu,"BC,BT,BR,GL,IS,PH",persons,Ioan Tăutu,M,,1511,medieval,logofăt,RO,,,,,,,,,
lipscani,8,5,8,Lipscani,"OT,B,DJ,TR,PH",name_categories,,,,,,,,,,,trade,merchants,,,,
levantica,8,5,8,Levănțica,"IF,B,PH,TM,IS",nature_terms,,,,,,,,,Levănțica,flower,,,,,,
leonardo da vinci,8,5,8,Leonardo Da Vinci,"TM,CJ,BH,SB,SM",persons,Leonardo da Vinci,M,1452,1519,medieval,polymath,IT,,,,,,,,,
lemnarilor,8,6,8,Lemnarilor,"B,IS,BV,HR,AB,AG",name_categories,,,,,,,,,,,occupational,craftsmen,,,,
lastarului,8,6,8,Lăstarului,"TR,B,OT,IF,AG,PH",nature_terms,,,,,,,,,Lăstarului,plant,,,,,,
lascar catargiu,8,7,8,Lascăr Catargiu,"B,IS,AG,BH,TM,SJ,DB",persons,Lascăr Catargiu,M,1823,1899,premodern,politician,RO,,,,,,,,,
joseni,8,6,8,Joseni,"SM,MM,SB,DB,CJ,AB",place_refs,,,,,,,,,,,,,Joseni,ro_village,RO,
iza,8,4,8,Iza,"TM,MM,SM,BH",place_refs,,,,,,,,,,,,,Iza,river,RO,
irisilor,8,7,8,Irișilor,"CL,GL,BT,IL,SJ,IF,NT",nature_terms,,,,,,,,,Irișilor,flower,,,,,,
ioan suciu,8,3,8,Dr. Ioan Suciu,"AR,SB,BH",persons,Ioan Suciu,M,1907,1953,communist,cleric,RO,,,,,,,,,
industriala,8,4,8,Industrială,"GL,CT,SV,AR",name_categories,,,,,,,,,,,infrastructure,industrial,,,,
ilarie chendi,8,7,8,Ilarie Chendi,"B,AR,CJ,SB,HD,SM,MS",persons,Ilarie Chendi,M,1871,1913,interwar,writer,RO,,,,,,,,,
humariei,8,6,8,Humăriei,"IS,BT,VS,NT,BC,SV",nature_terms,,,,,,,,,Humăriei,geography,,,,,,
gutinului,8,3,8,Gutinului,"MM,CJ,SM",place_refs,,,,,,,,,,,,,Gutin,mountain,RO,
gura vaii,8,8,8,Gura Văii,"B,GR,VL,GJ,TR,DJ,DB,OT",place_refs,,,,,,,,,,,,,Gura Văii,ro_village,RO,
graurului,8,7,8,Graurului,"B,BR,MH,AR,BV,GL,PH",nature_terms,,,,,,,,,Graurului,bird,,,,,,
funicularului,8,4,8,Funicularului,"MM,HD,CS,CJ",name_categories,,,,,,,,,,,infrastructure,transport,,,,
frasinetului,8,5,8,Frăsinetului,"B,GJ,CJ,PH,TR",nature_terms,,,,,,,,,Frăsinet,forest,,,,,,
floreasca,8,7,8,Floreasca,"B,DB,SB,TR,NT,OT,SV",place_refs,,,,,,,,,,,,,Floreasca,ro_village,RO,
flamingo,8,7,8,Flamingo,"IF,TM,CT,HD,TL,MS,MH",nature_terms,,,,,,,,,Flamingo,bird,,,,,,
farului,8,4,8,Farului,"B,CT,GL,TL",name_categories,,,,,,,,,,,infrastructure,maritime,,,,
fantanelor,8,8,8,Fântânelor,"SM,GR,CL,PH,DB,VN,HD,BC",nature_terms,,,,,,,,,Fântâni,water,,,,,,
fagetel,8,8,8,Făgețel,"VL,AB,SV,BZ,MM,BC,DB,GJ",place_refs,,,,,,,,,,,,,Făgețel,ro_village,RO,
eugen ionescu,8,7,8,Eugen Ionescu,"PH,BC,AB,AG,OT,SJ,IF",persons,Eugen Ionescu,M,1909,1994,interwar,playwright,RO,,,,,,,,,
enachita vacarescu,8,7,8,Enăchiță Văcărescu,"TR,BR,BZ,CT,GL,HD,PH",persons,Enăchiță Văcărescu,M,1740,1799,medieval,poet,RO,,,,,,,,,
eclipsei,8,6,8,Eclipsei,"B,VL,IF,CJ,BH,TR",nature_terms,,,,,,,,,Eclipsă,sky,,,,,,
dupa gradini,8,5,8,După Grădini,"DB,SB,CJ,AB,BV",nature_terms,,,,,,,,,Grădini,meadow,,,,,,
dosului,8,6,8,Dosului,"MM,GJ,BC,VL,SB,BN",nature_terms,,,,,,,,,Dos,geography,,,,,,
domnita balasa,8,6,8,Domnița Bălașa,"IF,OT,CT,IL,TL,SJ",persons,Domnița Bălașa,F,1693,1752,medieval,noble,RO,,,,,,,,,
doctorului,8,3,8,Doctorului,"VL,OT,NT",name_categories,,,,,,,,,,,occupational,medical,,,,
dobrogea,8,7,8,Dobrogea,"TM,AR,BV,DJ,AG,MS,IF",place_refs,,,,,,,,,,,,,Dobrogea,region,RO,
diamantului,8,6,8,Diamantului,"PH,IF,CJ,CT,SB,MM",nature_terms,,,,,,,,,Diamant,geography,,,,,,
demnitatii,8,7,8,Demnității,"SV,GJ,B,MH,VL,IF,OT",name_categories,,,,,,,,,,,abstract,values,,,,
dealul morii,8,7,8,Dealul Morii,"VS,OT,SV,BV,GL,DJ,CJ",place_refs,,,,,,,,,,,,,Dealul Morii,ro_village,RO,
de mijloc,8,3,8,De Mijloc,"BV,SB,BC",nature_terms,,,,,,,,,Mijloc,geography,,,,,,
cotesti,8,7,8,Cotești,"B,VN,TM,SV,GL,OT,DB",place_refs,,,,,,,,,,,,,Cotești,ro_village,RO,
cornetului,8,6,8,Cornetului,"TR,B,GJ,VL,OT,SM",nature_terms,,,,,,,,,Cornet,geography,,,,,,
corabiei,8,7,8,Corabiei,"CJ,OT,TR,AR,CT,GL,PH",place_refs,,,,,,,,,,,,,Corabia,ro_city,RO,
constantin prezan,8,8,8,Constantin Prezan,"B,AB,CJ,HD,SB,TM,VS,BC",persons,Constantin Prezan,M,1861,1943,interwar,general,RO,,,,,,,,,
constantin mille,8,8,8,Constantin Mille,"B,SM,CJ,BH,HD,AG,PH,IF",persons,Constantin Mille,M,1861,1927,interwar,journalist/writer,RO,,,,,,,,,
cojocarului,8,7,8,Cojocarului,"SV,IS,CL,DB,VS,TR,VL",name_categories,,,,,,,,,,,occupational,trade,,,,
cimbrisorului,8,6,8,Cimbrișorului,"PH,SV,BR,TM,BT,TL",nature_terms,,,,,,,,,Cimbrișor,plant,,,,,,
chiparosului,8,5,8,Chiparosului,"IF,B,TM,AR,TL",nature_terms,,,,,,,,,Chiparos,tree,,,,,,
cheii,8,7,8,Cheii,"AR,DB,GJ,CJ,HD,SB,BC",nature_terms,,,,,,,,,Chei,geography,,,,,,
ceairului,8,6,8,Ceairului,"GR,B,DB,PH,CT,OT",nature_terms,,,,,,,,,Ceair,meadow,,,,,,
carpatilor,8,6,8,Carpaților,"BV,SM,SB,PH,IF,BN",place_refs,,,,,,,,,,,,,Carpați,mountain,RO,
capul dealului,8,3,8,Capul Dealului,"NT,GJ,VL",nature_terms,,,,,,,,,Capul Dealului,geography,,,,,,
cameliilor,8,7,8,Cameliilor,"CL,CT,DB,TM,VL,GL,IF",nature_terms,,,,,,,,,Camelii,flower,,,,,,
calinesti,8,6,8,Călinești,"B,SV,VL,TR,MH,OT",place_refs,,,,,,,,,,,,,Călinești,ro_village,RO,
busuioc,8,7,8,Busuioc,"VL,NT,AG,AR,IS,TM,DB",nature_terms,,,,,,,,,Busuioc,plant,,,,,,
bujor,8,6,8,Bujor,"BT,AR,VN,IS,CL,GL",nature_terms,,,,,,,,,Bujor,flower,,,,,,
braniste,8,7,8,Braniște,"CJ,SV,DB,VL,GJ,MM,OT",nature_terms,,,,,,,,,Braniște,forest,,,,,,
bran,8,8,8,Bran,"B,AB,SB,PH,GL,TM,GJ,AG",place_refs,,,,,,,,,,,,,Bran,ro_village,RO,
borcea,8,4,8,Borcea,"B,IL,CL,IS",place_refs,,,,,,,,,,,,,Borcea,river,RO,
bobului,8,7,8,Bobului,"SV,OT,B,GJ,BV,GL,PH",nature_terms,,,,,,,,,Bob,plant,,,,,,
bistra,8,7,8,Bistra,"NT,B,TM,CJ,AB,CS,MH",place_refs,,,,,,,,,,,,,Bistra,river,RO,
biserica noua,8,7,8,Biserica Nouă,"GR,DB,BC,AG,BZ,VL,BT",name_categories,,,,,,,,,,,religious,institutional,,,,
barcului,8,6,8,Barcului,"CJ,NT,SV,GJ,SB,BV",nature_terms,,,,,,,,,Barc,water,,,,,,
barbu delavrancea,8,8,8,Barbu Delavrancea,"B,CT,VS,PH,VN,IF,TR,OT",persons,Barbu Delavrancea,M,1858,1918,interwar,writer,RO,,,,,,,,,
banului,8,6,8,Banului,"B,VL,IL,MM,GL,OT",name_categories,,,,,,,,,,,occupational,nobility,,,,
baltagului,8,4,8,Baltagului,"B,NT,TM,IS",name_categories,,,,,,,,,,,abstract,literary,,,,
averescu,8,7,8,Mareșal Averescu,"TR,SV,TM,BZ,VS,SM,CT",persons,Alexandru Averescu,M,1859,1938,interwar,military,RO,,,,,,,,,
astrelor,8,5,8,Astrelor,"IF,MS,BN,CJ,TM",nature_terms,,,,,,,,,Astre,sky,,,,,,
artei,8,8,8,Artei,"IS,PH,TR,GL,MS,DB,GJ,SB",name_categories,,,,,,,,,,,abstract,culture,,,,
ardeal,8,6,8,Ardeal,"TM,VS,DJ,BT,TL,IF",place_refs,,,,,,,,,,,,,Ardeal,region,RO,
antenei,8,8,8,Antenei,"IF,B,BC,IL,MH,TL,OT,NT",name_categories,,,,,,,,,,,infrastructure,telecommunications,,,,
aninoasa,8,6,8,Aninoasa,"VL,AG,B,GJ,OT,BV",place_refs,,,,,,,,,,,,,Aninoasa,ro_village,RO,
amza pellea,8,6,8,Amza Pellea,"B,DJ,CL,OT,IF,TM",persons,Amza Pellea,M,1931,1983,communist,actor,RO,,,,,,,,,
amforei,8,6,8,Amforei,"B,IF,AB,MH,GR,TM",name_categories,,,,,,,,,,,commemorative,archaeology,,,,
agronomiei,8,6,8,Agronomiei,"B,VS,BV,TM,IS,DB",name_categories,,,,,,,,,,,occupational,education,,,,
zorile,7,5,7,Zorile,"CJ,TM,GJ,PH,SB",nature_terms,,,,,,,,,Zori,sky,,,,,,
zmeului,7,7,7,Zmeului,"VL,B,DB,BT,IS,PH,TL",name_categories,,,,,,,,,,,mythology,folklore,,,,
zidari,7,6,7,Zidari,"OT,BR,VS,IS,PH,BZ",name_categories,,,,,,,,,,,occupational,trade,,,,
vultur,7,6,7,Vultur,"VS,GL,SV,HR,BC,NT",nature_terms,,,,,,,,,Vultur,bird,,,,,,
vulpii,7,5,7,Vulpii,"CJ,TM,IF,IS,TR",nature_terms,,,,,,,,,Vulpe,animal,,,,,,
voineasa,7,6,7,Voineasa,"B,DJ,TM,AB,CJ,CT",place_refs,,,,,,,,,,,,,Voineasa,ro_village,RO,
vlaicu voda,7,6,7,Vlaicu Vodă,"B,CL,AG,IS,PH,BR",persons,Vlaicu Vodă,M,,1377,medieval,ruler,RO,,,,,,,,,
vitejilor,7,4,7,Vitejilor,"B,IS,MH,PH",name_categories,,,,,,,,,,,commemorative,heroic,,,,
viisoarei,7,7,7,Viișoarei,"SV,B,BT,GJ,AB,PH,NT",nature_terms,,,,,,,,,Viișoarei,meadow,,,,,,
victor ion popa,7,3,7,Victor Ion Popa,"B,GL,VS",persons,Victor Ion Popa,M,1895,1946,interwar,writer,RO,,,,,,,,,
vaslui,7,7,7,Vaslui,"B,AR,CJ,DJ,SB,PH,IF",place_refs,,,,,,,,,,,,,Vaslui,ro_city,RO,
vasile milea,7,6,7,General Vasile Milea,"GL,CL,AG,PH,AR,DB",persons,Vasile Milea,M,1927,1989,communist,military officer,RO,,,,,,,,,
varlaam,7,7,7,Mitropolit Varlaam,"B,VN,IS,AG,PH,TM,VS",persons,Varlaam Moțoc,M,1580,1657,medieval,cleric,RO,,,,,,,,,
varariei,7,6,7,Vărăriei,"SV,IS,VS,NT,TL,HR",name_categories,,,,,,,,,,,trade,industrial,,,,
ulita mare,7,5,7,Ulița Mare,"MM,CJ,SB,BZ,SM",name_categories,,,,,,,,,,,infrastructure,street,,,,
turnu rosu,7,6,7,Turnu Roșu,"B,TM,CJ,SB,MS,MM",place_refs,,,,,,,,,,,,,Turnu Roșu,ro_village,RO,
tunelului,7,7,7,Tunelului,"CT,GL,HD,PH,MM,BC,CV",name_categories,,,,,,,,,,,infrastructure,transport,,,,
tulcea,7,7,7,Tulcea,"B,BR,CJ,CT,DJ,TM,IF",place_refs,,,,,,,,,,,,,Tulcea,ro_city,RO,
tufanele,7,4,7,Tufănele,"IF,DJ,TR,GJ",nature_terms,,,,,,,,,Tufănele,flower,,,,,,
tigrului,7,5,7,Tigrului,"B,TM,AR,IL,IF",nature_terms,,,,,,,,,Tigrului,animal,,,,,,
tecuciului,7,4,7,Tecuciului,"VS,GL,BC,DJ",place_refs,,,,,,,,,,,,,Tecuci,ro_city,RO,
tarnavelor,7,6,7,Târnavelor,"MM,CJ,BH,NT,AR,SV",place_refs,,,,,,,,,,,,,Târnava,region,RO,
tarnava,7,7,7,Târnava,"B,TM,AB,CT,DJ,IF,HR",place_refs,,,,,,,,,,,,,Târnava,river,RO,
sureanu,7,5,7,Șureanu,"CJ,TM,HD,MH,SB",place_refs,,,,,,,,,,,,,Șureanu,mountain,RO,
stramosilor,7,5,7,Strămoșilor,"GJ,B,IS,BN,OT",name_categories,,,,,,,,,,,commemorative,historical,,,,
stephan ludwig roth,7,5,7,Stephan Ludwig Roth,"B,SB,AB,BV,CJ",persons,Stephan Ludwig Roth,M,1796,1849,1848,politician,DE,,,,,,,,,
stefanita voda,7,5,7,Ștefăniță Vodă,"BT,CT,SV,IS,IF",persons,Ștefăniță Vodă,M,1510,1527,medieval,ruler,RO,,,,,,,,,
stefan procopiu,7,4,7,Ștefan Procopiu,"TM,VS,IS,AR",persons,Ștefan Procopiu,M,1890,1972,interwar,physicist,RO,,,,,,,,,
stefan odobleja,7,6,6,Doctor Ștefan Odobleja,"DJ,CJ,MH,BH,AG,AR",persons,Ștefan Odobleja,M,1902,1978,interwar,physician,RO,,,,,,,,,
stefan augustin doinas,7,4,6,Poet Ștefan Augustin Doinaș,"IS,AR,CJ,BH",persons,Ștefan Augustin Doinaș,M,1922,2002,communist,poet,RO,,,,,,,,,
soveja,7,7,7,Soveja,"B,BR,VS,CT,MH,VN,PH",place_refs,,,,,,,,,,,,,Soveja,ro_village,RO,
soseaua de centura,7,2,7,Șoseaua de Centură,"IF,BR",name_categories,,,,,,,,,,,infrastructure,transport,,,,
slavici ion,7,7,7,Slavici Ion,"CJ,AG,SV,AR,TM,BV,HD",persons,Ioan Slavici,M,1848,1925,premodern,writer,RO,,,,,,,,,
slavici ioan,7,4,7,Slavici Ioan,"SB,SM,AR,VN",persons,Ioan Slavici,M,1848,1925,premodern,writer,RO,,,,,,,,,
sitarului,7,6,7,Sitarului,"TM,AB,BV,PH,TL,IF",nature_terms,,,,,,,,,Sitarului,bird,,,,,,
sibiu,7,4,7,Sibiu,"IF,B,OT,TM",place_refs,,,,,,,,,,,,,Sibiu,ro_city,RO,
severinului,7,4,7,Severinului,"DJ,CS,MH,GJ",place_refs,,,,,,,,,,,,,Drobeta-Turnu Severin,ro_city,RO,
serban cantacuzino,7,6,7,Șerban Cantacuzino,"PH,CL,DJ,CT,VL,IF",persons,Șerban Cantacuzino,M,1634,1688,medieval,ruler,RO,,,,,,,,,
semicercului,7,7,7,Semicercului,"B,DB,SV,GR,BC,GJ,PH",name_categories,,,,,,,,,,,abstract,geometric,,,,
sectiei,7,5,7,Secției,"SM,GJ,VS,OT,DJ",name_categories,,,,,,,,,,,institutional,administrative,,,,
secarei,7,7,7,Secarei,"CT,B,TM,AB,CJ,BH,CL",nature_terms,,,,,,,,,Secarei,plant,,,,,,
sebes,7,4,7,Sebeș,"B,IF,TM,DJ",place_refs,,,,,,,,,,,,,Sebeș,ro_city,RO,
sarmizegetusa,7,5,7,Sarmizegetusa,"AB,BH,HD,TM,CT",place_refs,,,,,,,,,,,,,Sarmizegetusa,ancient_city,RO,
salcioara,7,4,7,Sălcioara,"GR,TR,CL,BT",nature_terms,,,,,,,,,Sălcioara,tree,,,,,,
salaj,7,6,7,Sălaj,"B,TM,AB,PH,IF,MM",place_refs,,,,,,,,,,,,,Sălaj,region,RO,
rozei,7,5,7,Rozei,"PH,BT,HR,TL,BV",nature_terms,,,,,,,,,Rozei,flower,,,,,,
resita,7,7,7,Reșița,"B,TM,BR,GL,SB,MS,IF",place_refs,,,,,,,,,,,,,Reșița,ro_city,RO,
remizei,7,7,7,Remizei,"AG,CL,SV,CT,VL,PH,AR",name_categories,,,,,,,,,,,infrastructure,fire_station,,,,
rascoalei,7,5,7,Răscoalei,"TL,IF,CT,TM,MH",name_categories,,,,,,,,,,,commemorative,historical_event,,,,
racului,7,7,7,Racului,"SV,GJ,TM,BR,TL,CJ,IF",nature_terms,,,,,,,,,Racului,animal,,,,,,
prof.dr. gheorghe marinescu,7,7,7,Prof.dr. Gheorghe Marinescu,"B,BC,BR,CJ,CT,BH,TM",persons,Gheorghe Marinescu,M,1863,1938,interwar,neurologist,RO,,,,,,,,,
prisaca,7,5,7,Prisaca,"VL,VS,SV,GL,BC",nature_terms,,,,,,,,,Prisaca,geography,,,,,,
priporului,7,5,7,Priporului,"NT,B,GJ,PH,VL",nature_terms,,,,,,,,,Priporului,geography,,,,,,
povernei,7,3,7,Povernei,"B,IF,PH",,,,,,,,,,,,,,,,,
ponoare,7,5,7,Ponoare,"GJ,BT,SV,AG,MH",nature_terms,,,,,,,,,Ponoare,geography,,,,,,
pomiculturii,7,6,7,Pomiculturii,"MM,TM,IS,BV,VL,NT",name_categories,,,,,,,,,,,trade,agriculture,,,,
poiana marului,7,5,7,Poiana Mărului,"NT,B,TM,BZ,PH",nature_terms,,,,,,,,,Poiana Mărului,meadow,,,,,,
poenari,7,7,7,Poenari,"B,DB,GJ,OT,VL,GR,AG",place_refs,,,,,,,,,,,,,Poenari,ro_village,RO,
podgoriilor,7,7,7,Podgoriilor,"IL,IS,CT,OT,TL,CS,VN",name_categories,,,,,,,,,,,trade,agriculture,,,,
pluto,7,4,7,Pluto,"TM,CJ,BH,CT",name_categories,,,,,,,,,,,mythology,roman_mythology,,,,
pietrosului,7,4,7,Pietrosului,"MM,SM,BT,IF",nature_terms,,,,,,,,,Pietrosului,mountain_peak,,,,,,
pictorilor,7,7,7,Pictorilor,"IF,TM,VS,NT,MM,BZ,PH",name_categories,,,,,,,,,,,occupational,arts,,,,
petru poni,7,5,7,Petru Poni,"B,IS,AG,PH,SB",persons,Petru Poni,M,1841,1925,interwar,chemist,RO,,,,,,,,,
petrosani,7,7,7,Petroșani,"B,TM,AB,BR,BZ,CL,GL",place_refs,,,,,,,,,,,,,Petroșani,ro_city,RO,
petrolistului,7,6,7,Petrolistului,"BZ,PH,CL,IF,OT,BC",name_categories,,,,,,,,,,,occupational,industry,,,,
petre liciu,7,5,7,Petre Liciu,"B,CT,PH,SV,VN",persons,Petre Liciu,M,1871,1912,interwar,actor,RO,,,,,,,,,
patriotilor,7,6,7,Patrioților,"B,IF,BH,SB,TR,IS",name_categories,,,,,,,,,,,commemorative,ideological,,,,
palanca,7,6,7,Palanca,"B,BT,PH,TM,OT,GR",place_refs,,,,,,,,,,,,,Palanca,ro_village,RO,
ozanei,7,5,7,Ozanei,"BC,BZ,DJ,CT,NT",place_refs,,,,,,,,,,,,,Ozana,river,RO,
ovid densusianu,7,4,7,Ovid Densușianu,"BV,HD,BH,AG",persons,Ovid Densușianu,M,1873,1938,interwar,"linguist, folklorist, literary historian",RO,,,,,,,,,
oierilor,7,5,7,Oierilor,"PH,OT,IL,DJ,VL",name_categories,,,,,,,,,,,occupational,trade,,,,
occidentului,7,4,7,Occidentului,"IF,GR,B,AB",name_categories,,,,,,,,,,,abstract,geopolitical,,,,
notarului,7,6,7,Notarului,"DJ,SV,IF,GL,TR,DB",name_categories,,,,,,,,,,,occupational,trade,,,,
nicopole,7,5,7,Nicopole,"PH,B,BV,BR,IF",place_refs,,,,,,,,,,,,,Nicopole,city,BG,
nectarului,7,7,7,Nectarului,"PH,AG,TM,CJ,DJ,SM,OT",nature_terms,,,,,,,,,Nectarului,flower,,,,,,
neamului,7,6,7,Eroii Neamului,"B,TR,IF,AR,IS,OT",name_categories,,,,,,,,,,,commemorative,ideological,,,,
neamtului,7,6,7,Neamțului,"IF,CL,IS,VL,OT,GJ",place_refs,,,,,,,,,,,,,Neamț,region,RO,
napoca,7,6,7,Napoca,"B,CJ,TM,AB,BV,BZ",place_refs,,,,,,,,,,,,,Napoca,ancient_city,RO,
muncelului,7,4,7,Muncelului,"SV,BN,DJ,CT",nature_terms,,,,,,,,,Muncelului,geography,,,,,,
moreni,7,6,7,Moreni,"DJ,B,BH,PH,SB,IF",place_refs,,,,,,,,,,,,,Moreni,ro_city,RO,
mihail jora,7,6,7,Mihail Jora,"CT,B,AB,NT,TM,AR",persons,Mihail Jora,M,1891,1971,communist,"composer, conductor",RO,,,,,,,,,
micsunelei,7,7,7,Micșunelei,"AG,TR,IF,IL,MH,SV,OT",nature_terms,,,,,,,,,Micșunelei,flower,,,,,,
mesterilor,7,6,7,Meșterilor,"MS,MM,BC,DB,VS,TR",name_categories,,,,,,,,,,,occupational,trade,,,,
mestecanisului,7,6,7,Mestecănișului,"CV,MS,CJ,BR,BH,IF",nature_terms,,,,,,,,,Mestecănișului,forest,,,,,,
menumorut,7,4,7,Menumorut,"BH,CJ,SM,IF",persons,Menumorut,M,,900,medieval,voivode,RO,,,,,,,,,
memorandumului,7,6,7,Memorandumului,"BN,BV,CJ,TM,MS,AB",name_categories,,,,,,,,,,,commemorative,ideological,,,,
marinarilor,7,6,7,Marinarilor,"CT,B,IF,MM,GL,MH",name_categories,,,,,,,,,,,occupational,maritime,,,,
marginei,7,5,7,Marginei,"BV,B,AR,IF,CS",nature_terms,,,,,,,,,Marginei,geography,,,,,,
magaziilor,7,5,7,Magaziilor,"TR,BR,GL,CS,OT",name_categories,,,,,,,,,,,infrastructure,storage,,,,
magaziei,7,5,7,Magaziei,"BT,CL,CJ,IL,OT",name_categories,,,,,,,,,,,infrastructure,storage,,,,
macazului,7,7,7,Macazului,"B,CJ,GL,IS,PH,SB,IF",name_categories,,,,,,,,,,,infrastructure,railway,,,,
m. eminescu,7,7,7,M. Eminescu,"GJ,VN,CT,DJ,MH,CL,OT",persons,Mihai Eminescu,M,1850,1889,premodern,poet,RO,,,,,,,,,
lunca mare,7,5,7,Lunca Mare,"B,HR,GJ,DB,VS",nature_terms,,,,,,,,,Lunca Mare,meadow,,,,,,
lugoj,7,5,7,Lugoj,"B,TM,AB,GL,IF",place_refs,,,,,,,,,,,,,Lugoj,ro_city,RO,
liniei,7,7,7,Liniei,"IL,B,SV,OT,AG,PH,GJ",name_categories,,,,,,,,,,,infrastructure,transport,,,,
linia noua,7,5,7,Linia Nouă,"MH,DB,GJ,OT,VL",name_categories,,,,,,,,,,,infrastructure,transport,,,,
limanului,7,5,7,Limanului,"IF,B,AB,CT,GL",nature_terms,,,,,,,,,Limanului,water,,,,,,
licuricilor,7,7,7,Licuricilor,"CT,BH,MH,PH,CS,IF,OT",nature_terms,,,,,,,,,Licuricilor,animal,,,,,,
lemnarului,7,6,7,Lemnarului,"SV,VS,BC,NT,GL,DB",name_categories,,,,,,,,,,,occupational,craft,,,,
lapusului,7,6,7,Lăpușului,"OT,CJ,AB,MM,BH,SM",place_refs,,,,,,,,,,,,,Lăpuș,river,RO,
labirintului,7,6,7,Labirintului,"AG,OT,IF,TL,CL,DB",name_categories,,,,,,,,,,,abstract,concept,,,,
kiev,7,5,7,Kiev,"TM,CT,BH,SB,IF",place_refs,,,,,,,,,,,,,Kiev,city,UA,
jijiei,7,3,7,Jijiei,"BT,CJ,PH",place_refs,,,,,,,,,,,,,Jijia,river,RO,
iulia hasdeu,7,7,7,Iulia Hașdeu,"IF,PH,B,CT,GL,VS,SB",persons,Iulia Hașdeu,F,1869,1888,premodern,poet,RO,,,,,,,,,
istrate,7,5,7,Dr. Istrate,"IS,CT,PH,BV,DB",persons,Constantin I. Istrate,M,1850,1918,premodern,chemist,RO,,,,,,,,,
ipotesti,7,6,7,Ipotești,"B,DJ,AB,BR,SM,GL",place_refs,,,,,,,,,,,,,Ipotești,ro_village,RO,
denumire necompletata,56,17,56,Denumire necompletata,"AB,AR,CS,DB,HD,CL,MM,MH,MS,NT,PH,SJ,SV,TR,TM,VS,VL",,,,,,,,,,,,,,,,,
i.c. bratianu,43,25,41,Aleea I.C. Brătianu,"AR,AG,BC,BH,BT,BV,BZ,CS,CJ,CT,DJ,GL,IL,CL,IS,IF,MH,NT,OT,PH,SM,SB,TR,VS,VL",persons,Ion C. Brătianu,M,1821,1891,premodern,politician,RO,,,,,,,,,
caragiale ion luca,42,35,42,Caragiale Ion Luca,"AB,AR,AG,BC,BH,BN,BT,BV,BR,BZ,CS,CJ,CT,CV,DB,DJ,GL,GJ,HD,CL,GR,MM,MH,MS,NT,PH,SM,SB,SV,TM,TL,VS,VL,VN,B",persons,Ion Luca Caragiale,M,1852,1912,premodern,scriitor,RO,,,,,,,,,
liliecilor,33,19,33,Aleea Liliecilor,"BC,BT,BZ,CJ,CT,DB,DJ,GL,IS,IL,MH,NT,OT,PH,SV,TM,TL,VS,VL",nature_terms,,,,,,,,,Liliecilor,animal,,,,,,
dragalina,32,19,32,Dragalina,"AB,AR,AG,BT,CJ,CT,DJ,GL,GJ,HD,IL,CL,OT,SJ,SB,TM,TL,VS,VN",persons,Ioan Dragalina,M,1860,1916,interwar,militar,RO,,,,,,,,,
de centura,30,10,29,Bulevardul de Centură,"AB,BR,CT,DJ,GL,IL,GR,IF,TR,B",name_categories,,,,,,,,,,,infrastructure,transport,,,,
ghioceiior,30,18,30,GhioceiIor,"BC,BH,BN,BT,BR,CJ,CT,CV,DB,GL,GR,MS,NT,OT,PH,TM,VL,VN",nature_terms,,,,,,,,,Ghioceilor,flower,,,,,,
tineretii,29,10,29,Fundătura Tinereții,"AB,BT,BR,GL,IS,MH,TM,VS,VN,B",name_categories,,,,,,,,,,,abstract,concept,,,,
principala 1,28,10,28,Principala 1,"BH,BT,GJ,MM,MS,PH,SV,TM,VL,VN",name_categories,,,,,,,,,,,infrastructure,administrative,,,,
c.a. rosetti,27,19,27,Bulevardul C.A. Rosetti,"AB,AR,BC,BH,BR,BZ,CS,CJ,DJ,GL,CL,IS,MM,OT,PH,TR,TL,VS,VN",persons,Constantin A. Rosetti,M,1816,1885,1848,politician,RO,,,,,,,,,
lacrimioarelor,27,14,27,Lăcrimioarelor,"AR,BH,BN,CS,CJ,IF,MM,MH,PH,SM,SJ,TR,TM,VN",nature_terms,,,,,,,,,Lăcrimioarelor,flower,,,,,,
gradini,26,16,25,Fundătura Grădini,"BC,BT,CJ,DB,GL,HR,IS,IF,GR,MH,MS,NT,OT,PH,VS,VN",nature_terms,,,,,,,,,Grădini,geography,,,,,,
pe deal,26,12,26,Pe Deal,"AB,BH,BN,BV,BZ,CJ,DB,GR,MM,SJ,SB,VS",nature_terms,,,,,,,,,Pe Deal,geography,,,,,,
aleea scolii,25,14,25,Aleea Școlii,"BT,CS,CT,DJ,GL,GJ,HD,MM,MH,NT,OT,SM,TR,VN",name_categories,,,,,,,,,,,institutional,education,,,,
bahnei,25,6,25,Bahnei,"BC,BT,IS,MH,NT,SV",nature_terms,,,,,,,,,Bahnei,geography,,,,,,
codrilor,25,12,24,Aleea Codrilor,"AG,BC,BH,BT,CT,IS,DB,NT,PH,SJ,SV,TM",nature_terms,,,,,,,,,Codrilor,forest,,,,,,
secundara,25,17,24,Secundară,"AB,BC,BN,BT,BR,BZ,GL,GJ,IS,MS,OT,PH,SM,SV,TM,VS,VL",name_categories,,,,,,,,,,,infrastructure,administrative,,,,
alexandriei,24,5,14,Aleea Alexandriei,"AG,GR,TR,B,IF",place_refs,,,,,,,,,,,,,Alexandria,ro_city,RO,
biserici,24,16,23,Biserici,"BH,CJ,CT,DB,GJ,HR,IS,MM,MH,NT,OT,PH,SB,TM,VL,VN",name_categories,,,,,,,,,,,religious,cult,,,,
ion ratiu,24,12,22,Aleea Ion Rațiu,"AB,AR,BH,BV,CJ,CT,GR,CL,SB,TM,VS,IF",persons,Ion Rațiu,M,1828,1902,premodern,politician,RO,,,,,,,,,
valea satului,24,15,24,Str. Valea Satului,"AR,BC,BT,CS,DB,DJ,GL,GJ,HD,IS,MM,MH,TL,VS,VL",nature_terms,,,,,,,,,Valea Satului,geography,,,,,,
bobocilor,23,15,23,Bobocilor,"AR,BH,BN,BZ,GJ,CL,MH,NT,OT,PH,SM,TR,VS,VN,IF",nature_terms,,,,,,,,,Bobocilor,flower,,,,,,
boierului,23,13,23,Boierului,"AG,BC,BT,CJ,DJ,GJ,IS,GR,IF,MH,OT,SV,TR",name_categories,,,,,,,,,,,occupational,social_status,,,,
costisei,23,10,23,Costisei,"BC,BN,BT,BZ,IS,NT,SV,TR,VS,VN",nature_terms,,,,,,,,,Costisei,geography,,,,,,
de sus,23,7,22,De Sus,"AB,BV,CJ,CV,MS,SB,SV",nature_terms,,,,,,,,,De Sus,geography,,,,,,
nr. 2,23,11,23,Nr. 2,"AR,BH,BT,BZ,CV,DJ,IL,MH,MS,NT,PH",name_categories,,,,,,,,,,,infrastructure,numbering,,,,
nr. 5,23,10,23,Nr. 5,"AR,BH,BZ,CV,DJ,IL,MH,MS,NT,PH",name_categories,,,,,,,,,,,infrastructure,numbering,,,,
pusta,23,8,23,Pusta,"BH,BN,BV,CJ,MM,SM,SJ,TM",nature_terms,,,,,,,,,Pusta,geography,,,,,,
ratului,23,7,23,Râtului,"AB,BN,CJ,MM,MS,SJ,SB",nature_terms,,,,,,,,,Râtului,meadow,,,,,,
sub padure,23,10,23,Strada Sub Pădure,"BC,BN,BT,CJ,MM,MS,NT,SM,SJ,SV",nature_terms,,,,,,,,,Sub Pădure,forest,,,,,,
tulcei,23,3,18,Prelungirea Tulcei,"BR,CT,TL",place_refs,,,,,,,,,,,,,Tulcea,ro_city,RO,
aleea teilor,22,14,22,Aleea Teilor,"AR,BT,CS,GL,GJ,HR,HD,CL,MM,MH,NT,OT,TR,VS",nature_terms,,,,,,,,,Teilor,tree,,,,,,
alszeg,22,4,22,Alszeg,"BN,CV,HR,SJ",nature_terms,,,,,,,,,Alszeg,geography,,,,,,
felszeg,22,5,22,Felszeg,"CJ,CV,HR,SM,SJ",nature_terms,,,,,,,,,Felszeg,geography,,,,,,
grigorescu,22,16,22,Doctor Grigorescu,"AG,BN,BZ,CT,DJ,HD,GR,MH,MS,NT,OT,PH,SV,TR,VL,VN",persons,Grigorescu,M,,,interwar,medic,RO,,,,,,,,,
mihai,22,14,22,Aleea Regele Mihai,"AR,BN,BV,BZ,DB,DJ,GL,GJ,HR,MM,PH,SM,SV,TR",persons,Mihai I al României,M,1921,2017,interwar,monarch,RO,,,,,,,,,
nr. 1,22,11,22,Nr. 1,"AR,BH,BT,BZ,CV,DJ,IL,MH,MS,NT,PH",name_categories,,,,,,,,,,,infrastructure,numbering,,,,
nr. 3,22,11,22,Nr. 3,"AR,BH,BZ,CV,DJ,IL,MH,MS,NT,PH,SJ",name_categories,,,,,,,,,,,infrastructure,numbering,,,,
nr. 4,22,10,22,Nr. 4,"AR,BH,BZ,CV,DJ,IL,MH,MS,NT,PH",name_categories,,,,,,,,,,,infrastructure,numbering,,,,
petru,22,19,22,Maior Petru,"AB,AR,BH,BN,BT,BV,BR,BZ,CS,CJ,DJ,HD,MM,MS,SM,SB,TM,VS,VN",persons,Petru,M,,,premodern,military,RO,,,,,,,,,
corcodusilor,21,13,21,Corcodusilor,"BC,BT,BZ,CT,DB,GL,GJ,IL,PH,SJ,TR,TM,VL",nature_terms,,,,,,,,,Corcodușilor,tree,,,,,,
sub deal,21,11,21,Strada Sub Deal,"AB,BC,BV,GJ,IS,MM,MS,NT,OT,SB,VL",nature_terms,,,,,,,,,Sub Deal,geography,,,,,,
a.i. cuza,20,10,20,A.I. Cuza,"BC,BH,CT,DJ,GL,MH,OT,PH,VS,VL",persons,Alexandru Ioan Cuza,M,1820,1873,1848,domnitor,RO,,,,,,,,,
agudului,20,6,19,Agudului,"BC,IS,NT,VS,VN,B",nature_terms,,,,,,,,,Agudului,tree,,,,,,
aleea bisericii,20,14,20,Aleea Bisericii,"BT,CS,CT,DB,DJ,GL,GJ,CL,IF,MH,NT,OT,PH,VS",name_categories,,,,,,,,,,,religious,institutional,,,,
aleea trandafirilor,20,16,20,Aleea Trandafirilor,"BN,BT,BR,DJ,GL,GJ,IL,MH,NT,OT,PH,SB,TR,TM,VS,VN",nature_terms,,,,,,,,,Trandafirilor,flower,,,,,,
blaga lucian,20,17,20,Blaga Lucian,"AB,AR,AG,BH,BN,BV,CS,CJ,HD,IS,SM,SJ,SB,SV,TM,VL,B",persons,Lucian Blaga,M,1895,1961,interwar,"poet, filosof",RO,,,,,,,,,
blocurilor,20,14,20,Aleea Blocurilor,"AB,AG,BC,BZ,GJ,HR,IL,IF,MM,MS,NT,SJ,SV,VL",name_categories,,,,,,,,,,,infrastructure,residential,,,,
cimitir,20,14,20,Aleea Cimitir,"AR,BC,CJ,DJ,HR,IS,GR,MH,PH,SM,SJ,SV,TM,VN",name_categories,,,,,,,,,,,institutional,public_service,,,,
ederei,20,13,20,Aleea Ederei,"BC,BT,BV,BR,BZ,DJ,CL,IS,IF,IL,PH,TL,VS",nature_terms,,,,,,,,,Ederei,plant,,,,,,
hotar,20,13,20,Hotar,"AB,BC,BT,BR,CJ,DB,GL,IS,NT,SB,SV,TR,VL",name_categories,,,,,,,,,,,infrastructure,administrative,,,,
nr. 6,20,9,20,Nr. 6,"AR,BH,BZ,CV,DJ,MH,MS,NT,PH",,,,,,,,,,,,,,,,,
poarta tarnii,20,6,20,Poarta Tarnii,"BC,GL,IS,GR,NT,VS",name_categories,,,,,,,,,,,infrastructure,toponymic,,,,
podetului,20,12,20,Podețului,"BC,BR,BZ,CV,DJ,GJ,HR,IL,GR,PH,TR,VN",name_categories,,,,,,,,,,,infrastructure,transport,,,,
roman,20,13,20,Aleea Roman,"AG,BT,CS,CJ,HR,HD,IF,MM,SJ,SB,TR,VN,B",place_refs,,,,,,,,,,,,,Roman,ro_city,RO,
semanatorului,20,5,16,Fundătura Semănătorului,"BR,CT,CL,IS,B",name_categories,,,,,,,,,,,occupational,agriculture,,,,
valea adanca,20,8,16,Aleea Valea Adâncă,"AG,BT,DB,GL,IS,SB,TR,VL",nature_terms,,,,,,,,,Valea Adâncă,geography,,,,,,
1 decembie 1918,19,15,19,1 Decembie 1918,"AB,AR,BN,BV,BR,BZ,CS,CJ,CT,CV,GL,HD,MH,MS,PH",name_categories,,,,,,,,,,,commemorative,historical_event,,,,
bisericii ortodoxe,19,7,19,Bisericii Ortodoxe,"AB,AR,CJ,CV,MS,SM,SB",name_categories,,,,,,,,,,,religious,institutional,,,,
bisericilor,19,12,19,Bisericilor,"AB,BH,BN,BT,BV,BZ,HD,MM,OT,SJ,SB,SV",name_categories,,,,,,,,,,,religious,institutional,,,,
cotului,19,12,19,Cotului,"BC,BT,CJ,DJ,GJ,IL,IS,MH,MS,NT,SM,SV",nature_terms,,,,,,,,,Cotului,geography,,,,,,
dealul viei,19,10,18,Dealul Viei,"BC,BT,BZ,GJ,IS,NT,SV,VS,VL,VN",nature_terms,,,,,,,,,Dealul Viei,geography,,,,,,
ieremia movila,19,10,19,Ieremia Movila,"BC,BT,BV,CT,GL,IS,NT,SV,VS,VN",persons,Ieremia Movilă,M,1555,1606,medieval,voivode,RO,,,,,,,,,
iosif stefan octavian,19,16,19,Iosif Ștefan Octavian,"AR,BH,BN,BV,BR,CJ,CT,GJ,HD,IS,GR,PH,SM,SB,SV,B",persons,Iosif Ștefan Octavian,M,,,interwar,cleric,RO,,,,,,,,,
nr. 8,19,10,19,Nr. 8,"AR,BH,BZ,CV,DJ,MH,MS,NT,PH,SJ",name_categories,,,,,,,,,,,infrastructure,numbering,,,,
oilor,19,11,19,Fundătura Oilor,"BZ,CT,DB,IS,GR,NT,PH,TR,TM,TL,VS",nature_terms,,,,,,,,,Oilor,animal,,,,,,
podis,19,6,18,Podis,"BC,BT,GL,IS,NT,SV",nature_terms,,,,,,,,,Podiș,geography,,,,,,
principala 2,19,12,19,Principala 2,"AB,BH,BT,GJ,MM,MH,MS,SV,TM,TL,VL,VN",name_categories,,,,,,,,,,,infrastructure,numbering,,,,
rachitelor,19,7,19,Răchitelor,"BC,BT,IS,MH,NT,SV,VS",nature_terms,,,,,,,,,Răchitelor,tree,,,,,,
stancii,19,11,19,Intrarea Stâncii,"BC,BH,BV,CT,CV,HR,IS,NT,SV,B,IF",nature_terms,,,,,,,,,Stâncii,geography,,,,,,
stanii,19,15,19,Stanii,"AR,BC,BV,BZ,CJ,CT,GJ,CL,SM,SJ,SV,TR,VS,VN,IF",nature_terms,,,,,,,,,Stânii,geography,,,,,,
urzicii,19,8,17,Aleea Urzicii,"BN,GL,CL,IS,NT,TM,TL,VL",nature_terms,,,,,,,,,Urzicii,plant,,,,,,
viorelei,19,11,19,Aleea Viorelei,"BT,BR,CT,CV,GL,CL,IS,PH,TM,TL,IL",nature_terms,,,,,,,,,Viorelei,flower,,,,,,
aleea florilor,18,12,18,Aleea Florilor,"BC,BT,CS,CJ,CT,DJ,GJ,CL,MH,OT,TL,VS",nature_terms,,,,,,,,,Florilor,flower,,,,,,
balta,18,13,18,Balta,"BC,BZ,DB,GL,IS,GR,MM,MH,NT,SM,SB,SV,VL",nature_terms,,,,,,,,,Balta,water,,,,,,
brancoveanu,18,9,18,Brâncoveanu,"BT,DJ,IL,MH,PH,SB,VN,B,GR",persons,Constantin Brâncoveanu,M,1654,1714,medieval,voivode,RO,,,,,,,,,
comertului,18,12,17,Aleea Comerțului,"AR,CT,DJ,GL,IS,IL,IF,OT,SB,TL,VL,B",name_categories,,,,,,,,,,,trade,economic,,,,
de jos,18,8,18,De Jos,"AB,BV,CJ,CV,MS,SM,SB,SV",nature_terms,,,,,,,,,De Jos,geography,,,,,,
domneasca,18,11,18,Calea Domnească,"AB,BN,BR,BZ,CT,DB,GL,GR,SB,SV,VN",name_categories,,,,,,,,,,,commemorative,historical,,,,
drumul nou,18,12,17,Drumul Nou,"AG,BC,BT,CS,CJ,DJ,HD,NT,OT,SV,VS,VL",name_categories,,,,,,,,,,,infrastructure,transport,,,,
dupa sat,18,8,18,Dupa Sat,"BN,BT,CJ,IS,MM,NT,SJ,VS",nature_terms,,,,,,,,,După Sat,geography,,,,,,
fanus neagu,18,9,17,Fanus Neagu,"BR,BZ,DJ,GL,CL,GR,MH,OT,PH",persons,Fănuș Neagu,M,1932,2011,communist,writer,RO,,,,,,,,,
focsani,18,7,14,Calea Focșani,"BR,BZ,DJ,GL,TM,VN,B",place_refs,,,,,,,,,,,,,Focșani,ro_city,RO,
gherghinei,18,12,18,Gherghinei,"AR,BT,BR,BZ,DB,GJ,IS,IF,MH,TL,VL,VN",nature_terms,,,,,,,,,Gherghinei,fruit,,,,,,
horia closca si crisan,18,10,17,Horia Closca si Crisan,"AR,AG,CT,CV,MH,OT,PH,SB,SV,VL",persons,"Horia, Cloșca și Crișan",collective,,1785,premodern,revolutionaries,RO,,,,,,,,,
malom,18,3,18,Malom,"HR,MS,SM",name_categories,,,,,,,,,,,trade,occupational,,,,
muntenilor,18,10,18,Drumul Muntenilor,"AB,BC,BT,BR,BZ,CJ,DJ,CL,MH,PH",place_refs,,,,,,,,,,,,,Muntenia,region,RO,
nr. 11,18,9,18,Nr. 11,"AR,BH,BZ,CV,DJ,MH,MS,NT,PH",,,,,,,,,,,,,,,,,
nr. 7,18,9,18,Nr. 7,"AR,BH,BZ,CV,DJ,MH,MS,NT,PH",,,,,,,,,,,,,,,,,
oltenilor,18,10,17,Aleea Oltenilor,"BR,CT,DJ,GL,GJ,IL,GR,OT,TR,TL",place_refs,,,,,,,,,,,,,Oltenia,region,RO,
pichetului,18,10,18,Aleea Pichetului,"BT,CT,GL,IS,MH,OT,PH,SV,VS,B",name_categories,,,,,,,,,,,infrastructure,institutional,,,,
scolilor,18,5,18,Aleea Școlilor,"BR,BZ,GL,IS,TL",name_categories,,,,,,,,,,,institutional,education,,,,
sloboziei,18,8,15,Calea Sloboziei,"BT,BR,CL,IL,IS,GR,PH,SV",place_refs,,,,,,,,,,,,,Slobozia,ro_city,RO,
smochinilor,18,8,18,Smochinilor,"BH,CS,CT,DJ,MM,MH,PH,TM",nature_terms,,,,,,,,,Smochinilor,tree,,,,,,
ulita mica,18,12,18,Strada Ulița Mică,"AB,AG,BV,BZ,HD,GR,MS,PH,SJ,SV,TR,VL",name_categories,,,,,,,,,,,infrastructure,abstract,,,,
adunarii,17,7,17,Adunării,"AG,BN,GR,MM,OT,SV,TR",name_categories,,,,,,,,,,,abstract,commemorative,,,,
apicultorului,17,11,17,Apicultorului,"BC,BN,BT,BR,BZ,IS,MS,OT,PH,TR,TL",name_categories,,,,,,,,,,,trade,occupational,,,,
bahna,17,7,17,Bahna,"BT,BZ,IS,MH,NT,SV,VN",nature_terms,,,,,,,,,Bahna,geography,,,,,,
cap,17,11,17,Aleea CAP,"BT,BZ,CT,DB,GJ,SV,TR,TL,VS,VL,VN",name_categories,,,,,,,,,,,institutional,communist,,,,
cartierului,17,9,17,CARTIERULUI,"BN,BR,DB,CL,MM,NT,PH,VS,IF",name_categories,,,,,,,,,,,infrastructure,abstract,,,,
drumul garii,17,9,16,Drumul Gării,"BT,BR,GR,IL,CL,PH,TR,VL,IF",name_categories,,,,,,,,,,,infrastructure,transport,,,,
drumul mare,17,12,17,Drumul Mare,"BC,BZ,DJ,GL,GJ,IF,GR,NT,OT,PH,VS,B",name_categories,,,,,,,,,,,infrastructure,road,,,,
dumbravitei,17,10,17,Dumbrăviței,"AB,BV,GJ,HD,IL,MM,NT,SB,SV,VL",nature_terms,,,,,,,,,Dumbrăvița,geography,,,,,,
falezei,17,7,15,Aleea Falezei,"BN,BZ,CT,GL,CL,MH,TL",nature_terms,,,,,,,,,Faleză,geography,,,,,,
frasin,17,9,17,Aleea Frasin,"BC,BT,DB,HR,IS,NT,SV,VS,VN",nature_terms,,,,,,,,,Frasin,tree,,,,,,
fulger,17,8,14,Fulger,"CT,DJ,GL,GJ,IS,IF,SJ,VN",nature_terms,,,,,,,,,Fulger,weather,,,,,,
hatasului,17,6,17,Hațașului,"BC,BT,IS,NT,TL,VN",name_categories,,,,,,,,,,,infrastructure,road,,,,
ion dragalina,17,15,15,Bulevardul General Ion Dragalina,"AB,AR,BV,CS,GL,GJ,HD,IL,CL,OT,PH,SJ,TM,VL,B",persons,Ion Dragalina,M,1862,1916,interwar,general,RO,,,,,,,,,
ionescu,17,11,17,Căpitan Ionescu,"AG,BZ,DB,IL,IS,IF,MH,NT,SV,TR,VL",,,,,,,,,,,,,,,,,
moinesti,17,5,13,Aleea Moinești,"BC,GL,IF,MS,B",place_refs,,,,,,,,,,,,,Moinești,ro_city,RO,
palmierului,17,12,17,Intrarea Palmierului,"AB,AR,BZ,CT,GR,IF,CL,PH,TR,TM,VL,B",nature_terms,,,,,,,,,Palmier,tree,,,,,,
pesterii,17,9,16,Intrarea Peșterii,"CJ,CT,GJ,HD,MM,MH,NT,SJ,B",nature_terms,,,,,,,,,Peșteră,geography,,,,,,
podisor,17,7,17,Podișor,"BZ,DB,DJ,GJ,IF,PH,VL",nature_terms,,,,,,,,,Podișor,geography,,,,,,
potcovarului,17,12,16,Aleea Potcovarului,"BC,DB,DJ,GL,IS,GR,OT,SV,TR,VS,VL,VN",name_categories,,,,,,,,,,,occupational,trade,,,,
primarului,17,8,16,Primarului,"BZ,DB,DJ,GJ,CL,GR,NT,PH",name_categories,,,,,,,,,,,occupational,institutional,,,,
profesorilor,17,11,17,Aleea Profesorilor,"AG,BN,BZ,GL,IL,NT,PH,SV,TL,VS,B",name_categories,,,,,,,,,,,occupational,education,,,,
radu cel frumos,17,10,17,Radu Cel Frumos,"AG,BT,BZ,DB,GJ,IL,IF,MH,PH,VS",persons,Radu cel Frumos,M,1437,1475,medieval,ruler,RO,,,,,,,,,
siliste,17,6,17,Siliște,"BC,DB,DJ,IS,NT,VS",nature_terms,,,,,,,,,Siliște,geography,,,,,,
templom,17,2,17,Strada Templom,"HR,MS",name_categories,,,,,,,,,,,religious,building,,,,
zambacului,17,4,17,Strada Zambacului,"CT,GR,OT,TR",nature_terms,,,,,,,,,Zambilă,flower,,,,,,
balti,16,11,15,Aleea Bălți,"BC,BT,BR,CJ,GL,IS,SV,TM,TL,VL,IF",place_refs,,,,,,,,,,,,,Bălți,ro_city,MD,
borzesti,16,14,16,Borzești,"BC,BT,BV,BR,CJ,DJ,GL,HD,MS,PH,SJ,VS,VN,B",place_refs,,,,,,,,,,,,,Borzești,ro_village,RO,
brigazii,16,11,16,Brigăzii,"BC,BN,IS,OT,SM,SJ,SB,TR,TM,VS,VL",name_categories,,,,,,,,,,,ideological,communist,,,,
bufetului,16,11,16,Bufetului,"AB,CT,DB,DJ,GL,IF,GR,MM,PH,SJ,TR",name_categories,,,,,,,,,,,infrastructure,institutional,,,,
cactusului,16,12,16,Cactusului,"BT,BZ,DB,CL,IF,IL,GR,TR,TM,VL,VN,B",nature_terms,,,,,,,,,Cactusului,plant,,,,,,
calmatui,16,8,15,Aleea Călmățui,"BR,BZ,DJ,OT,PH,TR,B,IF",place_refs,,,,,,,,,,,,,Călmățui,river,RO,
cireselor,16,9,16,Cireșelor,"BT,CJ,GJ,IF,MM,MH,PH,VS,VN",nature_terms,,,,,,,,,Cireșelor,fruit,,,,,,
comorii,16,9,16,Comorii,"AB,BC,CJ,DB,IS,MS,OT,TR,TM",name_categories,,,,,,,,,,,abstract,commemorative,,,,
dascalului,16,11,16,Dascălului,"BC,BT,BZ,CJ,DB,DJ,GL,NT,VS,B,IF",name_categories,,,,,,,,,,,occupational,trade,,,,
europa,16,8,15,Europa,"AR,CJ,CT,CV,IF,MM,SM,TL",place_refs,,,,,,,,,,,,,Europa,region,,
ghiocel,16,9,16,Ghiocel,"BC,BT,CT,CV,DJ,CL,IF,MM,PH",nature_terms,,,,,,,,,Ghiocel,flower,,,,,,
gradinarului,16,10,16,Grădinarului,"BC,CJ,CT,DB,IL,IS,GR,OT,TL,VS",name_categories,,,,,,,,,,,occupational,trade,,,,
gradinei,16,10,16,Grădinei,"AR,BC,BT,CT,GL,IS,IF,TR,VS,VN",nature_terms,,,,,,,,,Grădinei,geography,,,,,,
hasdeu petriceicu bogdan,16,15,16,Hașdeu Petriceicu Bogdan,"AB,AR,AG,BC,BH,BV,BR,CJ,CT,DJ,MS,PH,SM,SJ,TM",persons,Bogdan Petriceicu Hasdeu,M,1838,1907,premodern,"writer, philologist, historian",RO,,,,,,,,,
lacrimioarei,16,8,16,Lăcrimioarei,"BH,CJ,CT,DJ,MH,MS,SM,TM",nature_terms,,,,,,,,,Lăcrimioarei,flower,,,,,,
legumicultorilor,16,9,16,Legumicultorilor,"BC,BZ,DB,IS,IL,CL,TM,TL,VL",name_categories,,,,,,,,,,,occupational,trade,,,,
matului,16,7,15,Fundătura Matului,"BC,GL,CL,TL,VS,VL,VN",,,,,,,,,,,,,,,,,
mentei,16,10,16,Mentei,"BC,HR,CL,IL,GR,PH,TM,TL,VS,VN",nature_terms,,,,,,,,,Mentei,plant,,,,,,
nr.1,16,10,16,Nr.1,"AR,BH,BR,BZ,CV,GJ,MH,MS,SJ,VS",name_categories,,,,,,,,,,,infrastructure,institutional,,,,
nr.2,16,9,16,Nr.2,"AR,BH,BZ,CV,GJ,MH,MS,SJ,VS",name_categories,,,,,,,,,,,infrastructure,institutional,,,,
pipera,16,8,13,Bulevardul Pipera,"BH,IF,MM,OT,PH,SB,TR,B",place_refs,,,,,,,,,,,,,Pipera,ro_village,RO,
plugari,16,9,14,Plugari,"BC,BT,CT,GL,IS,GR,NT,SV,IF",name_categories,,,,,,,,,,,occupational,trade,,,,
poienei,16,8,16,Poienei,"BC,CT,MH,NT,PH,SV,TR,VS",nature_terms,,,,,,,,,Poienii,meadow,,,,,,
popescu,16,9,15,Caporal Popescu,"BT,BZ,DB,IS,MH,OT,SV,VS,VL",persons,Popescu,collective,,,premodern,nume de familie,RO,,,,,,,,,
rodului,16,10,15,Piața Rodului,"AG,BC,BT,BZ,GL,CL,GR,PH,SM,B",name_categories,,,,,,,,,,,abstract,commemorative,,,,
taului,16,9,16,Str. Tăului,"AB,BN,CJ,HD,MM,MS,SM,SJ,IF",nature_terms,,,,,,,,,Tăului,water,,,,,,
tricolorului,16,8,13,Piața Tricolorului,"AB,BC,BT,DB,GR,MH,VS,B",name_categories,,,,,,,,,,,ideological,commemorative,,,,
afumati,15,9,14,Afumați,"BC,CT,DB,DJ,CL,OT,VL,VN,IF",place_refs,,,,,,,,,,,,,Afumați,ro_village,RO,
arborilor,15,7,15,Arborilor,"BZ,IS,OT,PH,SB,TM,VS",nature_terms,,,,,,,,,Arborilor,tree,,,,,,
arini,15,9,15,Arini,"AB,BT,MM,NT,PH,SM,SJ,SV,VL",nature_terms,,,,,,,,,Arini,tree,,,,,,
armanului,15,11,14,Armanului,"BC,BT,BR,BZ,GL,HR,IL,NT,OT,SV,IF",name_categories,,,,,,,,,,,occupational,trade,,,,
bibliotecii,15,9,14,Aleea Bibliotecii,"BC,BZ,CJ,GJ,MM,MH,OT,TR,VS",name_categories,,,,,,,,,,,institutional,infrastructure,,,,
biserica,15,12,15,Biserica,"BC,BT,CJ,GJ,HR,IS,CL,MM,OT,TM,VS,VL",name_categories,,,,,,,,,,,religious,institutional,,,,
bobocului,15,9,15,Bobocului,"AG,DB,IS,GR,SM,TM,TL,VN,B",nature_terms,,,,,,,,,Bobocului,flower,,,,,,
brosteni,15,9,14,Aleea Broșteni,"AG,BC,BZ,CJ,IS,SB,SV,VL,B",place_refs,,,,,,,,,,,,,Broșteni,ro_village,RO,
bumbacului,15,7,14,Bumbacului,"AR,BH,CL,OT,SV,TM,TL",name_categories,,,,,,,,,,,trade,occupational,,,,
castanelor,15,13,15,Castanelor,"AB,BC,CJ,DJ,GJ,HD,IS,CL,GR,SM,SJ,SV,TM",nature_terms,,,,,,,,,Castanelor,tree,,,,,,
cfr,15,9,13,Aleea CFR,"AR,CT,GR,MH,MS,PH,TR,TM,SM",name_categories,,,,,,,,,,,infrastructure,institutional,,,,
ciusmelei,15,4,13,Aleea Ciușmelei,"BC,GL,IS,VS",name_categories,,,,,,,,,,,infrastructure,institutional,,,,
cocosului,15,10,14,Cocoșului,"AG,CJ,CT,GJ,HD,OT,SV,TR,TM,TL",nature_terms,,,,,,,,,Cocoșului,animal,,,,,,
constantin musat,15,7,14,Caporal Constantin Mușat,"BC,BH,BR,GL,CL,TM,B",persons,Constantin Mușat,M,1890,1917,interwar,soldier,RO,,,,,,,,,
dealul bisericii,15,8,15,Dealul Bisericii,"AG,BC,BT,GL,HR,IF,OT,VN",nature_terms,,,,,,,,,Dealul Bisericii,geography,,,,,,
dupa deal,15,10,15,După Deal,"AB,BN,BT,CJ,GL,HD,IS,MS,SJ,VS",nature_terms,,,,,,,,,După Deal,geography,,,,,,
furnicii,15,10,15,Furnicii,"AR,BC,BH,BT,BR,BZ,GR,PH,TM,B",nature_terms,,,,,,,,,Furnicii,animal,,,,,,
gala galaction,15,7,14,Aleea Gala Galaction,"BH,CJ,CT,GL,MH,TR,B",persons,Gala Galaction,M,1879,1961,interwar,writer,RO,,,,,,,,,
gheorghe sion,15,12,15,Gheorghe Sion,"AB,AR,BC,BV,BZ,CJ,CT,IL,NT,PH,VS,VN",persons,Gheorghe Sion,M,1822,1892,premodern,writer,RO,,,,,,,,,
glodului,15,11,15,Glodului,"BC,CJ,DB,DJ,GR,MS,NT,PH,SJ,TR,VL",nature_terms,,,,,,,,,Glodului,geography,,,,,,
grecilor,15,11,15,Drumul Grecilor,"AB,DJ,GJ,CL,DB,MM,MS,OT,TR,TL,VL",name_categories,,,,,,,,,,,commemorative,ethnic,,,,
i.l.caragiale,15,10,15,I.L.Caragiale,"AR,BV,CT,GL,CL,MM,PH,SV,TR,TM",persons,Ion Luca Caragiale,M,1852,1912,premodern,writer,RO,,,,,,,,,
ion i.c. bratianu,15,12,15,Ion I.C. Brătianu,"AB,AR,BH,CJ,CT,DJ,HD,IS,MH,MS,PH,SM",persons,Ion I.C. Brătianu,M,1864,1927,interwar,politician,RO,,,,,,,,,
marginasilor,15,6,15,Mărginașilor,"BR,BZ,CT,IS,IL,TR",name_categories,,,,,,,,,,,abstract,social,,,,
moldovenilor,15,11,15,Intrarea Moldovenilor,"AG,BR,CL,SV,TR,TL,VS,VL,VN,B,IF",name_categories,,,,,,,,,,,commemorative,regional,,,,
nisipariei,15,4,15,Nisipăriei,"BC,GL,IS,VS",nature_terms,,,,,,,,,Nisipăriei,geography,,,,,,
nr. 10,15,8,15,Nr. 10,"AR,BH,BZ,DJ,MH,MS,NT,PH",,,,,,,,,,,,,,,,,
nr. 12,15,8,15,Nr. 12,"AR,BH,BT,BZ,DJ,MH,MS,PH",,,,,,,,,,,,,,,,,
nr.6,15,9,15,Nr.6,"AR,BH,BZ,CV,GJ,MH,MS,SJ,VS",,,,,,,,,,,,,,,,,
odobesti,15,8,12,Calea Odobești,"BR,CJ,DB,GL,SV,TM,VN,B",place_refs,,,,,,,,,,,,,Odobești,ro_city,RO,
padure,15,9,15,Padure,"BC,BT,CJ,DB,GJ,IS,SM,VS,VN",nature_terms,,,,,,,,,Pădure,forest,,,,,,
poienita,15,10,15,Aleea Poienița,"BC,BT,DB,HD,MM,NT,PH,SV,VL,VN",nature_terms,,,,,,,,,Poienița,meadow,,,,,,
praporgescu,15,12,15,General Praporgescu,"AR,BR,CT,OT,PH,SB,SV,TR,TM,TL,VL,B",persons,David Praporgescu,M,1873,1916,interwar,soldier,RO,,,,,,,,,
principal,15,9,15,Principal,"BH,BT,CJ,HD,IS,MM,MS,OT,VL",name_categories,,,,,,,,,,,infrastructure,generic,,,,
stefan voda,15,7,13,Intrarea Ștefan Vodă,"BC,GL,CL,IS,TR,VN,B",persons,Ștefan cel Mare,M,1433,1504,medieval,domnitor,RO,,,,,,,,,
sub vii,15,6,15,Strada Sub VII,"AB,CJ,MM,SM,SJ,SB",nature_terms,,,,,,,,,Sub Vii,geography,,,,,,
valea viilor,15,8,14,Aleea Valea Viilor,"AB,BN,GJ,HD,IS,MS,TR,B",place_refs,,,,,,,,,,,,,Valea Viilor,ro_village,RO,
veterani,15,6,15,Intrarea Veterani,"CT,MH,NT,PH,TR,TL",name_categories,,,,,,,,,,,commemorative,military,,,,
andrei muresan,14,11,14,Andrei Mureșan,"AG,BC,BH,BT,BV,CJ,DJ,HD,PH,SJ,TM",persons,Andrei Mureșanu,M,1816,1863,1848,poet,RO,,,,,,,,,
argintului,14,10,13,Argintului,"BC,BV,BZ,CJ,GR,NT,PH,SB,VN,B",name_categories,,,,,,,,,,,abstract,precious_metals,,,,
begoniilor,14,9,12,Aleea Begoniilor,"BT,CS,IF,GR,OT,PH,SJ,SV,TR",nature_terms,,,,,,,,,Begoniilor,flower,,,,,,
blocului,14,9,14,Blocului,"AR,BC,BT,CJ,GR,IL,PH,SB,VL",name_categories,,,,,,,,,,,infrastructure,urban,,,,
bucur,14,10,12,Bucur,"CJ,IS,GR,MM,NT,SJ,TR,TL,VN,B",persons,Bucur,M,,,medieval,legendary_figure,RO,,,,,,,,,
budai,14,7,14,Budai,"BC,BT,HR,IS,NT,VS,VN",persons,Ioan Budai-Deleanu,M,1760,1820,premodern,writer,RO,,,,,,,,,
canton,14,9,13,Aleea Canton,"BC,CS,DJ,GJ,IS,NT,OT,VS,VN",name_categories,,,,,,,,,,,infrastructure,railway,,,,
capsunelor,14,9,14,Căpșunelor,"AR,BZ,DB,IS,CL,MH,PH,SV,VN",nature_terms,,,,,,,,,Căpșunelor,fruit,,,,,,
cerului,14,8,14,Cerului,"BC,BZ,GL,IF,CL,NT,PH,TM",nature_terms,,,,,,,,,Cerului,sky,,,,,,
cheia,14,7,12,Cheia,"AR,BV,BZ,IF,PH,VL,B",place_refs,,,,,,,,,,,,,Cheia,ro_village,RO,
ciobanilor,14,10,14,Ciobanilor,"AG,BT,CT,DB,GJ,IL,GR,OT,TR,TM",name_categories,,,,,,,,,,,occupational,agriculture,,,,
ciresari,14,11,13,Aleea Cireșari,"BT,DB,CL,IS,IL,IF,OT,PH,TR,TL,VS",name_categories,,,,,,,,,,,commemorative,literary,,,,
coasta,14,8,12,Coasta,"BN,HD,IS,MM,PH,SV,TR,VL",nature_terms,,,,,,,,,Coasta,geography,,,,,,
colinelor,14,10,14,Colinelor,"AB,BH,BN,BT,CT,GR,MH,TM,TL,VS",nature_terms,,,,,,,,,Colinelor,geography,,,,,,
cornilor,14,9,13,Cornilor,"BT,GR,MM,MH,NT,PH,SM,SJ,IF",nature_terms,,,,,,,,,Cornilor,tree,,,,,,
costache conachi,14,2,14,Costache Conachi,"GL,B",persons,Costache Conachi,M,1777,1849,premodern,"poet, politician",RO,,,,,,,,,
cucilor,14,10,13,Cucilor,"BC,BT,BZ,CJ,GL,DB,MH,NT,OT,TL",nature_terms,,,,,,,,,Cucilor,bird,,,,,,
dobrogeanu gherea constantin,14,14,14,Dobrogeanu Gherea Constantin,"AG,BH,BN,BV,BR,CT,HD,CL,IL,GR,MS,PH,TM,VS",persons,Constantin Dobrogeanu-Gherea,M,1855,1920,interwar,"literary critic, socialist theorist",RO,,,,,,,,,
dogariei,14,5,13,Dogăriei,"BC,CV,GL,TL,VN",name_categories,,,,,,,,,,,occupational,trade,,,,
draganesti,14,10,14,Drăgănești,"BC,DB,IS,GR,OT,PH,TR,VL,B,IF",place_refs,,,,,,,,,,,,,Drăgănești,ro_village,RO,
frizerului,14,7,14,Frizerului,"BN,BT,DJ,GR,IL,CL,TR",name_categories,,,,,,,,,,,occupational,trade,,,,
geamiei,14,2,14,Geamiei,"CT,TL",name_categories,,,,,,,,,,,religious,institutional,,,,
gheorghe duca,14,8,14,Bulevardul Gheorghe Duca,"CT,DJ,CL,IS,IF,MH,VS,B",persons,Gheorghe Duca,M,1847,1899,premodern,"engineer, professor",RO,,,,,,,,,
granicerului,14,6,12,Grănicerului,"BT,CT,GL,IS,SV,TL",name_categories,,,,,,,,,,,occupational,military,,,,
hatas,14,6,14,Hatas,"BC,BT,IS,NT,VS,VN",name_categories,,,,,,,,,,,infrastructure,transport,,,,
imas,14,6,14,Imaș,"BC,BT,IS,SV,VS,VN",nature_terms,,,,,,,,,Imaș,meadow,,,,,,
interioara,14,5,14,INTERIOARA,"CT,CV,HR,IL,TL",name_categories,,,,,,,,,,,infrastructure,abstract,,,,
ion pillat,14,9,13,Ion Pillat,"AR,AG,BT,BR,BZ,GL,IS,VS,B",persons,Ion Pillat,M,1891,1945,interwar,poet,RO,,,,,,,,,
ivanesti,14,9,14,Aleea Ivănești,"AG,CJ,DB,DJ,HD,MS,SM,SV,VL",place_refs,,,,,,,,,,,,,Ivănești,ro_village,RO,
lupilor,14,10,12,Aleea Lupilor,"BN,DJ,GJ,IS,IF,GR,PH,TL,VS,VN",nature_terms,,,,,,,,,Lupilor,animal,,,,,,
maceselor,14,8,14,Măceșelor,"BC,BT,BZ,DJ,GJ,MM,PH,VN",nature_terms,,,,,,,,,Măceșelor,plant,,,,,,
mcdrive,14,14,14,McDrive,"AB,AR,BH,BV,CJ,IS,MH,OT,PH,SM,SJ,SB,TM,VN",,,,,,,,,,,,,,,,,
mecanizatorului,14,6,14,Mecanizatorului,"BT,BR,CT,CL,OT,TL",name_categories,,,,,,,,,,,occupational,trade,,,,
mesteacan,14,9,14,Mesteacăn,"AB,BC,BT,CV,HR,GR,TM,VL,VN",nature_terms,,,,,,,,,Mesteacăn,tree,,,,,,
mesteceni,14,9,14,Mesteceni,"AB,AG,BC,IS,MM,NT,SV,TL,VN",nature_terms,,,,,,,,,Mesteceni,tree,,,,,,
mijlocie,14,11,14,MIJLOCIE,"BV,BZ,CV,GJ,CL,MS,OT,SM,SJ,SV,VN",nature_terms,,,,,,,,,Mijlocie,geography,,,,,,
nr. 13,14,9,14,Nr. 13,"AR,BH,BT,BZ,DJ,MH,MS,NT,PH",name_categories,,,,,,,,,,,infrastructure,numerical,,,,
nr.3,14,8,14,Nr.3,"AR,BH,BZ,CV,MH,MS,SJ,VS",name_categories,,,,,,,,,,,infrastructure,numerical,,,,
nr.4,14,8,14,Nr.4,"AR,BH,BZ,CV,MH,MS,SJ,VS",name_categories,,,,,,,,,,,infrastructure,numerical,,,,
nr.9,14,8,14,Nr.9,"AR,BH,BZ,CV,MH,MS,SJ,VS",name_categories,,,,,,,,,,,infrastructure,numerical,,,,
oltenitei,14,4,11,Olteniței,"IF,CL,GR,B",place_refs,,,,,,,,,,,,,Oltenița,ro_city,RO,
pantelimon,14,8,10,Aleea Pantelimon,"DB,DJ,GJ,IS,MM,VS,B,IF",place_refs,,,,,,,,,,,,,Pantelimon,ro_city,RO,
pietrelor,14,10,14,Pietrelor,"BR,BZ,CT,DB,DJ,IS,GR,NT,PH,VN",nature_terms,,,,,,,,,Pietrelor,geography,,,,,,
ponor,14,8,14,Ponor,"AB,CS,CJ,MM,NT,TM,VL,VN",nature_terms,,,,,,,,,Ponor,geography,,,,,,
ponorului,14,9,13,Ponorului,"BC,BH,CJ,GJ,HD,NT,PH,VL,B",nature_terms,,,,,,,,,Ponorului,geography,,,,,,
prosperitatii,14,6,13,Prosperității,"BC,BZ,CT,DJ,VN,B",name_categories,,,,,,,,,,,abstract,values,,,,
raiului,14,8,14,Aleea Raiului,"AR,CJ,IS,IF,GR,MS,PH,VN",name_categories,,,,,,,,,,,religious,theological,,,,
rotarului,14,8,13,Intrarea Rotarului,"BC,BN,DB,GL,IS,IL,IF,PH",name_categories,,,,,,,,,,,occupational,trade,,,,
ses,14,9,14,Aleea Șes,"BT,BV,CJ,MM,MH,MS,NT,SJ,VL",nature_terms,,,,,,,,,Șes,meadow,,,,,,
slobozia,14,9,12,Intrarea Slobozia,"BT,GL,GJ,CL,IL,IS,OT,TM,B",place_refs,,,,,,,,,,,,,Slobozia,ro_city,RO,
steagului,14,5,13,Steagului,"AR,BT,CT,NT,VL",name_categories,,,,,,,,,,,ideological,symbolic,,,,
stramta,14,10,14,Strada Strâmtă,"AB,BT,BV,CV,HR,IL,SJ,SB,TR,VN",nature_terms,,,,,,,,,Strâmtă,geography,,,,,,
temeto,14,4,14,Strada Temető,"AR,CV,HR,MS",name_categories,,,,,,,,,,,infrastructure,institutional,,,,
trei fantani,14,5,14,Strada Trei Fântâni,"BT,CV,IS,NT,VS",nature_terms,,,,,,,,,Trei Fântâni,water,,,,,,
ulicioara,14,8,14,Drumul Ulicioara,"BZ,CJ,IF,MS,SM,SJ,SV,VL",name_categories,,,,,,,,,,,infrastructure,urban,,,,
vascului,14,10,13,Aleea Vâscului,"BC,BT,CT,CL,IS,IL,GR,MM,PH,TM",nature_terms,,,,,,,,,Vâscului,plant,,,,,,
voinesti,14,6,7,Aleea Voinești,"DJ,IS,IF,OT,TR,TM",place_refs,,,,,,,,,,,,,Voinești,ro_village,RO,
aleea castanilor,13,10,13,Aleea Castanilor,"BT,CT,GJ,CL,IL,MH,OT,PH,VS,DB",nature_terms,,,,,,,,,Castanilor,tree,,,,,,
aleea primaverii,13,11,13,Aleea Primăverii,"AG,BC,BR,CS,DB,GJ,NT,OT,SV,TL,IF",nature_terms,,,,,,,,,Primăverii,season,,,,,,
basarab,13,10,13,Aleea Basarab,"AR,BZ,DJ,GL,IS,IF,MH,SM,VN,B",persons,Basarab I,M,,1352,medieval,domnitor,RO,,,,,,,,,
basarabi,13,5,10,Aleea Basarabi,"CT,DJ,IS,MH,IF",persons,Dinastia Basarabilor,collective,,,medieval,dinastie,RO,,,,,,,,,
bercului,13,6,13,Bercului,"AB,CJ,MH,MS,SJ,VL",nature_terms,,,,,,,,,Bercului,forest,,,,,,
bucura,13,8,11,Aleea Bucura,"BZ,CJ,DJ,HD,MH,TM,VL,VN",place_refs,,,,,,,,,,,,,Bucura,mountain_peak,RO,
coacazului,13,11,13,Coacăzului,"BC,BT,BV,BZ,DJ,IS,CL,NT,OT,PH,TM",nature_terms,,,,,,,,,Coacăzului,fruit,,,,,,
combinatului,13,8,11,Combinatului,"AR,BC,BV,BZ,GL,DB,MS,VN",name_categories,,,,,,,,,,,infrastructure,industrial,,,,
curtii,13,8,13,Curtii,"AR,BC,BT,IS,IF,SJ,SB,SV",name_categories,,,,,,,,,,,infrastructure,administrative,,,,
dulgherului,13,9,12,Dulgherului,"BC,BT,BV,BZ,DB,HR,NT,OT,IF",name_categories,,,,,,,,,,,occupational,trade,,,,
electricienilor,13,10,13,Aleea Electricienilor,"BC,BZ,DJ,IF,GR,NT,OT,SB,TR,B",name_categories,,,,,,,,,,,occupational,trade,,,,
fanetelor,13,8,12,Fânețelor,"BC,BN,BT,CJ,DJ,PH,TR,VS",nature_terms,,,,,,,,,Fânețelor,meadow,,,,,,
fantana mare,13,7,13,Fântâna Mare,"CT,GJ,GR,OT,SJ,VL,B",place_refs,,,,,,,,,,,,,Fântâna Mare,ro_village,RO,
forestierului,13,7,11,Aleea Forestierului,"BC,BN,CV,MM,NT,SV,TL",name_categories,,,,,,,,,,,occupational,trade,,,,
fragutei,13,10,13,Frăguței,"AB,BT,CJ,DB,GR,IF,PH,TM,VS,VN",nature_terms,,,,,,,,,Frăguței,fruit,,,,,,
gazului,13,9,13,Aleea Gazului,"AB,AG,BV,CJ,GJ,MH,MS,SJ,VL",name_categories,,,,,,,,,,,infrastructure,utility,,,,
hunedoarei,13,6,10,Aleea Hunedoarei,"AR,CS,CJ,HD,SJ,SB",place_refs,,,,,,,,,,,,,Hunedoara,ro_city,RO,
ion cantacuzino,13,10,13,Dr. Ion Cantacuzino,"AR,BH,BV,CJ,CT,DJ,GL,HD,MH,VS",persons,Ion Cantacuzino,M,1863,1934,interwar,medic,RO,,,,,,,,,
ion constantin bratianu,13,11,13,Bulevardul Ion Constantin Brătianu,"BH,BV,BR,DJ,IS,IF,PH,SM,SB,SV,B",persons,Ion Constantin Brătianu,M,1821,1891,premodern,politician,RO,,,,,,,,,
ion corvin,13,5,12,Bulevardul Ion Corvin,"CS,CJ,CT,HD,SB",persons,Ion Corvin,M,,,medieval,nobleman,RO,,,,,,,,,
ion gheorghe duca,13,9,13,Ion Gheorghe Duca,"BR,CT,DJ,CL,PH,SB,TL,VS,VL",persons,Ion Gheorghe Duca,M,1879,1933,interwar,politician,RO,,,,,,,,,
la moara,13,9,13,La Moară,"BN,BZ,CJ,HD,MM,NT,PH,SJ,VL",name_categories,,,,,,,,,,,trade,occupational,,,,
margineni,13,9,12,Mărgineni,"BC,GJ,CL,IF,MM,OT,PH,TR,B",place_refs,,,,,,,,,,,,,Mărgineni,ro_village,RO,
marinescu gheorghe,13,13,13,Dr. Marinescu Gheorghe,"AG,BC,BH,BV,BR,CJ,CT,DB,MM,MS,PH,TM,VS",persons,Gheorghe Marinescu,M,1863,1938,interwar,physician,RO,,,,,,,,,
milano,13,9,13,Aleea Milano,"AR,BV,CT,GL,IF,PH,SB,TM,B",place_refs,,,,,,,,,,,,,Milano,city,IT,
nr. 14,13,8,13,Nr. 14,"AR,BZ,DJ,IS,MH,MS,NT,PH",name_categories,,,,,,,,,,,infrastructure,numerical,,,,
nr. 15,13,9,13,Nr. 15,"AR,BZ,DJ,IS,MH,MS,NT,PH,VS",name_categories,,,,,,,,,,,infrastructure,numerical,,,,
nr.10,13,8,13,Nr.10,"AR,BH,BZ,CV,GJ,MH,MS,VS",name_categories,,,,,,,,,,,infrastructure,numerical,,,,
nr.5,13,8,13,Nr.5,"AR,BH,BZ,CV,MH,MS,SJ,VS",name_categories,,,,,,,,,,,infrastructure,numerical,,,,
nr.8,13,9,13,Nr.8,"AR,BH,BZ,CV,MH,MS,NT,SJ,VS",name_categories,,,,,,,,,,,infrastructure,numerical,,,,
odaii,13,5,11,Drumul Odăii,"BC,BT,IS,VN,IF",name_categories,,,,,,,,,,,trade,occupational,,,,
pacurari,13,4,9,Aleea Păcurari,"BC,GL,IS,VS",name_categories,,,,,,,,,,,trade,occupational,,,,
padinei,13,8,12,Fundătura Padinei,"BC,GR,CL,NT,PH,VL,IF,IL",nature_terms,,,,,,,,,Padina,geography,,,,,,
pajistii,13,8,12,PAJISTII,"BZ,CJ,GL,IS,TR,VL,VN,IL",nature_terms,,,,,,,,,Pajiște,meadow,,,,,,
parfumului,13,8,12,Intrarea Parfumului,"IL,GR,IF,CL,OT,PH,TR,B",name_categories,,,,,,,,,,,abstract,aesthetic,,,,
petru aron,13,8,13,Petru Aron,"AB,BT,CT,CL,IF,NT,SB,VS",persons,Petru Aron,M,,1467,medieval,ruler,RO,,,,,,,,,
ramnicu sarat,13,2,8,Aleea Râmnicu Sărat,"BR,B",place_refs,,,,,,,,,,,,,Râmnicu Sărat,ro_city,RO,
ramnicului,13,9,12,Râmnicului,"BC,BT,BR,BZ,GL,NT,SV,VN,B",nature_terms,,,,,,,,,Râmnic,water,,,,,,
romanului,13,7,13,Calea Romanului,"AR,BC,IS,NT,OT,SM,TM",name_categories,,,,,,,,,,,abstract,identity,,,,
saraturii,13,9,13,Strada Sărăturii,"AB,BT,GL,SM,SJ,SB,SV,TL,VL",nature_terms,,,,,,,,,Sărăturii,geography,,,,,,
satului,13,8,12,Satului,"AB,IS,MM,MH,MS,SB,VS,VL",name_categories,,,,,,,,,,,infrastructure,settlement,,,,
scoala,13,7,13,SCOALA,"BC,DB,GJ,IS,MM,VL,VN",name_categories,,,,,,,,,,,institutional,education,,,,
serban voda,13,7,13,Calea Șerban Vodă,"CT,DJ,CL,PH,SB,TL,B",persons,Șerban Cantacuzino,M,1634,1688,medieval,Domnitor,RO,,,,,,,,,
silistea,13,9,11,Aleea Siliștea,"BC,BT,DB,GL,IS,GR,IF,TR,B",nature_terms,,,,,,,,,Siliștea,geography,,,,,,
stanei,13,9,13,STANEI,"BC,CT,IS,NT,PH,SJ,SV,VS,B",name_categories,,,,,,,,,,,trade,pastoral,,,,
stejari,13,8,13,Aleea Stejari,"AG,BC,BT,IS,GR,IF,NT,VS",nature_terms,,,,,,,,,Stejari,tree,,,,,,
surduc,13,7,13,Intrarea Surduc,"CJ,CV,HD,NT,SV,TM,B",place_refs,,,,,,,,,,,,,Surduc,ro_village,RO,
teiusului,13,8,13,Strada Teiușului,"AB,AG,BC,BT,CS,GR,NT,VL",place_refs,,,,,,,,,,,,,Teiuș,ro_city,RO,
trestiana,13,7,12,Aleea Trestiana,"BT,IS,IF,NT,VS,VN,B",nature_terms,,,,,,,,,Trestiana,plant,,,,,,
tufelor,13,9,13,Fundătura Tufelor,"BZ,CT,DB,IF,PH,SM,TL,VN,B",nature_terms,,,,,,,,,Tufelor,plant,,,,,,
umbrei,13,11,13,Aleea Umbrei,"AG,BC,CJ,CT,CV,GL,NT,OT,TM,TL,VN",name_categories,,,,,,,,,,,abstract,poetic,,,,
ursoaia,13,7,13,Strada Ursoaia,"BT,BZ,GJ,IS,SV,VS,VL",place_refs,,,,,,,,,,,,,Ursoaia,ro_village,RO,
varnitei,13,7,13,Strada Varnitei,"AG,BC,BV,GJ,PH,VL,DB",name_categories,,,,,,,,,,,trade,industrial,,,,
vatra satului,13,10,13,Strada Vatra Satului,"AB,BC,BT,MM,NT,SB,SV,TL,VS,VL",name_categories,,,,,,,,,,,infrastructure,settlement,,,,
victor eftimiu,13,9,12,Intrarea Victor Eftimiu,"AR,AG,BR,CJ,CT,GJ,MH,SB,B",persons,Victor Eftimiu,M,1889,1972,interwar,writer,RO,,,,,,,,,
viselor,13,9,13,Strada Viselor,"BC,BT,GL,HD,CL,IF,DB,TR,VN",name_categories,,,,,,,,,,,abstract,poetic,,,,
viticultorilor,13,10,13,Strada Viticultorilor,"BT,CJ,DJ,IS,CL,MS,SM,SB,TM,TL",name_categories,,,,,,,,,,,occupational,agriculture,,,,
aleea marului,12,10,12,Aleea Mărului,"BT,BV,CT,DJ,GJ,MH,OT,TR,TL,VL",nature_terms,,,,,,,,,Mărului,fruit,,,,,,
aleea teiului,12,6,12,Aleea Teiului,"BT,DJ,GJ,MH,OT,TL",nature_terms,,,,,,,,,Tei,tree,,,,,,
alexandria,12,7,11,Alexandria,"AR,CT,DJ,OT,TR,TM,B",place_refs,,,,,,,,,,,,,Alexandria,ro_city,RO,
arcasului,12,6,11,Aleea Arcașului,"BN,CT,GL,IS,PH,SV",name_categories,,,,,,,,,,,occupational,military,,,,
aurelian,12,3,12,AURELIAN,"BV,IL,MH",persons,Aurelian,M,214,275,ancient,Emperor,IT,,,,,,,,,
balanesti,12,7,11,Balanesti,"BC,NT,PH,SV,TR,VL,B",place_refs,,,,,,,,,,,,,Bălănești,ro_village,RO,
basarab i,12,8,12,Basarab I,"AR,BV,GL,CL,IL,IS,OT,VS",persons,Basarab I,M,,1352,medieval,Voivode,RO,,,,,,,,,
bazarului,12,8,12,Aleea Bazarului,"BT,BR,CT,IL,IS,NT,OT,SV",name_categories,,,,,,,,,,,trade,commerce,,,,
berceni,12,5,7,Aleea Berceni,"DJ,IF,PH,SM,B",place_refs,,,,,,,,,,,,,Berceni,ro_village,RO,
biserica sfantul nicolae,12,8,11,Biserica Sfântul Nicolae,"BR,DB,GJ,IS,IL,IF,OT,VL",name_categories,,,,,,,,,,,religious,place_of_worship,,,,
brumarelelor,12,1,9,Aleea Brumărelelor,PH,nature_terms,,,,,,,,,Brumărele,flower,,,,,,
brutarului,12,10,12,Brutarului,"BZ,DB,DJ,OT,PH,SB,SV,TR,VS,VN",name_categories,,,,,,,,,,,occupational,trade,,,,
buda,12,5,11,Buda,"BC,IS,PH,SV,VL",place_refs,,,,,,,,,,,,,Buda,ro_village,RO,
calimani,12,7,12,Calimani,"BC,BN,BV,HR,PH,SJ,SV",place_refs,,,,,,,,,,,,,Călimani,mountain,RO,
calusari,12,6,11,Aleea Călușari,"DJ,IS,OT,PH,TR,TM",name_categories,,,,,,,,,,,commemorative,tradition,,,,
campul cu flori,12,8,11,Aleea Câmpul cu Flori,"AG,BV,CT,IF,GR,NT,TR,B",nature_terms,,,,,,,,,Câmpul cu flori,meadow,,,,,,
canarului,12,5,12,Canarului,"CT,IS,IF,PH,B",nature_terms,,,,,,,,,Canar,bird,,,,,,
carabusului,12,8,12,Cărăbușului,"AB,BH,BR,CJ,CT,IS,TM,B",nature_terms,,,,,,,,,Cărăbuș,animal,,,,,,
carol,12,9,12,Carol,"BT,BZ,CT,GL,CL,IF,MH,PH,VL",persons,Carol I,M,1839,1914,premodern,King,DE,,,,,,,,,
cismea,12,7,12,Cișmea,"BT,DB,GL,GJ,SV,TL,VL",name_categories,,,,,,,,,,,infrastructure,public_utility,,,,
codrii cosminului,12,8,10,Aleea Codrii Cosminului,"AR,AG,BV,IF,PH,SV,TR,B",place_refs,,,,,,,,,,,,,Codrii Cosminului,region,UA,
colnicului,12,10,11,Colnicului,"CS,DB,GJ,HD,IF,MH,OT,SJ,SV,B",nature_terms,,,,,,,,,Colnic,geography,,,,,,
comunala,12,9,11,COMUNALA,"BT,BR,BZ,GL,GJ,OT,SV,VL,VN",name_categories,,,,,,,,,,,infrastructure,administrative,,,,
constantin tanase,12,7,12,Constantin Tănase,"BH,BT,GL,OT,VS,B,IF",persons,Constantin Tănase,M,1880,1945,interwar,actor,RO,,,,,,,,,
coralului,12,8,12,Aleea Coralului,"CJ,CT,DJ,PH,SB,TL,B,IF",nature_terms,,,,,,,,,Coral,geography,,,,,,
covurlui,12,3,12,Covurlui,"GL,PH,TM",place_refs,,,,,,,,,,,,,Covurlui,region,RO,
curmaturii,12,9,12,Curmăturii,"BC,BV,BZ,CS,CJ,GJ,MH,NT,SJ",nature_terms,,,,,,,,,Curmătură,geography,,,,,,
cuza-voda,12,8,10,Cuza-Vodă,"BT,BR,BZ,GL,IS,IF,PH,TR",persons,Alexandru Ioan Cuza,M,1820,1873,1848,politician,RO,,,,,,,,,
dorintei,12,9,12,Dorinței,"AG,BC,IS,IF,CL,NT,TM,VL,VN",name_categories,,,,,,,,,,,abstract,concept,,,,
dorobantului,12,9,12,Dorobanțului,"BC,BT,BZ,CT,GR,NT,PH,SV,TR",name_categories,,,,,,,,,,,commemorative,military,,,,
drumul sondei,12,5,12,Drumul Sondei,"AG,BC,BT,SV,VL",name_categories,,,,,,,,,,,infrastructure,industrial,,,,
dumbraveni,12,9,12,Dumbrăveni,"AB,CT,DJ,GL,GR,PH,SJ,VS,B",place_refs,,,,,,,,,,,,,Dumbrăveni,ro_village,RO,
fantanelelor,12,10,12,Fântânelelor,"BC,CL,MM,MH,NT,OT,PH,SV,TM,VN",nature_terms,,,,,,,,,Fântânele,water,,,,,,
fundata,12,7,11,Aleea Fundata,"BT,BZ,CV,MS,OT,SV,TR",place_refs,,,,,,,,,,,,,Fundata,ro_village,RO,
fundeni,12,7,8,Fundeni,"CL,GR,OT,PH,TR,B,IF",place_refs,,,,,,,,,,,,,Fundeni,ro_village,RO,
ghencea,12,6,8,Aleea Ghencea,"GJ,OT,TR,VS,B,IF",place_refs,,,,,,,,,,,,,Ghencea,ro_village,RO,
giulesti,12,7,10,Calea Giulești,"DB,CL,IS,NT,OT,TR,B",place_refs,,,,,,,,,,,,,Giulești,ro_village,RO,
gospodarului,12,7,12,Gospodarului,"AG,BT,BZ,CT,GJ,MS,OT",name_categories,,,,,,,,,,,occupational,agriculture,,,,
harghita,12,8,12,Harghita,"AB,BV,CJ,DJ,HR,TM,B,IF",place_refs,,,,,,,,,,,,,Harghita,mountain,RO,
hortensiilor,12,8,11,Aleea Hortensiilor,"BH,BT,DB,GL,IL,PH,TR,VS",nature_terms,,,,,,,,,Hortensie,flower,,,,,,
ienuparului,12,8,12,Ienupărului,"AB,CL,NT,PH,SB,TM,B,IF",nature_terms,,,,,,,,,Ienupăr,tree,,,,,,
iii,12,6,11,III,"AB,AR,MS,SB,TM,TL",,,,,,,,,,,,,,,,,
ion voicu,12,6,11,Aleea Ion Voicu,"AR,CT,CL,OT,VS,B",persons,Ion Voicu,M,1923,1997,communist,violonist,RO,,,,,,,,,
laptariei,12,9,12,Lăptăriei,"BT,DB,GL,IL,GR,MS,SB,SV,TR",name_categories,,,,,,,,,,,trade,dairy,,,,
lazar,12,11,12,Lazăr,"BT,DB,HR,IL,GR,MM,MH,MS,PH,SJ,SV",persons,Gheorghe Lazăr,M,1779,1823,premodern,pedagog,RO,,,,,,,,,
leordeni,12,3,8,Drumul Leordeni,"AB,IF,B",place_refs,,,,,,,,,,,,,Leordeni,ro_village,RO,
lilieci,12,9,12,Lilieci,"BC,BZ,GR,NT,OT,PH,TR,VS,VL",nature_terms,,,,,,,,,Lilieci,flower,,,,,,
maidanului,12,8,12,Maidanului,"BC,BR,GL,GR,IF,TR,TL,VL",name_categories,,,,,,,,,,,infrastructure,public space,,,,
malinilor,12,8,12,Aleea Mălinilor,"BT,GL,IS,SM,SV,TR,TM,VN",nature_terms,,,,,,,,,Mălinilor,tree,,,,,,
maria tanase,12,9,12,Aleea Maria Tănase,"BT,DJ,GL,GJ,MH,PH,TM,B,IF",persons,Maria Tănase,F,1913,1963,communist,cântăreață,RO,,,,,,,,,
moara veche,12,10,12,Moara Veche,"BT,BR,BZ,IS,GR,NT,PH,VS,VN,IL",name_categories,,,,,,,,,,,infrastructure,industrial,,,,
mocanilor,12,9,12,Mocanilor,"AB,BC,BV,BZ,CJ,CT,IL,IF,PH",name_categories,,,,,,,,,,,occupational,shepherd,,,,
movila,12,7,12,Drumul Movila,"BC,BT,DB,IS,PH,VS,B",nature_terms,,,,,,,,,Movila,geography,,,,,,
muscel,12,9,11,Aleea Muscel,"BZ,CJ,CT,DB,GL,CL,MH,PH,VL",place_refs,,,,,,,,,,,,,Muscel,region,RO,
nr. 17,12,7,11,Nr. 17,"AR,BZ,DJ,MH,MS,NT,PH",,,,,,,,,,,,,,,,,
nr. 21,12,7,12,Nr. 21,"AR,BZ,DJ,MH,MS,PH,VS",,,,,,,,,,,,,,,,,
nr. 9,12,7,12,Nr. 9,"AR,BH,BZ,DJ,MH,MS,PH",,,,,,,,,,,,,,,,,
nr.7,12,7,12,Nr.7,"AR,BZ,CV,MH,MS,SJ,VS",,,,,,,,,,,,,,,,,
obreja,12,7,12,Obreja,"GJ,HD,IS,MM,MH,SV,TM",place_refs,,,,,,,,,,,,,Obreja,ro_village,RO,
observatorului,12,8,12,Intrarea Observatorului,"CJ,CV,IS,GR,IF,NT,PH,TM",name_categories,,,,,,,,,,,infrastructure,scientific,,,,
pasarilor,12,10,12,Păsărilor,"AB,BC,BH,BT,CJ,CV,HR,IL,IF,GR",nature_terms,,,,,,,,,Păsărilor,bird,,,,,,
paun,12,4,9,Fundătura Păun,"GJ,IS,MH,VN",nature_terms,,,,,,,,,Păun,bird,,,,,,
pietrarilor,12,8,10,Drumul Pietrarilor,"IS,IL,MM,PH,SB,SV,TL,VL",name_categories,,,,,,,,,,,occupational,trade,,,,
pietruita,12,8,12,Pietruită,"AR,BR,CL,NT,PH,SV,TR,TL",name_categories,,,,,,,,,,,infrastructure,infrastructure,,,,
pitigoiului,12,10,12,Intrarea Pițigoiului,"BT,DB,DJ,IL,IF,CL,MS,SV,TM,TL",nature_terms,,,,,,,,,Pițigoi,bird,,,,,,
pompei,12,8,11,Fundătura Pompei,"AR,BC,CT,DB,IS,MH,TR,TL",place_refs,,,,,,,,,,,,,Pompei,ancient_city,IT,
portitei,12,7,12,Aleea Portiței,"BV,CT,GJ,MH,TR,TL,VL",place_refs,,,,,,,,,,,,,Portița,geography,RO,
primaveri,12,10,12,Aleea Primăveri,"AB,AR,AG,GJ,HR,IS,MH,OT,SM,SB",nature_terms,,,,,,,,,Primăvară,season,,,,,,
principala 3,12,7,12,Principală 3,"AB,BH,BT,MM,MS,SV,VL",name_categories,,,,,,,,,,,infrastructure,infrastructure,,,,
prut,12,7,11,Prut,"BT,GL,IS,IF,PH,TM,VS",place_refs,,,,,,,,,,,,,Prut,river,RO,
racovita,12,8,11,Aleea Racoviță,"AG,BC,BR,CS,CJ,TR,TM,VL",persons,Emil Racoviță,M,1868,1947,interwar,biologist/explorer,RO,,,,,,,,,
rascoala din 1907,12,6,10,Intrarea Răscoala din 1907,"CT,MH,TM,VL,VN,IF",name_categories,,,,,,,,,,,commemorative,commemorative,,,,
rediului,12,5,12,Rediului,"BC,BT,GL,NT,VS",nature_terms,,,,,,,,,Rediu,geography,,,,,,
romilor,12,8,12,Romilor,"BH,DB,DJ,IL,MS,SM,SJ,TM",name_categories,,,,,,,,,,,commemorative,commemorative,,,,
salistei,12,7,12,Saliștei,"BT,CS,CJ,IS,MH,OT,SV",place_refs,,,,,,,,,,,,,Săliște,ro_village,RO,
sarbi,12,9,12,Drumul Sîrbi,"BC,CJ,DB,GR,IF,CL,OT,PH,TR",name_categories,,,,,,,,,,,commemorative,commemorative,,,,
sat nou,12,9,12,Sat Nou,"BT,DJ,GJ,IL,MS,NT,TR,VS,VL",place_refs,,,,,,,,,,,,,Sat Nou,ro_village,RO,
satu mare,12,7,12,Aleea Satu Mare,"BC,BZ,PH,SM,TM,VS,IF",place_refs,,,,,,,,,,,,,Satu Mare,ro_city,RO,
seaca,12,6,11,Fundătura Seaca,"BC,MH,OT,PH,VL,VN",nature_terms,,,,,,,,,Seacă,water,,,,,,
slanicului,12,6,11,Calea Slănicului,"BC,BH,BZ,DB,CL,PH",place_refs,,,,,,,,,,,,,Slănic,ro_city,RO,
tarcului,12,5,10,Intrarea Țarcului,"BC,BR,CS,TM,B",place_refs,,,,,,,,,,,,,Țarcu,mountain,RO,
tarinii,12,7,11,Drumul Țarinii,"AR,DB,GJ,GR,MH,TM,VL",nature_terms,,,,,,,,,Țarină,meadow,,,,,,
tarnii,12,7,12,Drumul Țărnii,"BC,IS,GR,NT,SV,VS,VN",nature_terms,,,,,,,,,Țărnă,geography,,,,,,
tatarului,12,8,12,Strada Tătarului,"BR,HR,CL,MM,NT,PH,TL,VN",name_categories,,,,,,,,,,,commemorative,ethnic,,,,
tufisului,12,11,12,Intrarea Tufișului,"BZ,CJ,GJ,IL,MS,NT,PH,SM,VS,B,IF",nature_terms,,,,,,,,,Tufiș,forest,,,,,,
vesela,12,6,12,Strada Vesela,"BT,CS,NT,SB,TM,TL",name_categories,,,,,,,,,,,abstract,quality,,,,
vidra,12,9,11,Strada Vidra,"AB,AR,DJ,GL,GR,IF,CL,VL,B",nature_terms,,,,,,,,,Vidră,animal,,,,,,
vidraru,12,6,11,Aleea Vidraru,"AR,BZ,CJ,SB,TM,B",place_refs,,,,,,,,,,,,,Vidraru,river,RO,
zarzarilor,12,10,12,Aleea Zarzărilor,"AG,BT,BZ,DB,NT,OT,PH,TL,VN,B",nature_terms,,,,,,,,,Zarzăr,fruit,,,,,,
aleea liliacului,11,8,11,Aleea Liliacului,"BT,CS,DJ,MH,NT,OT,PH,VL",nature_terms,,,,,,,,,Liliac,flower,,,,,,
aleea nucilor,11,9,11,Aleea Nucilor,"BT,CT,GL,GJ,IL,IF,MH,OT,VS",nature_terms,,,,,,,,,Nuc,tree,,,,,,
ametistului,11,6,11,Aleea Ametistului,"CJ,CT,IF,PH,SB,B",nature_terms,,,,,,,,,Ametist,geography,,,,,,
amzei,11,8,10,Amzei,"CT,GJ,IS,MH,PH,TM,TL,B",persons,Amza,M,,,medieval,nobility,RO,,,,,,,,,
andrei,11,10,11,Andrei,"BT,BR,BZ,GL,MM,OT,SV,TM,VN,IF",persons,Andrei,M,,,ancient,religious figure,IL,,,,,,,,,
apeductului,11,5,9,Apeductului,"HD,IF,MS,SV,B",name_categories,,,,,,,,,,,infrastructure,utility,,,,
arinis,11,6,11,Aleea Ariniș,"BC,BV,BZ,IS,SV,B",nature_terms,,,,,,,,,Ariniș,forest,,,,,,
bacaniei,11,7,11,Băcăniei,"AR,GL,CL,IL,TR,VN,DB",name_categories,,,,,,,,,,,trade,commerce,,,,
bacau,11,6,9,Aleea Bacău,"BR,GL,GR,TM,B,IF",place_refs,,,,,,,,,,,,,Bacău,ro_city,RO,
belso,11,1,11,Belső,HR,,,,,,,,,,,,,,,,,
brandusa,11,8,10,Aleea Brândușa,"CS,DJ,GJ,IS,MH,SM,TM,VS",nature_terms,,,,,,,,,Brândușă,flower,,,,,,
calmatuiului,11,4,10,Călmățuiului,"BR,BZ,OT,TR",place_refs,,,,,,,,,,,,,Călmățui,river,RO,
cap-ului,11,5,11,CAP-ului,"BC,BZ,GR,PH,TR",name_categories,,,,,,,,,,,institutional,agricultural,,,,
carutasilor,11,8,11,Căruțașilor,"BT,BR,CJ,DJ,PH,SV,TL,B",name_categories,,,,,,,,,,,occupational,trade,,,,
centrului,11,9,11,Centrului,"AB,BT,BR,GJ,CL,MM,OT,PH,VL",name_categories,,,,,,,,,,,infrastructure,urban,,,,
cetatuiei,11,7,11,Cetățuiei,"BC,DJ,GL,CL,NT,PH,VN",name_categories,,,,,,,,,,,infrastructure,fortification,,,,
cezar,11,5,11,Cezar,"AR,GL,MH,TM,TL",persons,Gaius Julius Caesar,M,-100,-44,ancient,statesman/general,IT,,,,,,,,,
chilia,11,6,11,Chilia,"IS,OT,PH,SV,TM,VL",place_refs,,,,,,,,,,,,,Chilia,ro_city,RO,
ciucului,11,6,11,Aleea Ciucului,"BH,CV,MS,PH,TM,B",place_refs,,,,,,,,,,,,,Ciuc,region,RO,
clopotari,11,5,9,Clopotari,"IL,IS,GR,NT,PH",name_categories,,,,,,,,,,,occupational,religious,,,,
clopotnitei,11,7,11,Clopotniței,"BC,BN,HR,CL,MS,OT,VS",name_categories,,,,,,,,,,,religious,infrastructure,,,,
clopotului,11,8,11,Clopotului,"AR,BC,BT,CT,IS,MH,TM,B",name_categories,,,,,,,,,,,religious,abstract,,,,
colonistilor,11,5,11,Colonistilor,"AR,CT,IL,TM,TL",name_categories,,,,,,,,,,,commemorative,historical,,,,
comanesti,11,8,11,Comănești,"AB,BT,NT,OT,TR,TM,VL,B",place_refs,,,,,,,,,,,,,Comănești,ro_city,RO,
constelatiei,11,5,11,Aleea Constelației,"BV,SM,TM,B,IF",nature_terms,,,,,,,,,Constelației,sky,,,,,,
copilariei,11,7,10,Copilăriei,"BT,CJ,IF,MH,PH,TL,VS",name_categories,,,,,,,,,,,abstract,concept,,,,
craciunitei,11,8,11,Crăciuniței,"BR,GR,MM,MH,PH,TR,TM,VS",nature_terms,,,,,,,,,Crăciuniței,flower,,,,,,
crengutei,11,5,9,Crenguței,"BR,BZ,IF,SV,B",nature_terms,,,,,,,,,Crenguței,tree,,,,,,
cumpana,11,6,11,Cumpăna,"BC,BT,IL,OT,VS,VL",name_categories,,,,,,,,,,,abstract,geography,,,,
dejului,11,6,11,Dejului,"BH,BN,CJ,VS,VL,VN",place_refs,,,,,,,,,,,,,Dej,ro_city,RO,
delavrancea barbu stefanescu,11,10,11,Delavrancea Barbu Ștefănescu,"BH,BN,BR,CT,HD,IS,MM,MS,SM,TM",persons,Barbu Ștefănescu Delavrancea,M,1858,1918,premodern,writer/politician,RO,,,,,,,,,
demostene botez,11,7,11,DEMOSTENE BOTEZ,"BH,BT,CT,GL,CL,IS,SV",persons,Demostene Botez,M,1893,1973,interwar,writer,RO,,,,,,,,,
derdelusului,11,6,10,Derdelușului,"BT,CT,IL,TL,VS,VN",nature_terms,,,,,,,,,Derdeluș,geography,,,,,,
despot voda,11,7,10,Despot Vodă,"AG,CT,DJ,IS,IF,CL,B",persons,Ioan Iacob Heraclid (Despot Vodă),M,1511,1563,medieval,ruler,RO,,,,,,,,,
drumul viilor,11,9,11,Drumul Viilor,"BC,DJ,GL,IS,IL,GR,OT,PH,IF",name_categories,,,,,,,,,,,trade,agriculture,,,,
eforie,11,7,10,Eforie,"IL,OT,PH,SB,TM,VN,IF",name_categories,,,,,,,,,,,institutional,public_administration,,,,
fanate,11,5,11,Fânațe,"AB,CJ,MM,MS,VL",nature_terms,,,,,,,,,Fânațe,meadow,,,,,,
fantani,11,10,11,Aleea Fântâni,"BC,CT,DJ,MH,SJ,SV,TM,VS,VL,VN",nature_terms,,,,,,,,,Fântâni,water,,,,,,
forajului,11,6,10,Forajului,"AG,BH,BR,BZ,GJ,PH",name_categories,,,,,,,,,,,trade,industry,,,,
fortuna,11,8,11,Aleea Fortuna,"AB,AR,BT,CV,CL,IF,MS,TL",name_categories,,,,,,,,,,,mythology,roman_deity,,,,
franceza,11,8,11,Aleea Franceză,"BR,BZ,IS,CL,PH,SB,TM,B",place_refs,,,,,,,,,,,,,Franța,region,FR,
frumusica,11,5,10,Aleea Frumușica,"DJ,IS,NT,TL,VL",nature_terms,,,,,,,,,Frumușica,geography,,,,,,
gemenilor,11,8,10,Gemenilor,"AB,BC,CT,DJ,IF,GR,SV,TR",name_categories,,,,,,,,,,,mythology,astrology,,,,
gheorghe petrascu,11,7,11,Gheorghe Petrașcu,"AB,DB,GL,CL,TM,VN,B",persons,Gheorghe Petrașcu,M,1872,1949,interwar,painter,RO,,,,,,,,,
gheorghe sontu,11,8,10,Fundătura Maior Gheorghe Șonțu,"AG,CT,DJ,GL,PH,TL,VN,B",persons,Gheorghe Șonțu,M,1859,1877,premodern,military officer,RO,,,,,,,,,
ghica voda,11,8,11,Ghica Vodă,"AR,GL,IS,PH,SV,TR,VS,VN",persons,Grigore al III-lea Ghica,M,1724,1777,premodern,ruler,RO,,,,,,,,,
gradistei,11,7,11,Gradiștei,"AG,BR,DJ,HD,CL,PH,TL",nature_terms,,,,,,,,,Grădiște,geography,,,,,,
hambarului,11,6,11,Hambarului,"BC,NT,SV,TL,B,IF",name_categories,,,,,,,,,,,trade,agriculture,,,,
iasului,11,5,11,Iașului,"BT,BV,IS,PH,SJ",place_refs,,,,,,,,,,,,,Iași,ro_city,RO,
ionescu de la brad ion,11,10,11,Ionescu de la Brad Ion,"AG,BC,BR,CJ,CT,GL,IS,NT,TM,B",persons,Ion Ionescu de la Brad,M,1818,1891,premodern,agronomist,RO,,,,,,,,,
italiana,11,5,9,Intrarea Italiană,"BH,IS,PH,TL,B",place_refs,,,,,,,,,,,,,Italia,region,IT,
jandarmeriei,11,8,11,Jandarmeriei,"AR,DJ,HD,IL,CL,IF,MM,B",name_categories,,,,,,,,,,,institutional,military,,,,
larga,11,10,11,Larga,"BT,BV,BR,CJ,CL,SB,SV,TR,TL,VS",nature_terms,,,,,,,,,Largă,geography,,,,,,
lautarului,11,6,10,Lăutarului,"GR,OT,SV,TR,TL,VL",name_categories,,,,,,,,,,,occupational,trade,,,,
leonard mociulschi,11,6,11,General Leonard Mociulschi,"BH,BT,CT,CL,SV,TM",persons,Leonard Mociulschi,M,1889,1979,interwar,general,RO,,,,,,,,,
linie,11,5,11,Linie,"DB,GJ,SV,VL,VN",name_categories,,,,,,,,,,,infrastructure,transport,,,,
livada,11,10,11,Livada,"AB,BH,BN,BT,CJ,IS,SM,SV,TR,TL",nature_terms,,,,,,,,,Livadă,geography,,,,,,
mangaliei,11,3,8,Intrarea Mangaliei,"BH,CT,DJ",place_refs,,,,,,,,,,,,,Mangalia,ro_city,RO,
margaritarilor,11,7,10,Aleea Mărgăritarilor,"BZ,CS,CJ,CT,DB,PH,TM",nature_terms,,,,,,,,,Mărgăritar,flower,,,,,,
micsunele,11,8,10,Micșunele,"AG,BT,DJ,CL,IF,MH,PH,B",nature_terms,,,,,,,,,Micșunele,flower,,,,,,
minelor,11,5,9,Minelor,"MM,MH,PH,SV,TL",name_categories,,,,,,,,,,,occupational,trade,,,,
moraresti,11,8,11,Moraresti,"AG,BC,DB,DJ,NT,OT,SB,SV",place_refs,,,,,,,,,,,,,Morărești,ro_village,RO,
motoc,11,5,10,Motoc,"DB,IS,IF,VL,B",place_refs,,,,,,,,,,,,,Motoc,ro_village,RO,
muchiei,11,7,11,Muchiei,"BT,BZ,DB,IS,IL,NT,VN",nature_terms,,,,,,,,,Muchie,geography,,,,,,
nalbelor,11,5,10,Aleea Nalbelor,"CS,CT,DB,PH,TL",nature_terms,,,,,,,,,Nalbă,flower,,,,,,
neajlovului,11,4,10,Intrarea Neajlovului,"GR,PH,TM,B",place_refs,,,,,,,,,,,,,Neajlov,river,RO,
negreni,11,8,11,Negreni,"BT,CJ,GJ,OT,SM,SV,TR,VL",place_refs,,,,,,,,,,,,,Negreni,ro_village,RO,
nicolae golescu,11,7,11,Nicolae Golescu,"AB,AR,CL,PH,SM,VS,B",persons,Nicolae Golescu,M,1810,1877,1848,politician,RO,,,,,,,,,
nr. 16,11,8,11,Nr. 16,"AR,BZ,DJ,IS,MH,MS,NT,PH",,,,,,,,,,,,,,,,,
olteanu,11,8,11,Olteanu,"AG,BZ,DB,GJ,MH,OT,VL,B",name_categories,,,,,,,,,,,commemorative,regional,,,,
onesti,11,6,10,Calea Onești,"BC,CT,MS,SV,VS,VN",place_refs,,,,,,,,,,,,,Onești,ro_city,RO,
ostasilor,11,8,11,Aleea Ostașilor,"AB,BT,BZ,CJ,DJ,MH,PH,B",name_categories,,,,,,,,,,,commemorative,military,,,,
pascani,11,6,9,Aleea Pașcani,"AR,BV,DJ,TM,B,IF",place_refs,,,,,,,,,,,,,Pașcani,ro_city,RO,
paunesti,11,9,11,Păunești,"AG,DJ,MH,PH,VS,VL,VN,B,IF",place_refs,,,,,,,,,,,,,Păunești,ro_village,RO,
pe parau,11,8,11,Pe Părău,"AB,BV,CJ,HD,MM,MS,SJ,SB",nature_terms,,,,,,,,,Pe Părău,water,,,,,,
perisor,11,8,11,Perisor,"BC,BT,BZ,HD,NT,SJ,TL,VN",place_refs,,,,,,,,,,,,,Perișor,ro_village,RO,
pietrariei,11,8,10,Pietrăriei,"BT,BZ,IS,IF,GR,PH,SV,VS",name_categories,,,,,,,,,,,occupational,trade,,,,
plopi,11,7,10,Plopi,"BT,GL,GJ,IS,SJ,SV,VN",nature_terms,,,,,,,,,Plopi,tree,,,,,,
plugarului,11,7,10,Plugarului,"AB,IS,NT,OT,SJ,VS,IF",name_categories,,,,,,,,,,,occupational,trade,,,,
plutei,11,8,11,Plutei,"AG,HR,MH,PH,VS,VL,B,IF",nature_terms,,,,,,,,,Plutei,tree,,,,,,
podei,11,5,11,Aleea Podei,"AB,BC,CJ,MM,MS",nature_terms,,,,,,,,,Podei,geography,,,,,,
pricipala,11,8,11,Pricipală,"BT,GJ,HD,MM,MH,OT,PH,SB",name_categories,,,,,,,,,,,infrastructure,infrastructure,,,,
prund,11,7,11,Fundătura Prund,"BN,BV,MM,SJ,SB,SV,VN",nature_terms,,,,,,,,,Prund,geography,,,,,,
romanesti,11,8,9,Intrarea Românești,"DJ,GL,GJ,HD,NT,PH,TM,B",place_refs,,,,,,,,,,,,,Românești,ro_village,RO,
rovinei,11,8,11,Rovinei,"CS,CT,GJ,HD,CL,MH,SB,VL",nature_terms,,,,,,,,,Rovinei,geography,,,,,,
saivanului,11,8,11,Saivanului,"AB,BC,CJ,GJ,NT,PH,SV,VL",name_categories,,,,,,,,,,,occupational,trade,,,,
salcami,11,5,10,Salcâmi,"AG,DB,IL,PH,VS",nature_terms,,,,,,,,,Salcâmi,tree,,,,,,
sanitarului,11,8,11,Sanitarului,"BZ,DJ,GL,GR,NT,OT,PH,TR",name_categories,,,,,,,,,,,occupational,trade,,,,
scarilor,11,8,10,Pasajul Scărilor,"AB,AG,BZ,CJ,CT,SB,TR,TL",name_categories,,,,,,,,,,,infrastructure,infrastructure,,,,
sculpturii,11,5,9,Fundătura Sculpturii,"BZ,GL,MS,PH,TM",name_categories,,,,,,,,,,,abstract,commemorative,,,,
sofranului,11,6,11,Strada Șofranului,"AR,BC,CT,CL,PH,TM",nature_terms,,,,,,,,,Șofranului,flower,,,,,,
stefan cicio pop,11,4,11,Strada Doctor Ștefan Cicio Pop,"AR,CJ,MS,TM",persons,Ștefan Cicio Pop,M,1865,1934,interwar,politician,RO,,,,,,,,,
stejar,11,7,11,Fundătura Stejar,"AR,BT,BZ,CS,IS,PH,VS",nature_terms,,,,,,,,,Stejar,tree,,,,,,
surianu,11,5,10,Aleea Șurianu,"AB,CS,HD,MS,B",place_refs,,,,,,,,,,,,,Șurianu,mountain,RO,
tamplariei,11,7,11,Aleea Tâmplăriei,"BC,BV,BZ,CT,GJ,TL,VL",name_categories,,,,,,,,,,,trade,occupational,,,,
tarnei,11,7,11,Strada Țarnei,"BC,BZ,GL,IS,NT,PH,SV",nature_terms,,,,,,,,,Țarnă,geography,,,,,,
teis,11,6,11,Strada Teiș,"BT,DB,OT,PH,SB,VS",place_refs,,,,,,,,,,,,,Teiș,ro_village,RO,
toplitei,11,6,10,Strada Topliței,"AB,BC,BV,HR,NT,SV",place_refs,,,,,,,,,,,,,Toplița,ro_city,RO,
vacaresti,11,8,10,Calea Văcărești,"BC,DB,CL,IL,MS,OT,VL,B",place_refs,,,,,,,,,,,,,Văcărești,ro_village,RO,
valea neagra,11,9,11,Strada Valea Neagră,"AG,BC,BT,BZ,MM,NT,PH,VN,DB",nature_terms,,,,,,,,,Valea Neagră,geography,,,,,,
varatec,11,7,11,Strada Văratec,"BC,BT,CJ,CT,MM,NT,PH",place_refs,,,,,,,,,,,,,Văratec,ro_monastery,RO,
vartop,11,8,11,Aleea Vârtop,"AB,BH,DB,MH,OT,TR,TM,VL",place_refs,,,,,,,,,,,,,Vârtop,resort,RO,
veteranului,11,6,11,Strada Veteranului,"AG,BT,CT,DJ,OT,VS",name_categories,,,,,,,,,,,commemorative,institutional,,,,
vidrei,11,6,10,Aleea Vidrei,"BN,BZ,CJ,TM,TL,IF",nature_terms,,,,,,,,,Vidră,animal,,,,,,
vii,11,10,11,Drumul Vii,"AB,AR,BT,MM,MS,OT,SB,TM,VL,VN",nature_terms,,,,,,,,,Vie,plant,,,,,,
voinicilor,11,8,11,Aleea Voinicilor,"AR,AG,BH,BT,DB,IS,SM,VL",name_categories,,,,,,,,,,,abstract,commemorative,,,,
zapodiei,11,6,9,Strada Zapodiei,"BC,DB,NT,OT,VS,VL",nature_terms,,,,,,,,,Zăpodie,geography,,,,,,
zidului,11,7,10,Intrarea Zidului,"AB,BZ,CT,IS,PH,SB,TM",name_categories,,,,,,,,,,,infrastructure,institutional,,,,
aleea cimitirului,10,7,10,Aleea Cimitirului,"BN,BT,CT,DJ,GJ,HD,MH",name_categories,,,,,,,,,,,infrastructure,institutional,,,,
aleea parcului,10,6,10,Aleea Parcului,"BC,BT,BR,IL,OT,TM",name_categories,,,,,,,,,,,infrastructure,institutional,,,,
aleea rozelor,10,7,9,Aleea Rozelor,"BT,DJ,GJ,CL,MH,OT,VS",nature_terms,,,,,,,,,Roză,flower,,,,,,
aleea socului,10,6,10,Aleea Socului,"BT,MH,OT,PH,TR,TL",nature_terms,,,,,,,,,Soc,tree,,,,,,
aleea viilor,10,6,10,Aleea Viilor,"AG,BT,DJ,OT,TM,VL",nature_terms,,,,,,,,,Viilor,plant,,,,,,
anclinata,10,7,9,Strada Înclinată,"CJ,DB,DJ,IF,IL,MH,B",nature_terms,,,,,,,,,Înclinată,geography,,,,,,
anghelesti,10,4,9,Anghelești,"AG,DB,MH,VL",place_refs,,,,,,,,,,,,,Anghelești,ro_village,RO,
antenelor,10,7,9,Antenelor,"AR,AG,CT,PH,SV,TR,TM",name_categories,,,,,,,,,,,infrastructure,telecommunications,,,,
ariciului,10,7,10,Ariciului,"AB,CJ,HR,IF,OT,TM,B",nature_terms,,,,,,,,,Ariciului,animal,,,,,,
azaleei,10,10,10,Azaleei,"AB,AG,BV,IS,CL,NT,PH,SB,TL,VS",nature_terms,,,,,,,,,Azaleei,flower,,,,,,
babadag,10,5,10,Babadag,"BR,DJ,TM,TL,B",place_refs,,,,,,,,,,,,,Babadag,ro_city,RO,
bacaului,10,5,9,Bacăului,"BC,BH,NT,SJ,VS",place_refs,,,,,,,,,,,,,Bacău,ro_city,RO,
baicului,10,5,10,Baicului,"CS,GR,PH,TR,B",,,,,,,,,,,,,,,,,
balint,10,4,10,Balint,"CV,HR,MS,PH",place_refs,,,,,,,,,,,,,Balint,ro_village,RO,
baragan,10,7,10,Bărăgan,"BR,CJ,CT,IL,CL,DB,IF",place_refs,,,,,,,,,,,,,Bărăgan,region,RO,
barbu stirbei,10,5,10,Barbu Știrbei,"BV,CT,CL,OT,PH",persons,Barbu Știrbei,M,1799,1869,premodern,politician,RO,,,,,,,,,
basculei,10,7,10,Basculei,"IS,CL,GR,NT,OT,SV,IF",name_categories,,,,,,,,,,,infrastructure,industrial,,,,
bechetului,10,2,8,Aleea Bechetului,"DJ,OT",place_refs,,,,,,,,,,,,,Bechet,ro_city,RO,
bem jozsef,10,4,9,Bem József,"BH,CV,HR,MM",persons,Józef Bem,M,1794,1850,1848,general,PL,,,,,,,,,
binelui,10,4,8,Binelui,"AR,BT,IF,B",name_categories,,,,,,,,,,,abstract,moral,,,,
biserica de lemn,10,5,10,Biserica de Lemn,"AB,BC,GR,SV,VL",name_categories,,,,,,,,,,,religious,monument,,,,
bistrei,10,4,9,Bistrei,"AB,BH,CS,TM",place_refs,,,,,,,,,,,,,Bistra,river,RO,
brazi,10,8,10,Brazi,"BT,BV,GJ,IF,CL,PH,SV,VN",nature_terms,,,,,,,,,Brazi,tree,,,,,,
brebenei,10,7,9,Brebenei,"BT,CT,GR,OT,PH,B,IF",nature_terms,,,,,,,,,Brebenei,flower,,,,,,
bucurestii noi,10,7,10,Bucureștii Noi,"CT,GL,IL,OT,PH,B,IF",place_refs,,,,,,,,,,,,,Bucureștii Noi,ro_city,RO,
bulgarului,10,7,9,Bulgarului,"CV,DJ,GJ,IS,GR,TR,IF",name_categories,,,,,,,,,,,commemorative,ethnic,,,,
bursucului,10,8,10,Bursucului,"AR,BT,BV,BZ,CJ,IF,TM,TL",nature_terms,,,,,,,,,Bursucului,animal,,,,,,
calafatului,10,3,6,Aleea Calafatului,"CT,DJ,MH",place_refs,,,,,,,,,,,,,Calafat,ro_city,RO,
calinului,10,6,9,Aleea Călinului,"BC,BH,GL,PH,TM,B",nature_terms,,,,,,,,,Călinului,plant,,,,,,
cantarului,10,8,10,Cântarului,"AB,BC,BV,BZ,CV,HR,VS,B",name_categories,,,,,,,,,,,trade,tools,,,,
capu dealului,10,8,10,Capu Dealului,"AB,GJ,IS,MM,MS,NT,SB,VL",nature_terms,,,,,,,,,Capu Dealului,geography,,,,,,
carabus,10,6,8,Cărăbus,"GL,IS,IF,MH,TR,VN",nature_terms,,,,,,,,,Cărăbuș,animal,,,,,,
carpen,10,7,10,Aleea Carpen,"BC,IS,NT,SV,TM,VS,VN",nature_terms,,,,,,,,,Carpen,tree,,,,,,
cedrilor,10,7,10,Aleea Cedrilor,"BH,BV,CT,GL,IS,TM,B",nature_terms,,,,,,,,,Cedrilor,tree,,,,,,
centura,10,7,9,Centura,"BN,BR,GJ,IF,MH,SM,TM",name_categories,,,,,,,,,,,infrastructure,transport,,,,
cernica,10,6,10,Cernica,"BC,BR,CT,IF,PH,TL",place_refs,,,,,,,,,,,,,Cernica,ro_village,RO,
cezar boliac,10,8,10,Cezar Boliac,"AB,BR,CJ,CT,DJ,PH,SV,VN",persons,Cezar Boliac,M,1813,1881,1848,"poet, politician",RO,,,,,,,,,
chiliei,10,6,9,Chiliei,"BC,BN,CT,NT,OT,SV",place_refs,,,,,,,,,,,,,Chilia,city,UA,
cimpoiului,10,7,9,Cimpoiului,"BT,BV,HD,PH,SJ,TM,B",name_categories,,,,,,,,,,,trade,musical_instruments,,,,
clopotarului,10,5,10,Clopotarului,"BC,CJ,IS,NT,MM",name_categories,,,,,,,,,,,occupational,religious_service,,,,
colonelului,10,7,10,Colonelului,"BT,BZ,DB,DJ,MM,OT,VL",name_categories,,,,,,,,,,,occupational,military,,,,
constantin alexandru rosetti,10,8,9,Bulevardul Constantin Alexandru Rosetti,"BR,IS,CL,MH,NT,SM,TL,VS",persons,Constantin Alexandru Rosetti,M,1816,1885,1848,"politician, journalist",RO,,,,,,,,,
cris,10,4,10,Criș,"AB,CS,SB,TM",place_refs,,,,,,,,,,,,,Criș,river,RO,
cristesti,10,6,10,Cristești,"BC,DB,MS,SB,B,IF",place_refs,,,,,,,,,,,,,Cristești,ro_village,RO,
crisul alb,10,7,9,Crisul Alb,"AR,CT,HD,CL,GR,B,IF",place_refs,,,,,,,,,,,,,Crișul Alb,river,RO,
crisul repede,10,6,10,Crișul Repede,"BH,CT,CL,GR,B,IF",place_refs,,,,,,,,,,,,,Crișul Repede,river,RO,
crizamentelor,10,7,10,Crizamentelor,"BN,GL,GJ,GR,MH,NT,VS",name_categories,,,,,,,,,,,infrastructure,transport,,,,
curaturii,10,8,10,Curăturii,"AG,BZ,NT,PH,SJ,SV,VL,VN",nature_terms,,,,,,,,,Curăturii,geography,,,,,,
dascalilor,10,5,9,Dascălilor,"IS,MH,NT,TR,TL",name_categories,,,,,,,,,,,occupational,education,,,,
david,10,7,10,David,"BC,BV,HR,TM,VS,VL,VN",persons,David,M,,,ancient,Biblical figure,IL,,,,,,,,,
david praporgescu,10,9,10,General David Praporgescu,"BH,BR,CT,GL,OT,PH,TR,B,IF",persons,David Praporgescu,M,1873,1916,interwar,General,RO,,,,,,,,,
dealu morii,10,6,10,Dealu Morii,"BC,BT,IS,GR,OT,VS",place_refs,,,,,,,,,,,,,Dealu Morii,ro_village,RO,
deceneu,10,9,10,Deceneu,"AB,AG,BZ,DJ,GL,GJ,IS,OT,B",persons,Deceneu,M,,,ancient,High Priest,RO,,,,,,,,,
dej,10,7,9,Aleea Dej,"AR,BR,IS,TM,VN,B,IF",place_refs,,,,,,,,,,,,,Dej,ro_city,RO,
dozsa gyorgy,10,4,10,Dozsa Gyorgy,"CV,HR,MS,SJ",persons,Dózsa György,M,1470,1514,medieval,Revolutionary leader,HU,,,,,,,,,
dragasani,10,6,10,Calea Dragasani,"AB,AG,DJ,OT,TM,B",place_refs,,,,,,,,,,,,,Drăgășani,ro_city,RO,
drumul vinului,10,7,10,Drumul Vinului,"AB,BR,PH,SM,TL,VL,VN",name_categories,,,,,,,,,,,infrastructure,tourism,,,,
educatiei,10,5,10,Educației,"BZ,IS,OT,SV,B",name_categories,,,,,,,,,,,abstract,education,,,,
elena farago,10,5,9,Elena Farago,"CT,DJ,GL,VS,B",persons,Elena Farago,F,1878,1954,interwar,Poet,RO,,,,,,,,,
elisabeta rizea,10,4,9,Aleea Elisabeta Rizea,"AG,IS,TM,IF",persons,Elisabeta Rizea,F,1912,2003,communist,Anti-communist activist,RO,,,,,,,,,
fanatelor,10,5,10,Fânațelor,"BN,BT,CJ,HR,MS",nature_terms,,,,,,,,,Fânațelor,meadow,,,,,,
fundoaia,10,4,10,Fundoaia,"BT,IS,NT,SV",place_refs,,,,,,,,,,,,,Fundoaia,ro_village,RO,
furnica,10,6,10,Aleea Furnica,"DJ,IS,CL,IF,PH,VL",nature_terms,,,,,,,,,Furnica,animal,,,,,,
gaesti,10,5,8,Găești,"AG,DB,GJ,GR,B",place_refs,,,,,,,,,,,,,Găești,ro_city,RO,
godeni,10,6,8,Drumul Godeni,"AG,CS,GJ,MH,VL,B",place_refs,,,,,,,,,,,,,Godeni,ro_village,RO,
gradiste,10,6,9,Aleea Grădiște,"AG,CS,DJ,OT,PH,VL",place_refs,,,,,,,,,,,,,Grădiște,ro_village,RO,
greierului,10,7,10,Greierului,"AB,BH,BN,IS,SM,TM,B",nature_terms,,,,,,,,,Greier,animal,,,,,,
halei,10,6,8,Halei,"BZ,CJ,CT,IS,SV,VN",name_categories,,,,,,,,,,,trade,commercial,,,,
harniciei,10,6,10,Aleea Hărniciei,"BC,CV,DB,DJ,TM,B",name_categories,,,,,,,,,,,abstract,virtue,,,,
hartop,10,2,10,Hârtop,"BT,VL",nature_terms,,,,,,,,,Hârtop,geography,,,,,,
hateg,10,8,10,Aleea Hațeg,"AB,AR,CJ,CT,IF,MS,SB,TM",place_refs,,,,,,,,,,,,,Hațeg,ro_city,RO,
i,10,6,10,I,"AB,AR,MS,SB,TM,TL",,,,,,,,,,,,,,,,,
ii,10,6,10,II,"AB,AR,MS,SB,TM,TL",,,,,,,,,,,,,,,,,
infratirii,10,9,10,Infratirii,"BT,BR,BZ,CJ,CT,CV,MS,SB,TM",name_categories,,,,,,,,,,,ideological,socialist_solidarity,,,,
ioan budai deleanu,10,8,10,Ioan Budai Deleanu,"AR,CJ,DJ,GJ,CL,IS,SB,B",persons,Ioan Budai-Deleanu,M,1760,1820,premodern,writer/linguist,RO,,,,,,,,,
ioan cantacuzino,10,7,9,Dr. Ioan Cantacuzino,"AG,BH,BR,DJ,IS,IF,B",persons,Ioan Cantacuzino,M,1863,1934,interwar,physician/scientist,RO,,,,,,,,,
iv,10,6,10,IV,"AB,AR,MS,SB,TM,TL",,,,,,,,,,,,,,,,,
josani,10,5,10,Josani,"CJ,HD,MM,SM,SJ",place_refs,,,,,,,,,,,,,Josani,ro_village,RO,
kossuth utca,10,4,10,Kossuth utca,"AR,BH,SM,TM",persons,Lajos Kossuth,M,1802,1894,premodern,politician,HU,,,,,,,,,
lacul rosu,10,6,9,Bulevardul Lacul Roșu,"AR,BH,CJ,HR,PH,B",place_refs,,,,,,,,,,,,,Lacul Roșu,resort,RO,
leurda,10,6,10,Leurda,"BC,CJ,GL,NT,OT,VL",nature_terms,,,,,,,,,Leurdă,plant,,,,,,
lipova,10,7,10,Aleea Lipova,"AB,CS,CJ,NT,PH,TM,B",place_refs,,,,,,,,,,,,,Lipova,ro_city,RO,
loturi,10,4,10,Loturi,"BC,BT,DB,VN",name_categories,,,,,,,,,,,infrastructure,land_division,,,,
loziei,10,4,10,Loziei,"BC,BT,IS,NT",nature_terms,,,,,,,,,Lozie,tree,,,,,,
luchian,10,9,10,Luchian,"AR,GJ,HD,GR,CL,MH,OT,TL,IF",persons,Ștefan Luchian,M,1868,1916,interwar,pictor,RO,,,,,,,,,
luminoasa,10,6,10,Luminoasa,"BR,BZ,DJ,PH,TL,B",nature_terms,,,,,,,,,Luminoasă,sky,,,,,,
luncani,10,5,8,Intrarea Luncani,"GJ,HR,SV,TM,B",place_refs,,,,,,,,,,,,,Luncani,ro_village,RO,
magazin,10,6,10,Fundătura Magazin,"BT,BZ,GJ,IS,OT,VL",name_categories,,,,,,,,,,,infrastructure,trade,,,,
margeanului,10,5,10,Mărgeanului,"CT,IF,MM,TR,B",nature_terms,,,,,,,,,Mărgeanului,plant,,,,,,
margine,10,7,10,Margine,"BC,BR,BZ,DB,IL,SJ,GR",name_categories,,,,,,,,,,,abstract,geographical_feature,,,,
marinei,10,8,9,Aleea Marinei,"CT,DJ,GL,MH,MS,NT,OT,TL",name_categories,,,,,,,,,,,institutional,military,,,,
marinescu,10,9,9,Doctor Marinescu,"BT,DB,DJ,HD,IF,OT,SM,TL,VL",persons,Gheorghe Marinescu,M,1863,1938,interwar,medic,RO,,,,,,,,,
mesterului,10,6,10,Meșterului,"BN,BV,BZ,OT,TL,VN",name_categories,,,,,,,,,,,occupational,craftsman,,,,
mestesugari,10,6,10,Meșteșugari,"AG,BZ,DB,IL,IS,TR",name_categories,,,,,,,,,,,occupational,trade,,,,
michelangelo,10,4,6,Michelangelo,"AR,BH,SB,TM",persons,Michelangelo Buonarroti,M,1475,1564,medieval,artist,IT,,,,,,,,,
mitocului,10,3,8,Fundătura Mitocului,"AB,SV,VN",place_refs,,,,,,,,,,,,,Mitoc,ro_village,RO,
moldovita,10,6,8,Aleea Moldovița,"CJ,IS,IF,SV,TM,B",place_refs,,,,,,,,,,,,,Moldovița,ro_monastery,RO,
naturii,10,4,10,Naturii,"BZ,IS,GR,TM",nature_terms,,,,,,,,,Naturii,geography,,,,,,
nisipuri,10,4,10,Nisipuri,"BR,BZ,DB,IL",nature_terms,,,,,,,,,Nisipuri,geography,,,,,,
nr.12,10,6,10,Nr.12,"AR,BZ,CV,MH,MS,VS",,,,,,,,,,,,,,,,,
nr.15,10,5,10,Nr.15,"AR,BZ,CV,MH,NT",,,,,,,,,,,,,,,,,
padurilor,10,6,10,Aleea Pădurilor,"BT,GL,GJ,PH,VL,VN",nature_terms,,,,,,,,,Pădurilor,forest,,,,,,
papurei,10,7,10,Papurei,"DB,MH,MS,PH,TR,TL,IF",nature_terms,,,,,,,,,Papurei,plant,,,,,,
parc,10,10,10,Aleea Parc,"AB,BZ,IF,SJ,TR,TM,TL,VS,VL,VN",name_categories,,,,,,,,,,,infrastructure,public_space,,,,
pastravariei,10,8,10,Păstrăvăriei,"BC,CS,CJ,MS,PH,SV,VL,VN",nature_terms,,,,,,,,,Păstrăvăriei,geography,,,,,,
pasunilor,10,6,8,Aleea Pășunilor,"CT,GL,PH,VL,B,IF",nature_terms,,,,,,,,,Pășunilor,meadow,,,,,,
pensiunii,10,7,10,Aleea Pensiunii,"BC,GJ,HR,IS,OT,VL,VN",name_categories,,,,,,,,,,,infrastructure,institutional,,,,
peret,10,3,9,Peret,"GJ,OT,VL",,,,,,,,,,,,,,,,,
petofi utca,10,3,10,Petőfi utca,"AR,BH,SM",persons,Sándor Petőfi,M,1823,1849,1848,poet,HU,,,,,,,,,
pietricica,10,7,9,Pietricica,"BC,BN,BZ,NT,PH,SV,B",nature_terms,,,,,,,,,Pietricica,geography,,,,,,
pirului,10,8,10,Pirului,"BC,DJ,GR,OT,SM,TR,TM,VL",nature_terms,,,,,,,,,Pirului,plant,,,,,,
podul de fier,10,8,10,Podul de Fier,"BC,IF,OT,PH,SJ,SV,TR,TM",name_categories,,,,,,,,,,,infrastructure,infrastructure,,,,
popa,10,8,10,Popa,"DJ,GJ,MH,NT,VS,VL,VN,B",name_categories,,,,,,,,,,,occupational,religious,,,,
radu serban,10,7,10,Radu Șerban,"CT,GR,OT,PH,SM,VS,VL",persons,Radu Șerban,M,,1620,medieval,voivode,RO,,,,,,,,,
randunica,10,6,10,Rândunica,"AG,BT,CS,DJ,IS,IF",nature_terms,,,,,,,,,Rândunica,bird,,,,,,
rapitei,10,5,10,Rapiței,"IS,NT,PH,TM,IF",nature_terms,,,,,,,,,Rapiței,plant,,,,,,
rodica,10,6,8,Intrarea Rodica,"CT,MH,PH,TM,B,IF",,,,,,,,,,,,,,,,,
ronda,10,7,9,Aleea Ronda,"BT,BZ,CT,IL,TL,B,IF",name_categories,,,,,,,,,,,abstract,abstract,,,,
rosu,10,8,10,Drumul Roșu,"DB,GJ,GR,NT,OT,PH,SV,VL",name_categories,,,,,,,,,,,abstract,abstract,,,,
rovinari,10,7,9,Rovinari,"BT,BR,DJ,GJ,MS,SB,B",place_refs,,,,,,,,,,,,,Rovinari,ro_city,RO,
samuil micu,10,8,10,Samuil Micu,"AB,AR,BH,BN,CJ,CT,MS,TM",persons,Samuil Micu,M,1745,1806,premodern,theologian/historian,RO,,,,,,,,,
sanzienei,10,8,10,Strada Sânzienei,"AG,BV,GL,NT,PH,TM,TL,VS",nature_terms,,,,,,,,,Sânzienei,flower,,,,,,
secerii,10,7,10,Secerii,"AR,BV,GL,CL,MS,NT,TM",name_categories,,,,,,,,,,,trade,occupational,,,,
seciului,10,6,9,Aleea Seciului,"BZ,DJ,HD,OT,PH,VL",nature_terms,,,,,,,,,Seciului,geography,,,,,,
sectorului,10,6,10,Intrarea Sectorului,"BT,CT,GJ,SV,VN,B",name_categories,,,,,,,,,,,infrastructure,administrative,,,,
serpuita,10,5,10,Strada Șerpuită,"BZ,CJ,PH,SB,SV",name_categories,,,,,,,,,,,abstract,descriptive,,,,
sobarului,10,8,10,Sobarului,"BC,CL,GR,NT,OT,PH,SV,TR",name_categories,,,,,,,,,,,occupational,trade,,,,
staniste,10,6,10,Staniște,"BN,BT,CJ,IS,SJ,SV",nature_terms,,,,,,,,,Staniște,geography,,,,,,
stefanesti,10,6,8,Intrarea Ștefănești,"AB,IF,IL,CL,OT,VL",place_refs,,,,,,,,,,,,,Ștefănești,ro_city,RO,
strungului,10,5,9,Fundătura Strungului,"BV,GL,PH,SB,VN",name_categories,,,,,,,,,,,occupational,trade,,,,
sucidava,10,5,8,Aleea Sucidava,"IS,OT,VS,B,IF",place_refs,,,,,,,,,,,,,Sucidava,ancient_city,RO,
tabacariei,10,6,8,Strada Tăbăcăriei,"AG,CT,NT,OT,SV,TR",name_categories,,,,,,,,,,,occupational,trade,,,,
tarancutei,10,6,9,Strada Țărăncuței,"BC,DJ,NT,SV,TM,B",name_categories,,,,,,,,,,,occupational,trade,,,,
tarinca,10,3,10,Strada Țarinca,"BT,IS,SV",nature_terms,,,,,,,,,Țarinca,geography,,,,,,
tibles,10,6,8,Aleea Țibleș,"BV,CS,MM,TM,B,IF",place_refs,,,,,,,,,,,,,Țibleș,mountain,RO,
timisorii,10,3,8,Calea Timișorii,"AR,CS,TM",place_refs,,,,,,,,,,,,,Timișoara,ro_city,RO,
toloaca,10,4,10,Strada Toloaca,"BT,IS,SV,VS",nature_terms,,,,,,,,,Toloacă,meadow,,,,,,
trei brazi,10,7,8,Intrarea Trei Brazi,"BV,CJ,IS,IF,PH,VL,B",nature_terms,,,,,,,,,Trei Brazi,tree,,,,,,
turturica,10,7,10,Erou Turturică,"BC,DB,SJ,SV,TR,VL,B",nature_terms,,,,,,,,,Turturică,bird,,,,,,
ungurenilor,10,8,10,Drumul Ungurenilor,"AG,BT,BZ,DJ,GJ,PH,SV,VL",name_categories,,,,,,,,,,,commemorative,ethnic,,,,
urziceni,10,4,9,Calea Urziceni,"BV,BZ,IL,B",place_refs,,,,,,,,,,,,,Urziceni,ro_city,RO,
valea larga,10,6,10,Drumul Valea Largă,"BV,DB,PH,TL,VL,B",nature_terms,,,,,,,,,Valea Largă,geography,,,,,,
valea manastirii,10,5,10,Strada Valea Mănăstirii,"BC,GJ,SV,VS,VN",place_refs,,,,,,,,,,,,,Valea Mănăstirii,ro_monastery,RO,
valea merilor,10,8,9,Strada Valea Merilor,"BN,BV,MH,SB,VL,B,IF,DB",nature_terms,,,,,,,,,Valea Merilor,fruit,,,,,,
vergului,10,6,7,Aleea Vergului,"AG,TR,TL,VN,B,IF",name_categories,,,,,,,,,,,occupational,trade,,,,
veterinarilor,10,7,9,Strada Veterinarilor,"BR,DJ,IS,GR,CL,IF,OT",name_categories,,,,,,,,,,,occupational,trade,,,,
virgil madgearu,10,6,10,Strada Virgil Madgearu,"DJ,GL,SB,TM,VN,B",persons,Virgil Madgearu,M,1887,1940,interwar,economist,RO,,,,,,,,,
vladesti,10,6,10,Strada Vlădești,"AB,BZ,SV,TR,VL,DB",place_refs,,,,,,,,,,,,,Vlădești,ro_village,RO,
zaganului,10,7,10,Bulevardul Zăganului,"CS,IS,GR,PH,TM,VN,IF",name_categories,,,,,,,,,,,commemorative,aviation,,,,
zanoaga,10,7,10,Fundătura Zănoaga,"CS,HD,MM,PH,TM,VS,B",nature_terms,,,,,,,,,Zănoaga,geography,,,,,,
zarii,10,6,10,Strada Zării,"BC,CS,IS,OT,VS,B",nature_terms,,,,,,,,,Zării,sky,,,,,,
adrian,9,4,9,Adrian,"AR,MM,MH,B",persons,Adrian,M,76,138,ancient,emperor,IT,,,,,,,,,
adventistilor,9,5,9,Adventistilor,"BZ,DB,GR,OT,TR",name_categories,,,,,,,,,,,religious,institutional,,,,
albitei,9,6,9,Albiței,"BC,CL,GR,PH,B,IF",place_refs,,,,,,,,,,,,,Albița,ro_village,RO,
aleea bujorului,9,8,9,Aleea Bujorului,"BT,BV,GL,CL,MH,NT,OT,VS",nature_terms,,,,,,,,,Bujor,flower,,,,,,
aleea salcamilor,9,8,9,Aleea Salcâmilor,"BC,BT,CS,GJ,MH,OT,TM,VL",nature_terms,,,,,,,,,Salcâm,tree,,,,,,
amara,9,7,7,Aleea Amara,"AR,BZ,IL,IS,IF,TM,B",place_refs,,,,,,,,,,,,,Amara,resort,RO,
amaradia,9,3,6,Amaradia,"DJ,GJ,IF",place_refs,,,,,,,,,,,,,Amaradia,river,RO,
amicitiei,9,8,9,Aleea Amiciției,"BT,CJ,IS,IF,DB,NT,TM,B",name_categories,,,,,,,,,,,abstract,social,,,,
ancorei,9,6,9,Ancorei,"BR,CT,GL,GR,OT,TL",name_categories,,,,,,,,,,,infrastructure,maritime,,,,
anton holban,9,5,8,Anton Holban,"CT,GL,SV,VS,B",persons,Anton Holban,M,1902,1944,interwar,writer,RO,,,,,,,,,
anton pan,9,6,9,Anton Pan,"AR,CT,GL,TR,VS,IF",persons,Anton Pan,M,1796,1854,premodern,composer,RO,,,,,,,,,
armeana,9,5,7,Aleea Armeană,"BT,GL,HR,IS,TL",name_categories,,,,,,,,,,,commemorative,ethnic,,,,
avicolei,9,6,9,Aleea Avicolei,"BC,BZ,CT,CL,IF,VS",name_categories,,,,,,,,,,,occupational,trade,,,,
baiului,9,5,9,Baiului,"BV,DB,GR,MH,PH",place_refs,,,,,,,,,,,,,Munții Baiului,mountain,RO,
barcelona,9,5,9,Barcelona,"AR,BV,CT,SB,TM",place_refs,,,,,,,,,,,,,Barcelona,city,ES,
basarabilor,9,6,7,Basarabilor,"AG,CT,IS,OT,PH,B",name_categories,,,,,,,,,,,commemorative,dynasty,,,,
blaj,9,5,9,Blaj,"GL,IL,IF,TM,B",place_refs,,,,,,,,,,,,,Blaj,ro_city,RO,
blajului,9,6,9,Blajului,"AB,AR,BN,CJ,PH,SB",place_refs,,,,,,,,,,,,,Blaj,ro_city,RO,
boboc,9,8,9,Boboc,"AG,BZ,GJ,MH,NT,SV,VL,VN",nature_terms,,,,,,,,,Boboc,bird,,,,,,
boliac cezar,9,9,9,Boliac Cezar,"BC,BN,BV,BR,CT,NT,PH,SM,TM",persons,Cezar Boliac,M,1813,1881,premodern,poet/politician,RO,,,,,,,,,
borviz,9,2,9,Borviz,"CV,HR",nature_terms,,,,,,,,,Borviz,water,,,,,,
brancusi,9,8,9,Brâncuși,"DJ,GL,DB,MH,OT,SV,TM,VL",persons,Constantin Brâncuși,M,1876,1957,interwar,sculptor,RO,,,,,,,,,
branului,9,6,9,Branului,"BH,BV,CJ,MS,PH,TR",place_refs,,,,,,,,,,,,,Bran,ro_village,RO,
brumei,9,6,9,Brumei,"AB,BH,BT,GL,TM,VN",nature_terms,,,,,,,,,Brumă,weather,,,,,,
brutarilor,9,8,9,Brutarilor,"BZ,CJ,DJ,IS,NT,PH,SB,VL",name_categories,,,,,,,,,,,occupational,trade,,,,
c.a.p.,9,6,9,C.A.P.,"BC,CV,DB,GJ,SV,VN",name_categories,,,,,,,,,,,institutional,agriculture,,,,
caii ferate,9,6,9,Căii Ferate,"BH,CJ,HR,IS,SM,TM",name_categories,,,,,,,,,,,infrastructure,transport,,,,
calea nationala,9,2,9,Calea Națională,"BT,SV",name_categories,,,,,,,,,,,infrastructure,road,,,,
calea severinului,9,3,9,Calea Severinului,"DJ,GJ,MH",place_refs,,,,,,,,,,,,,Drobeta-Turnu Severin,ro_city,RO,
callatis,9,6,9,Aleea Callatis,"BR,CJ,CT,DJ,SM,B",place_refs,,,,,,,,,,,,,Callatis,ancient_city,RO,
calugarului,9,6,9,Călugărului,"BC,IS,IF,NT,PH,SV",name_categories,,,,,,,,,,,occupational,religious,,,,
campinei,9,3,5,Aleea Câmpinei,"BR,CT,TL",place_refs,,,,,,,,,,,,,Câmpina,ro_city,RO,
carasului,9,7,9,Carasului,"AG,BH,BT,CS,TL,B,IF",place_refs,,,,,,,,,,,,,Caraș,river,RO,
cardinal iuliu hossu,9,8,9,Cardinal Iuliu Hossu,"AR,BH,BN,CJ,MS,SM,SB,TM",persons,Iuliu Hossu,M,1885,1970,communist,cleric,RO,,,,,,,,,
carmen sylva,9,8,8,Aleea Carmen Sylva,"BH,BT,CS,CV,PH,SB,SV,VL",persons,Elisabeta a României,F,1843,1916,premodern,writer/queen,RO,,,,,,,,,
casariei,9,5,8,Casariei,"AG,CT,CL,TR,TL",name_categories,,,,,,,,,,,trade,dairy,,,,
castelul de apa,9,5,9,Castelul De Apă,"CV,NT,SV,TL,VN",name_categories,,,,,,,,,,,infrastructure,utility,,,,
cercelus,9,4,8,Cerceluș,"IS,IF,PH,B",nature_terms,,,,,,,,,Cerceluș,flower,,,,,,
cercelusilor,9,5,9,Cercelușilor,"IF,GR,OT,PH,TR",nature_terms,,,,,,,,,Cercelușilor,flower,,,,,,
cernele,9,4,8,Cernele,"DJ,GJ,GR,VL",,,,,,,,,,,,,,,,,
cetate,9,7,9,Cetate,"AB,CJ,PH,SM,SB,VS,VL",name_categories,,,,,,,,,,,commemorative,fortification,,,,
chetris,9,4,9,Chetris,"BC,IS,NT,VN",place_refs,,,,,,,,,,,,,Chetriș,ro_village,RO,
ciceu,9,5,9,Aleea Ciceu,"BV,CT,IF,PH,B",place_refs,,,,,,,,,,,,,Ciceu,region,RO,
cimbrisor,9,8,9,Aleea Cimbrișor,"AG,BR,GL,CL,PH,TL,VN,IF",nature_terms,,,,,,,,,Cimbrișor,plant,,,,,,
cimitirul vechi,9,7,9,Cimitirul Vechi,"BT,CS,GJ,IS,MM,SV,TR",name_categories,,,,,,,,,,,infrastructure,cemetery,,,,
cindrel,9,5,9,Aleea Cindrel,"AB,DJ,SB,TM,B",place_refs,,,,,,,,,,,,,Cindrel,mountain,RO,
ciolpani,9,6,9,Ciolpani,"DB,GJ,TR,TL,VL,B",place_refs,,,,,,,,,,,,,Ciolpani,ro_village,RO,
colibasi,9,6,9,Colibași,"AG,GL,MH,PH,VL,B",place_refs,,,,,,,,,,,,,Colibași,ro_village,RO,
colibri,9,6,9,Aleea Colibri,"BR,CT,DJ,PH,TM,TL",nature_terms,,,,,,,,,Colibri,bird,,,,,,
columnei,9,3,7,Aleea Columnei,"IS,IF,IL",name_categories,,,,,,,,,,,commemorative,historical_monument,,,,
copacel,9,7,9,Copăcel,"AB,CJ,GJ,MM,SJ,SV,VN",nature_terms,,,,,,,,,Copăcel,tree,,,,,,
cornatel,9,6,9,Cornățel,"AB,DB,CL,PH,VL,B",place_refs,,,,,,,,,,,,,Cornățel,ro_village,RO,
cornesti,9,6,9,Cornești,"BT,IS,MS,OT,VL,B",place_refs,,,,,,,,,,,,,Cornești,ro_village,RO,
covasna,9,7,7,Aleea Covasna,"AB,CV,GL,MS,TM,B,IF",place_refs,,,,,,,,,,,,,Covasna,ro_city,RO,
crasnei,9,4,9,Crasnei,"SM,SJ,SV,VS",place_refs,,,,,,,,,,,,,Crasna,river,RO,
cresei,9,7,8,Aleea Creșei,"BR,CJ,GJ,HD,IL,OT,PH",nature_terms,,,,,,,,,Creșei,plant,,,,,,
cristalului,9,7,9,Aleea Cristalului,"AR,BT,CT,SB,TM,B,IF",name_categories,,,,,,,,,,,abstract,aesthetic,,,,
cucuteni,9,4,9,Cucuteni,"BC,DB,IS,B",place_refs,,,,,,,,,,,,,Cucuteni,ro_village,RO,
cuvioasa parascheva,9,5,9,Cuvioasa Parascheva,"BC,BR,IS,SV,VS",persons,Cuvioasa Parascheva,F,1023,1082,medieval,sfântă,GR,,,,,,,,,
davidesti,9,6,8,Davidești,"AG,DB,OT,PH,TR,B",place_refs,,,,,,,,,,,,,Davidești,ro_village,RO,
dealul crucii,9,6,9,Dealul Crucii,"BC,CS,MM,NT,SV,VL",nature_terms,,,,,,,,,Dealul Crucii,geography,,,,,,
dealul popii,9,6,9,Dealul Popii,"BC,BN,CJ,IS,SJ,VL",nature_terms,,,,,,,,,Dealul Popii,geography,,,,,,
derelei,9,2,9,Derelei,"CT,TL",nature_terms,,,,,,,,,Derelei,water,,,,,,
diaconul coresi,9,8,9,Diaconul Coresi,"AR,BV,CJ,CL,PH,SB,TM,B",persons,Coresi,M,,1583,medieval,"diacon, tipograf",RO,,,,,,,,,
dimitrie gusti,9,7,9,Dimitrie Gusti,"AG,CJ,PH,SV,TM,VN,B",persons,Dimitrie Gusti,M,1880,1955,interwar,sociolog,RO,,,,,,,,,
domnitei,9,5,9,Aleea Domniței,"AB,AG,BV,BR,IF",name_categories,,,,,,,,,,,commemorative,historical,,,,
dos,9,5,9,Dos,"CJ,DB,MM,MS,SB",nature_terms,,,,,,,,,Dos,geography,,,,,,
dulgherilor,9,8,9,Dulgherilor,"BZ,CT,CV,DB,MH,PH,SB,VL",name_categories,,,,,,,,,,,occupational,trade,,,,
dupa biserica,9,5,9,După Biserică,"BV,CJ,MM,SJ,SB",name_categories,,,,,,,,,,,infrastructure,topographic,,,,
dupa vale,9,5,9,După Vale,"AB,MS,SJ,SB,VL",nature_terms,,,,,,,,,După Vale,geography,,,,,,
ene,9,7,9,Ene,"BC,DB,DJ,IF,OT,PH,TR",persons,Ene,M,,,premodern,nume propriu,RO,,,,,,,,,
fat frumos,9,6,8,Făt Frumos,"AR,CJ,CT,PH,TL,B",name_categories,,,,,,,,,,,mythology,folklore,,,,
felso,9,4,9,Felső,"CJ,HR,MM,SJ",nature_terms,,,,,,,,,Felső,geography,,,,,,
ferarului,9,4,9,Ferarului,"BC,BT,NT,SV",name_categories,,,,,,,,,,,occupational,trade,,,,
ferentari,9,6,7,Calea Ferentari,"BR,CJ,DB,GL,VN,B",place_refs,,,,,,,,,,,,,Ferentari,ro_village,RO,
ferigilor,9,6,9,Aleea Ferigilor,"AG,BZ,IF,MH,OT,PH",nature_terms,,,,,,,,,Ferigilor,plant,,,,,,
feroviarului,9,5,8,Aleea Feroviarului,"CS,CT,DJ,IL,OT",name_categories,,,,,,,,,,,occupational,trade,,,,
filaturii,9,6,8,Aleea Filaturii,"BC,CV,IL,MM,SV,VS",name_categories,,,,,,,,,,,occupational,trade,,,,
filipescu,9,7,8,Filipescu,"AR,AG,BT,CT,IS,PH,VL",persons,Filipescu,M,,,premodern,nobility,RO,,,,,,,,,
forestierilor,9,6,9,Forestierilor,"AB,CV,MM,SV,TM,VL",name_categories,,,,,,,,,,,occupational,trade,,,,
fortului,9,2,9,Fortului,"IF,B",name_categories,,,,,,,,,,,infrastructure,military,,,,
fragului,9,7,9,Fragului,"BC,CL,MH,NT,OT,SV,TM",nature_terms,,,,,,,,,Fragului,fruit,,,,,,
frizeriei,9,6,9,Frizeriei,"BC,BZ,IL,PH,SM,TR",name_categories,,,,,,,,,,,occupational,trade,,,,
gandului,9,6,9,Gândului,"BC,IS,NT,PH,TM,VS",name_categories,,,,,,,,,,,abstract,concept,,,,
george tarnea,9,3,8,GEORGE TARNEA,"GL,IF,VL",persons,George Țârnea,M,1945,2003,communist,poet,RO,,,,,,,,,
georgescu,9,6,9,Aviator Georgescu,"AR,AG,BZ,DB,MM,VL",persons,Georgescu,M,,,premodern,military,RO,,,,,,,,,
gheorghe bibescu,9,6,9,Gheorghe Bibescu,"AB,CT,DJ,GL,OT,PH",persons,Gheorghe Bibescu,M,1804,1873,premodern,politician,RO,,,,,,,,,
gheorghe stefan,9,6,9,Gheorghe Ștefan,"BC,CT,SV,VL,B,IF",persons,Gheorghe Ștefan,M,1600,1668,medieval,ruler,RO,,,,,,,,,
gherghinului,9,2,8,Fundătura Gherghinului,"BZ,PH",nature_terms,,,,,,,,,Gherghinului,fruit,,,,,,
ghetariei,9,5,8,Aleea Ghețăriei,"CV,IL,OT,SB,TL",name_categories,,,,,,,,,,,infrastructure,industrial,,,,
gorjului,9,6,9,Gorjului,"DB,DJ,GJ,SB,TM,B",place_refs,,,,,,,,,,,,,Gorj,region,RO,
gospodariei,9,5,9,Gospodăriei,"BC,CT,IS,PH,B",name_categories,,,,,,,,,,,occupational,trade,,,,
grausorului,9,5,8,Fundătura Grâușorului,"BZ,CT,IL,IS,PH",nature_terms,,,,,,,,,Grâușorului,plant,,,,,,
gruiete,9,5,9,Gruiețe,"AB,GJ,MS,SB,VL",nature_terms,,,,,,,,,Gruiețe,geography,,,,,,
gura leului,9,6,7,Gura Leului,"AB,CL,OT,VL,B,IF",nature_terms,,,,,,,,,Gura Leului,flower,,,,,,
haltei,9,7,9,Haltei,"BC,CT,DB,GJ,HR,IF,B",name_categories,,,,,,,,,,,infrastructure,transport,,,,
hameiului,9,5,9,Hameiului,"CJ,NT,SB,TM,B",nature_terms,,,,,,,,,Hameiului,plant,,,,,,
hector,9,4,9,Hector,"AR,DB,MH,TM",persons,Hector,M,,,ancient,mythological figure,,,,,,,,,,
hortensia papadat-bengescu,9,4,9,Hortensia Papadat-Bengescu,"GL,CL,MH,B",persons,Hortensia Papadat-Bengescu,F,1876,1955,interwar,writer,RO,,,,,,,,,
i.g. duca,9,6,9,I.G. Duca,"CT,GL,OT,PH,VL,IF",persons,Ion G. Duca,M,1879,1933,interwar,politician,RO,,,,,,,,,
iancu flondor,9,3,9,Iancu Flondor,"IS,SV,TM",persons,Iancu Flondor,M,1865,1924,interwar,politician,RO,,,,,,,,,
iasi,9,6,9,Iași,"DJ,GL,IS,TM,B,IF",place_refs,,,,,,,,,,,,,Iași,ro_city,RO,
infinitului,9,8,9,Infinitului,"AR,BH,BZ,CJ,MH,PH,SM,TM",name_categories,,,,,,,,,,,abstract,philosophical,,,,
intrarea viilor,9,6,9,Intrarea Viilor,"BR,IL,GR,IF,OT,PH",nature_terms,,,,,,,,,Viilor,geography,,,,,,
ioan voda,9,5,9,Ioan Vodă,"AR,CT,GL,CL,VS",persons,Ioan Vodă cel Cumplit,M,1521,1574,medieval,ruler,RO,,,,,,,,,
ion budai  deleanu,9,5,9,Ion Budai  Deleanu,"BH,CT,HD,PH,SV",persons,Ion Budai-Deleanu,M,1760,1820,premodern,writer,RO,,,,,,,,,
izvoarele,9,9,9,Izvoarele,"AB,BC,BN,DJ,MH,MS,PH,SB,MM",nature_terms,,,,,,,,,Izvoarele,water,,,,,,
izvorasului,9,5,9,Izvorașului,"BT,MH,OT,PH,VL",nature_terms,,,,,,,,,Izvorașului,water,,,,,,
jienilor,9,7,9,Jienilor,"DJ,GL,GJ,CL,OT,VS,VL",name_categories,,,,,,,,,,,commemorative,historical,,,,
jitariei,9,6,9,Jităriei,"BC,BT,IS,NT,SV,VS",name_categories,,,,,,,,,,,occupational,trade,,,,
la cruce,9,7,8,La Cruce,"AB,BZ,CJ,MM,PH,SJ,VL",name_categories,,,,,,,,,,,religious,symbolic,,,,
la curte,9,7,9,La Curte,"BC,BT,IS,SJ,SV,VS,VL",name_categories,,,,,,,,,,,institutional,administrative,,,,
la fantana,9,8,9,Intrarea la Fântănă,"BC,DB,IF,GR,MM,SV,VS,VL",nature_terms,,,,,,,,,Fântână,water,,,,,,
la punte,9,6,9,La Punte,"BN,BT,IS,NT,VS,VL",nature_terms,,,,,,,,,La Punte,geography,,,,,,
la vale,9,5,9,La Vale,"BV,CJ,MM,SJ,SV",nature_terms,,,,,,,,,La Vale,geography,,,,,,
labului,9,4,9,Calea Labului,"AB,CJ,MM,SJ",,,,,,,,,,,,,,,,,
latina,9,7,9,Latina,"AR,BV,IF,MH,PH,VS,B",name_categories,,,,,,,,,,,commemorative,historical,,,,
laurilor,9,5,8,Aleea Laurilor,"BC,CJ,CL,PH,IF",nature_terms,,,,,,,,,Laurilor,tree,,,,,,
laurului,9,3,9,Laurului,"BT,IF,TM",nature_terms,,,,,,,,,Laurului,tree,,,,,,
lemnului,9,6,9,Fundătura Lemnului,"BH,BZ,CJ,GJ,IL,PH",nature_terms,,,,,,,,,Lemnului,forest,,,,,,
luca,9,8,9,Fundătura Luca,"DB,GL,IL,MM,MH,PH,TM,B",persons,Luca,M,,,medieval,religious figure,RO,,,,,,,,,
luminis,9,8,9,Luminiș,"BC,BZ,CJ,IS,IF,MH,NT,TM",nature_terms,,,,,,,,,Luminiș,meadow,,,,,,
maciesilor,9,5,9,Măcieșilor,"BC,CJ,MM,NT,SJ",nature_terms,,,,,,,,,Măcieșilor,plant,,,,,,
malaiesti,9,5,9,Mălăiești,"BV,BZ,GL,IS,B",place_refs,,,,,,,,,,,,,Mălăiești,ro_village,RO,
margelelor,9,4,7,Intrarea Mărgelelor,"AG,BH,B,IF",name_categories,,,,,,,,,,,abstract,aesthetic,,,,
marginasa,9,6,9,Mărginașă,"BT,CJ,GR,CL,TR,TL",nature_terms,,,,,,,,,Mărginașă,geography,,,,,,
marii,9,2,9,Marii,"CJ,CT",nature_terms,,,,,,,,,Mării,water,,,,,,
medeleni,9,7,9,Aleea Medeleni,"AG,BZ,CT,GL,OT,TR,B",place_refs,,,,,,,,,,,,,Medeleni,ro_village,RO,
melcilor,9,8,9,Intrarea Melcilor,"BT,BV,CJ,CT,CL,OT,TR,TL",nature_terms,,,,,,,,,Melcilor,animal,,,,,,
mestesugarului,9,6,9,Meșteșugarului,"BT,IS,GR,TR,TL,VN",name_categories,,,,,,,,,,,occupational,trade,,,,
moldoveanu,9,7,9,Aleea Moldoveanu,"BZ,CJ,IL,MH,NT,PH,SB",place_refs,,,,,,,,,,,,,Moldoveanu,mountain_peak,RO,
mosteni,9,6,9,Moșteni,"AG,DB,GR,OT,TR,VL",place_refs,,,,,,,,,,,,,Moșteni,ro_village,RO,
mostistea,9,3,9,Aleea Mostiștea,"IF,CL,B",place_refs,,,,,,,,,,,,,Mostiștea,river,RO,
movilelor,9,4,7,Intrarea Movilelor,"AR,IL,VS,B",nature_terms,,,,,,,,,Movile,geography,,,,,,
musat,9,7,9,Caporal Mușat,"BH,BR,BZ,DB,PH,VL,IF",persons,Constantin Mușat,M,1890,1917,interwar,soldier,RO,,,,,,,,,
nicolae beldiceanu,9,7,9,Nicolae Beldiceanu,"BH,BZ,CT,IS,SB,SV,B",persons,Nicolae Beldiceanu,M,1844,1896,premodern,poet,RO,,,,,,,,,
nicolae paulescu,9,8,9,Dr. Nicolae Paulescu,"AB,AR,BT,CT,IS,TM,VS,B",persons,Nicolae Paulescu,M,1869,1931,interwar,physician,RO,,,,,,,,,
nicoresti,9,5,9,Aleea Nicorești,"GL,NT,SJ,TM,B",place_refs,,,,,,,,,,,,,Nicorești,ro_village,RO,
nisipari,9,6,9,Nisipari,"BR,CT,IS,GR,NT,B",place_refs,,,,,,,,,,,,,Nisipari,ro_village,RO,
nr. 18,9,7,9,Nr. 18,"AR,BZ,DJ,MH,MS,NT,PH",,,,,,,,,,,,,,,,,
nr. 23,9,6,9,Nr. 23,"BZ,DJ,MH,MS,PH,VS",,,,,,,,,,,,,,,,,
nr. 24,9,7,9,Nr. 24,"BZ,DJ,MM,MH,MS,PH,VS",,,,,,,,,,,,,,,,,
nr. 38,9,8,9,Nr. 38,"BZ,DJ,MM,MH,MS,NT,PH,VS",,,,,,,,,,,,,,,,,
nr.11,9,6,9,Nr.11,"AR,BZ,CV,MH,MS,VS",,,,,,,,,,,,,,,,,
nr.13,9,5,9,Nr.13,"AR,BZ,CV,MH,VS",,,,,,,,,,,,,,,,,
nr.19,9,4,9,Nr.19,"BZ,CV,MH,VS",,,,,,,,,,,,,,,,,
nucetului,9,6,8,Aleea Nucetului,"BH,CT,DB,GR,PH,B",nature_terms,,,,,,,,,Nucet,forest,,,,,,
ograzi,9,3,9,Ogrăzi,"PH,TR,VL",nature_terms,,,,,,,,,Ogrăzi,meadow,,,,,,
ograzilor,9,7,9,Aleea Ogrăzilor,"DB,DJ,GJ,HD,OT,PH,VL",nature_terms,,,,,,,,,Ogrăzi,meadow,,,,,,
olaresti,9,6,9,Olărești,"BC,BH,NT,SV,VL,VN",place_refs,,,,,,,,,,,,,Olărești,ro_village,RO,
pacea,9,1,8,Aleea Pacea,BT,name_categories,,,,,,,,,,,abstract,ideological,,,,
padurenilor,9,8,9,Intrarea Pădurenilor,"AB,CT,HD,MS,SJ,VL,B,IF",nature_terms,,,,,,,,,Pădureni,forest,,,,,,
papadiilor,9,7,8,Păpădiilor,"BH,CT,IS,CL,GR,OT,VL",nature_terms,,,,,,,,,Păpădie,flower,,,,,,
patrascu,9,7,9,Eroii Pătrașcu,"GJ,IL,IS,SM,VS,VL,VN",persons,Pătrașcu cel Bun,M,,1599,medieval,Voivode,RO,,,,,,,,,
paun pincio ion,9,9,9,Păun Pincio Ion,"BH,BV,BZ,CT,HD,NT,SB,SV,VN",persons,Ion Păun Pincio,M,1868,1894,premodern,Poet,RO,,,,,,,,,
petru groza,9,6,9,Dr. Petru Groza,"BC,CT,DB,GL,MH,TM",persons,Petru Groza,M,1884,1958,communist,Politician,RO,,,,,,,,,
plesa,9,7,9,Aleea Pleșa,"AR,BT,GJ,IS,SJ,SV,VN",,,,,,,,,,,,,,,,,
poiana narciselor,9,7,9,Aleea Poiana Narciselor,"AB,BV,HR,HD,IF,TR,B",nature_terms,,,,,,,,,Poiana Narciselor,meadow,,,,,,
polona,9,4,8,Polonă,"BR,IF,TM,B",name_categories,,,,,,,,,,,infrastructure,urban,,,,
pompierului,9,8,9,Pompierului,"BC,IS,CL,MM,NT,SM,TR,TL",name_categories,,,,,,,,,,,occupational,public_service,,,,
popilor,9,5,8,Fundătura Popilor,"BV,BZ,PH,VS,VL",name_categories,,,,,,,,,,,religious,clergy,,,,
postavarul,9,6,8,Aleea Postăvarul,"BV,CJ,DJ,PH,TM,B",place_refs,,,,,,,,,,,,,Postăvarul,mountain,RO,
preda,9,7,9,Intrarea Preda,"AG,GJ,SV,TR,VL,B,IF",persons,Marin Preda,M,1922,1980,communist,Writer,RO,,,,,,,,,
puisor,9,4,7,Puișor,"GR,IF,VS,B",nature_terms,,,,,,,,,Puișor,animal,,,,,,
radu tudoran,9,6,9,Radu Tudoran,"BH,CJ,CT,PH,TM,B",persons,Radu Tudoran,M,1910,1992,interwar,Writer,RO,,,,,,,,,
radului,9,8,9,Radului,"GL,IF,MM,NT,SJ,VS,VL,B",persons,Radu,M,,,medieval,Ruler,RO,,,,,,,,,
rakoczi utca,9,3,9,Rákóczi utca,"AR,BH,SM",persons,Ferenc Rákóczi II,M,1676,1735,medieval,Prince,HU,,,,,,,,,
rapilor,9,7,9,Rapilor,"BC,BN,GL,IL,IS,VS,VL",nature_terms,,,,,,,,,Râpilor,geography,,,,,,
rascoala 1907,9,8,9,Răscoala 1907,"AB,BT,CT,DJ,SB,TR,VN,B",name_categories,,,,,,,,,,,commemorative,historical_event,,,,
roghina,9,7,9,Roghina,"AG,BV,DB,GL,MS,PH,VN",,,,,,,,,,,,,,,,,
romaneasca,9,8,9,Românească,"AB,AR,CV,HD,MS,OT,SJ,TM",name_categories,,,,,,,,,,,abstract,national_identity,,,,
rusca mare,9,3,9,Rusca Mare,"GL,OT,TR",place_refs,,,,,,,,,,,,,Rusca Mare,ro_village,RO,
saiului,9,2,9,Strada Saiului,"OT,TR",,,,,,,,,,,,,,,,,
saivanelor,9,6,9,Saivanelor,"BZ,DJ,NT,SV,TM,VL",name_categories,,,,,,,,,,,occupational,agriculture,,,,
sanatoriului,9,6,9,Aleea Sanatoriului,"BH,CJ,CT,HD,PH,B",name_categories,,,,,,,,,,,institutional,medical,,,,
sanzaienelor,9,7,9,Strada Sanzaienelor,"AR,BC,BT,CJ,DJ,MH,NT",name_categories,,,,,,,,,,,mythology,folklore,,,,
sasilor,9,5,9,Sașilor,"AB,BN,MS,SB,B",name_categories,,,,,,,,,,,commemorative,ethnic,,,,
savinesti,9,6,7,Aleea Săvinești,"DJ,GL,GJ,MS,B,IF",place_refs,,,,,,,,,,,,,Săvinești,ro_village,RO,
schiorilor,9,4,8,Intrarea Schiorilor,"BV,PH,B,IF",name_categories,,,,,,,,,,,occupational,sports,,,,
sergentului,9,8,8,Aleea Sergentului,"BT,DB,DJ,IS,SJ,SV,TL,VL",name_categories,,,,,,,,,,,occupational,military,,,,
sergiu nicolaescu,9,5,9,Sergiu Nicolaescu,"BR,GL,GJ,SV,VN",persons,Sergiu Nicolaescu,M,1930,2013,communist,regizor,RO,,,,,,,,,
sever axente,9,7,9,Sever Axente,"BN,CJ,HD,MS,PH,SM,SB",persons,Sever Axente,M,1822,1897,1848,revoluționar,RO,,,,,,,,,
silviculturii,9,4,8,Aleea Silviculturii,"BR,MM,PH,TL",name_categories,,,,,,,,,,,occupational,forestry,,,,
simion,9,7,9,Aleea Simion,"GJ,NT,OT,PH,TR,VL,B",persons,Simion,M,,,medieval,sfânt,,,,,,,,,,
sohodol,9,5,9,Sohodol,"AB,BC,BV,HD,MH",place_refs,,,,,,,,,,,,,Sohodol,ro_village,RO,
stefan furtuna,9,5,8,Erou Ștefan Furtună,"BR,CJ,CL,PH,B",persons,Ștefan Furtună,M,1904,1944,communist,activist,RO,,,,,,,,,
stefan zeletin,9,4,8,Stefan Zeletin,"BC,GL,IS,VS",persons,Ștefan Zeletin,M,1882,1934,interwar,filozof,RO,,,,,,,,,
stoica,9,6,9,Stoica,"AG,BC,DB,SJ,SV,VN",persons,Stoica,M,,,premodern,nume de familie,RO,,,,,,,,,
sturzului,9,8,9,Strada Sturzului,"BC,BH,IS,MH,NT,TM,VL,IF",nature_terms,,,,,,,,,sturz,bird,,,,,,
talazului,9,3,9,Strada Talazului,"BC,CT,B",nature_terms,,,,,,,,,talaz,water,,,,,,
terenului,9,8,9,Strada Terenului,"AR,DB,GR,MM,SJ,SB,TM,VL",name_categories,,,,,,,,,,,infrastructure,land,,,,
toma alimos,9,5,9,Aleea Toma Alimoș,"DJ,CL,MH,PH,TM",persons,Toma Alimoș,M,,,medieval,haiduc,RO,,,,,,,,,
tomesti,9,5,7,Aleea Tomești,"DJ,NT,SV,B,IF",place_refs,,,,,,,,,,,,,Tomești,ro_village,RO,
topaz,9,7,9,Strada Topaz,"BH,BZ,HD,IF,MH,TR,B",nature_terms,,,,,,,,,Topaz,geography,,,,,,
toporas,9,6,9,Fundătura Toporaș,"AR,DB,DJ,IL,PH,VN",nature_terms,,,,,,,,,Toporaș,flower,,,,,,
tractoarelor,9,6,9,Strada Tractoarelor,"BV,BR,GR,NT,PH,SV",name_categories,,,,,,,,,,,trade,industrial,,,,
tufanilor,9,6,9,Strada Tufanilor,"DJ,IL,GR,IF,VL,B",nature_terms,,,,,,,,,Tufani,plant,,,,,,
turnu magurele,9,3,8,Strada Turnu Măgurele,"TR,B,IF",place_refs,,,,,,,,,,,,,Turnu Măgurele,ro_city,RO,
urzica,9,6,9,Strada Căpitan Urzică,"BT,GL,GJ,HD,IL,VL",persons,Căpitan Urzică,M,,,interwar,military,RO,,,,,,,,,
uverturii,9,7,8,Bulevardul Uverturii,"BN,BT,IF,CL,TL,VL,B",name_categories,,,,,,,,,,,abstract,art,,,,
valea florilor,9,7,9,Aleea Valea Florilor,"BH,CJ,IF,MM,OT,TM,B",nature_terms,,,,,,,,,Valea Florilor,geography,,,,,,
valea lacului,9,6,9,Strada Valea Lacului,"AG,DB,IF,SB,SV,VL",nature_terms,,,,,,,,,Valea Lacului,geography,,,,,,
valea luncii,9,7,9,Strada Valea Luncii,"AG,BC,GL,IS,GR,IF,MM",nature_terms,,,,,,,,,Valea Luncii,geography,,,,,,
valea rosie,9,6,7,Aleea Valea Roșie,"DB,IF,MM,VS,VL,B",nature_terms,,,,,,,,,Valea Roșie,geography,,,,,,
valenilor,9,6,9,Strada Vălenilor,"CJ,IS,MM,OT,SV,TR",place_refs,,,,,,,,,,,,,Văleni,ro_village,RO,
varga,9,5,9,Strada Varga,"AB,CV,HR,MS,SJ",persons,Varga,M,,,premodern,unknown,RO,,,,,,,,,
varzariei,9,4,9,Strada Vărzăriei,"BC,GJ,OT,TR",name_categories,,,,,,,,,,,trade,agriculture,,,,
venetia,9,6,9,Strada Veneția,"AB,AR,AG,CT,CV,TM",place_refs,,,,,,,,,,,,,Veneția,city,IT,
viorilor,9,7,8,Strada Viorilor,"AB,BN,BT,CJ,IS,MS,NT",name_categories,,,,,,,,,,,abstract,art,,,,
voluntari,9,7,8,Fundătura Voluntari,"BV,IS,CL,PH,SM,TR,IF",name_categories,,,,,,,,,,,commemorative,military,,,,
vultureni,9,5,7,Fundătura Vultureni,"BC,BR,CJ,GL,B",place_refs,,,,,,,,,,,,,Vultureni,ro_village,RO,
zarnesti,9,8,9,Fundătura Zărnești,"AB,DB,GL,CL,MS,VL,B,IF",place_refs,,,,,,,,,,,,,Zărnești,ro_city,RO,
24 ianuarie 1859,8,7,8,24 Ianuarie 1859,"BR,CS,GL,IL,IS,PH,SB",name_categories,,,,,,,,,,,commemorative,historical_event,,,,
a ii-a,8,4,8,A II-A,"AB,SB,TM,TL",name_categories,,,,,,,,,,,infrastructure,numerical,,,,
a iii-a,8,4,8,A III-A,"AB,SB,TM,TL",name_categories,,,,,,,,,,,infrastructure,numerical,,,,
a iv-a,8,4,8,A IV-A,"AB,SB,TM,TL",name_categories,,,,,,,,,,,infrastructure,numerical,,,,
adevarului,8,6,7,Adevărului,"BC,BH,BN,GL,TM,VS",name_categories,,,,,,,,,,,abstract,virtue,,,,
aeroport,8,4,6,Aeroport,"AR,CJ,DJ,TM",name_categories,,,,,,,,,,,infrastructure,transport,,,,
agromec,8,6,7,Agromec,"CT,GL,IL,IF,GR,TL",name_categories,,,,,,,,,,,institutional,economic,,,,
albastrelei,8,6,8,Albăstrelei,"BC,BT,GL,IL,MH,GR",nature_terms,,,,,,,,,Albăstrelei,flower,,,,,,
aleea 1,8,4,7,Aleea 1,"BN,BV,DJ,VS",name_categories,,,,,,,,,,,infrastructure,numerical,,,,
aleea crinului,8,5,8,Aleea Crinului,"DJ,IF,MH,OT,VS",nature_terms,,,,,,,,,Crinului,flower,,,,,,
aleea plopului,8,4,8,Aleea Plopului,"MH,OT,TR,TL",nature_terms,,,,,,,,,Plopului,tree,,,,,,
alexandru davila,8,6,8,Alexandru Davila,"AG,BV,BR,CJ,GL,IS",persons,Alexandru Davila,M,1862,1937,interwar,writer,RO,,,,,,,,,
andronache,8,4,5,Andronache,"AG,CL,B,IF",,,,,,,,,,,,,,,,,
anina,8,6,8,Anina,"AB,CJ,DJ,SB,TM,B",place_refs,,,,,,,,,,,,,Anina,ro_city,RO,
anotimpului,8,5,7,Anotimpului,"IS,OT,PH,B,IF",nature_terms,,,,,,,,,Anotimpului,season,,,,,,
antim ivireanul,8,6,7,Antim Ivireanul,"AR,BT,IS,IF,PH,VL",persons,Antim Ivireanul,M,1650,1716,medieval,cleric,RO,,,,,,,,,
antipa grigore,8,7,8,Antipa Grigore,"AB,BT,CJ,SV,TM,TL,VL",persons,Grigore Antipa,M,1867,1944,interwar,biologist,RO,,,,,,,,,
anton bacalbasa,8,6,7,Anton Bacalbașa,"BH,BR,CJ,TM,B,IF",persons,Anton Bacalbașa,M,1865,1899,premodern,writer,RO,,,,,,,,,
apollo,8,6,8,Apollo,"AB,AR,BC,BV,BR,CT",name_categories,,,,,,,,,,,mythology,deity,,,,
ardealul,8,6,8,Ardealul,"AB,CT,DJ,HD,MS,TM",place_refs,,,,,,,,,,,,,Ardeal,region,RO,
argilei,8,7,8,Argilei,"CS,CV,IS,GR,TL,VS,B",nature_terms,,,,,,,,,Argilei,geography,,,,,,
arman,8,4,8,Arman,"BZ,CJ,IS,VN",name_categories,,,,,,,,,,,occupational,trade,,,,
aron cotrus,8,5,8,Aron Cotruș,"AR,BH,SB,TM,B",persons,Aron Cotruș,M,1891,1961,interwar,poet,RO,,,,,,,,,
arsenie boca,8,4,8,Arsenie Boca,"AB,BC,HD,TM",persons,Arsenie Boca,M,1910,1989,communist,theologian,RO,,,,,,,,,
august treboniu laurian,8,6,8,August Treboniu Laurian,"BH,BT,CJ,SB,TM,B",persons,August Treboniu Laurian,M,1810,1881,1848,historian,RO,,,,,,,,,
avram,8,6,8,Avram,"BC,BV,DB,PH,SV,VN",persons,Avram,M,,,medieval,biblical figure,,,,,,,,,,
avramesti,8,6,8,Avramești,"BC,GJ,MS,OT,PH,VL",place_refs,,,,,,,,,,,,,Avramești,ro_village,RO,
b.p. hasdeu,8,7,8,B.P. Hașdeu,"AR,BZ,CJ,DJ,NT,PH,TM",persons,Bogdan Petriceicu Hasdeu,M,1838,1907,premodern,writer,RO,,,,,,,,,
bachus,8,6,8,Aleea Bachus,"BC,CT,CL,GR,TM,B",name_categories,,,,,,,,,,,mythology,roman,,,,
baciu,8,5,8,Baciu,"BC,GR,NT,VS,VL",name_categories,,,,,,,,,,,occupational,trade,,,,
bacului,8,6,8,Bacului,"BR,CJ,CL,MM,TL,B",name_categories,,,,,,,,,,,occupational,trade,,,,
badescu,8,5,7,Bădescu,"BR,CJ,CL,OT,VL",name_categories,,,,,,,,,,,commemorative,family name,,,,
balcesti,8,5,7,Bălcești,"DJ,GJ,HD,VL,B",place_refs,,,,,,,,,,,,,Bălcești,ro_city,RO,
bargaului,8,6,8,Bârgăului,"BN,GR,MM,PH,SM,B",place_refs,,,,,,,,,,,,,Bârgău,region,RO,
barnova,8,3,5,Bârnova,"IS,SV,B",place_refs,,,,,,,,,,,,,Bârnova,ro_village,RO,
berariei,8,6,8,Berăriei,"CS,CJ,MM,SB,SV,TR",name_categories,,,,,,,,,,,occupational,trade,,,,
bisericii vechi,8,7,8,Bisericii Vechi,"AB,NT,PH,SJ,SB,VL,VN",name_categories,,,,,,,,,,,religious,institutional,,,,
bisericutei,8,5,8,Bisericuței,"BC,BV,GJ,SV,TL",name_categories,,,,,,,,,,,religious,institutional,,,,
boteni,8,6,8,Boteni,"AG,HR,IL,GR,SM,SV",place_refs,,,,,,,,,,,,,Boteni,ro_village,RO,
braila,8,5,8,Braila,"DJ,MS,TM,VL,IF",place_refs,,,,,,,,,,,,,Brăila,ro_city,RO,
brasoveni,8,5,6,Aleea Brașoveni,"BR,BZ,NT,PH,B",place_refs,,,,,,,,,,,,,Brașov,ro_city,RO,
bratislava,8,5,8,Bratislava,"CJ,CT,PH,SB,TM",place_refs,,,,,,,,,,,,,Bratislava,city,SK,
bravilor,8,5,6,Aleea Bravilor,"CT,GL,IS,TL,B",name_categories,,,,,,,,,,,commemorative,heroic,,,,
brigadierului,8,7,8,Brigadierului,"CT,GJ,GR,MH,NT,VS,B",name_categories,,,,,,,,,,,occupational,labor,,,,
bujoreni,8,7,8,Aleea Bujoreni,"AB,CT,IS,NT,PH,TR,B",place_refs,,,,,,,,,,,,,Bujoreni,ro_village,RO,
buna,8,5,8,Buna,"AB,BN,CJ,SM,TR",name_categories,,,,,,,,,,,abstract,virtue,,,,
buridava,8,5,8,Aleea Buridava,"IS,VS,VL,B,IF",place_refs,,,,,,,,,,,,,Buridava,ancient_city,RO,
buzau,8,5,8,Aleea Buzău,"CJ,PH,TM,B,IF",place_refs,,,,,,,,,,,,,Buzău,ro_city,RO,
buzdugan,8,5,8,Buzdugan,"BC,IS,NT,SV,VL",name_categories,,,,,,,,,,,commemorative,historical_weapon,,,,
buziasului,8,2,7,Buziașului,"MH,TM",place_refs,,,,,,,,,,,,,Buziaș,ro_city,RO,
calafat,8,7,8,Calafat,"BT,CT,DB,DJ,IS,SB,B",place_refs,,,,,,,,,,,,,Calafat,ro_city,RO,
calea romanului,8,3,8,Calea Romanului,"BC,NT,VS",place_refs,,,,,,,,,,,,,Roman,ro_city,RO,
calea timisoarei,8,1,7,Calea Timisoarei,TM,place_refs,,,,,,,,,,,,,Timișoara,ro_city,RO,
caminelor,8,5,7,Căminelor,"AG,CS,DB,GJ,PH",name_categories,,,,,,,,,,,infrastructure,residential,,,,
campia libertatii,8,6,7,Câmpia Libertății,"AB,BC,TL,VS,B,IF",name_categories,,,,,,,,,,,ideological,political_event,,,,
campina,8,3,6,Câmpina,"CJ,IF,B",place_refs,,,,,,,,,,,,,Câmpina,ro_city,RO,
canepei,8,7,8,Cânepei,"CT,CV,NT,TM,VN,B,IF",nature_terms,,,,,,,,,Cânepei,plant,,,,,,
cantinei,8,5,7,Cantinei,"BZ,CT,HD,MH,PH",name_categories,,,,,,,,,,,infrastructure,public_service,,,,
capitanului,8,5,8,Aleea Căpitanului,"AG,BT,DJ,CL,TR",name_categories,,,,,,,,,,,occupational,military,,,,
caprifoiului,8,7,8,Caprifoiului,"IS,IF,CL,NT,PH,TM,VN",nature_terms,,,,,,,,,Caprifoi,flower,,,,,,
caprioarelor,8,6,8,Căprioarelor,"AG,NT,PH,SB,SV,VL",nature_terms,,,,,,,,,Căprioară,animal,,,,,,
caramizilor,8,6,8,Cărămizilor,"BN,BV,CV,MM,MS,SB",name_categories,,,,,,,,,,,trade,craft,,,,
carausilor,8,6,8,Cărăușilor,"AB,CJ,IS,GR,MM,B",name_categories,,,,,,,,,,,occupational,transport,,,,
carpenis,8,7,8,Carpeniș,"BN,CV,DB,PH,SM,TR,VL",nature_terms,,,,,,,,,Carpeniș,tree,,,,,,
cartier nou,8,6,8,Cartier Nou,"CT,GL,HD,TR,VS,VL",name_categories,,,,,,,,,,,infrastructure,urban development,,,,
carului,8,6,8,Carului,"BT,BR,IS,PH,TM,B",name_categories,,,,,,,,,,,trade,transport,,,,
casa de apa,8,3,8,Casa de Apă,"BC,IS,VN",name_categories,,,,,,,,,,,infrastructure,utility,,,,
cascadelor,8,6,8,Cascadelor,"AG,BR,CS,SB,TR,TL",nature_terms,,,,,,,,,Cascadelor,geography,,,,,,
caselor,8,4,8,Caselor,"DB,SM,TL,VL",name_categories,,,,,,,,,,,infrastructure,residential,,,,
cazane,8,5,7,Aleea Cazane,"BR,MH,OT,TR,VL",name_categories,,,,,,,,,,,trade,craft,,,,
centralei,8,7,8,Aleea Centralei,"CV,DJ,HD,CL,NT,SV,VL",name_categories,,,,,,,,,,,infrastructure,utility,,,,
cernisoara,8,4,6,Cernișoara,"AB,GJ,IF,B",place_refs,,,,,,,,,,,,,Cernișoara,ro_village,RO,
cetatuii,8,6,8,Cetățuii,"AB,BT,GL,IS,NT,SV",nature_terms,,,,,,,,,Cetățuii,geography,,,,,,
chiscului,8,5,8,Chiscului,"BC,BT,IS,NT,VN",name_categories,,,,,,,,,,,infrastructure,urban furniture,,,,
cibin,8,3,7,Cibin,"MH,SB,TM",place_refs,,,,,,,,,,,,,Cibin,river,RO,
cierului,8,4,8,Cierului,"BC,IS,NT,VS",,,,,,,,,,,,,,,,,
cincinat pavelescu,8,7,7,Cincinat Pavelescu,"AR,BV,BZ,CT,IF,TM,VN",persons,Cincinat Pavelescu,M,1872,1934,interwar,poet,RO,,,,,,,,,
ciobanesti,8,6,7,Ciobănești,"AG,GJ,GR,DB,TR,VL",name_categories,,,,,,,,,,,occupational,pastoral,,,,
ciocanului,8,7,8,Ciocanului,"BH,BV,CJ,MS,PH,SB,B",name_categories,,,,,,,,,,,trade,tool,,,,
cismarului,8,5,8,Cismarului,"BZ,DB,GR,OT,TR",name_categories,,,,,,,,,,,occupational,craft,,,,
ciupercilor,8,6,8,Ciupercilor,"BT,IS,IL,CL,MH,OT",nature_terms,,,,,,,,,Ciupercilor,plant,,,,,,
ciurgau,8,4,8,Ciurgău,"BN,CJ,MS,SV",nature_terms,,,,,,,,,Ciurgău,water,,,,,,
cojocari,8,4,8,Cojocari,"BR,DB,GJ,PH",name_categories,,,,,,,,,,,occupational,trade,,,,
colentina,8,2,5,Colentina,"IF,B",place_refs,,,,,,,,,,,,,Colentina,river,RO,
coltei,8,4,7,Colței,"BR,PH,SM,B",place_refs,,,,,,,,,,,,,Colțea,ro_monastery,RO,
coman,8,6,8,Coman,"BC,DB,NT,TR,VS,VL",persons,Coman,M,,,medieval,historical figure,RO,,,,,,,,,
comana,8,6,8,Comana,"BV,GR,IL,MH,PH,B",place_refs,,,,,,,,,,,,,Comana,ro_village,RO,
constantin brailoiu,8,6,8,Constantin Brăiloiu,"BH,BN,CJ,CL,IF,TM",persons,Constantin Brăiloiu,M,1893,1958,interwar,ethnomusicologist,RO,,,,,,,,,
constantin dobrogeanu-gherea,8,7,8,Constantin Dobrogeanu-Gherea,"AR,IL,MM,OT,PH,VL,B",persons,Constantin Dobrogeanu-Gherea,M,1855,1920,interwar,writer,RO,,,,,,,,,
constantin sandu-aldea,8,4,7,Aleea Constantin Sandu-Aldea,"BR,CT,SB,B",persons,Constantin Sandu-Aldea,M,1874,1927,interwar,writer,RO,,,,,,,,,
corni,8,7,8,Corni,"AB,BT,BZ,SM,SJ,VS,VN",nature_terms,,,,,,,,,Corni,tree,,,,,,
cornisa,8,4,8,Aleea Cornișa,"BC,BT,MS,NT",nature_terms,,,,,,,,,Cornișa,geography,,,,,,
corvin matei,8,7,8,Corvin Matei,"AB,AR,CJ,CT,MS,TM,B",persons,Matei Corvin,M,1443,1490,medieval,king,HU,,,,,,,,,
cotroceni,8,4,7,Cotroceni,"PH,SJ,VS,B",place_refs,,,,,,,,,,,,,Cotroceni,ro_city,RO,
cotunei,8,3,7,Cotunei,"BC,NT,VS",name_categories,,,,,,,,,,,occupational,trade,,,,
coziei,8,6,8,Coziei,"BH,BZ,HD,MH,PH,TL",place_refs,,,,,,,,,,,,,Cozia,ro_monastery,RO,
crangasi,8,4,8,Calea Crângași,"BZ,PH,TL,B",place_refs,,,,,,,,,,,,,Crângași,ro_city,RO,
curtea domneasca,8,5,6,Curtea Domneasca,"IS,IF,NT,OT,SV",name_categories,,,,,,,,,,,institutional,commemorative,,,,
debarcaderului,8,7,7,Debarcaderului,"BR,BZ,DB,IS,NT,TL,B",name_categories,,,,,,,,,,,infrastructure,infrastructure,,,,
dem radulescu,8,6,8,Bulevardul Dem Rădulescu,"BR,CT,CL,SV,VL,IF",persons,Dem Rădulescu,M,1931,2000,communist,actor,RO,,,,,,,,,
diaconu coresi,8,7,8,Diaconu Coresi,"AR,BV,CJ,DB,CL,TM,B",persons,Coresi,M,,1583,medieval,printer,RO,,,,,,,,,
dimitrie onciul,8,5,8,Dimitrie Onciul,"AG,BH,CJ,SV,B",persons,Dimitrie Onciul,M,1856,1923,interwar,historian,RO,,,,,,,,,
dispensar,8,6,8,Dispensar,"BZ,CJ,IF,NT,VS,VL",name_categories,,,,,,,,,,,institutional,medical,,,,
dobresti,8,7,8,Dobrești,"BN,DJ,HD,PH,SB,TM,VL",place_refs,,,,,,,,,,,,,Dobrești,ro_village,RO,
dochia,8,5,6,Aleea Dochia,"BC,BT,IS,MM,VS",name_categories,,,,,,,,,,,mythology,folklore,,,,
dragan,8,7,8,Drăgan,"IS,NT,TR,VS,VL,VN,DB",persons,Drăgan,M,,,premodern,family name,RO,,,,,,,,,
dumitru bagdasar,8,8,8,Doctor Dumitru Bagdasar,"BC,OT,PH,TR,TM,VS,VL,B",persons,Dumitru Bagdasar,M,1893,1946,interwar,neurosurgeon,RO,,,,,,,,,
ecluzei,8,5,8,Ecluzei,"CT,GR,TL,B,IF",name_categories,,,,,,,,,,,infrastructure,transport,,,,
eforiei,8,7,8,Eforiei,"BH,CT,IL,IF,PH,SB,B",name_categories,,,,,,,,,,,institutional,administrative,,,,
electricianului,8,6,8,Aleea Electricianului,"BN,BT,HR,IL,GR,OT",name_categories,,,,,,,,,,,occupational,trade,,,,
eudoxiu hurmuzachi,8,3,8,Eudoxiu Hurmuzachi,"IS,SV,B",persons,Eudoxiu Hurmuzachi,M,1812,1874,premodern,historian and politician,RO,,,,,,,,,
europei,8,5,8,EUROPEI,"AB,BZ,IL,MM,VS",name_categories,,,,,,,,,,,abstract,geopolitical,,,,
fagadau,8,4,8,Făgădău,"GL,IS,VS,B",name_categories,,,,,,,,,,,trade,hospitality,,,,
fanatului,8,5,8,Aleea Fânațului,"BC,BT,HR,IS,NT",nature_terms,,,,,,,,,Fânațului,meadow,,,,,,
fazanilor,8,7,8,Fazanilor,"BH,CJ,CT,CL,GR,TR,TM",nature_terms,,,,,,,,,Fazanilor,bird,,,,,,
ferarilor,8,7,8,Ferarilor,"BH,BT,BZ,IS,MH,TR,VS",name_categories,,,,,,,,,,,occupational,trade,,,,
fierari,8,6,8,Fierari,"IF,NT,PH,TR,VL,B",name_categories,,,,,,,,,,,occupational,trade,,,,
fierului,8,5,8,Fierului,"AB,CJ,SJ,SB,SV",name_categories,,,,,,,,,,,abstract,material,,,,
filipesti,8,6,8,Filipești,"AB,DB,DJ,GJ,OT,PH",place_refs,,,,,,,,,,,,,Filipești,ro_village,RO,
fizicienilor,8,5,5,Aleea Fizicienilor,"CL,GR,PH,B,IF",name_categories,,,,,,,,,,,occupational,scientific,,,,
florarilor,8,6,8,Florarilor,"CT,IS,PH,TL,B,IF",name_categories,,,,,,,,,,,occupational,trade,,,,
garofita,8,6,7,Fundătura Garofița,"BT,GL,IS,MH,PH,VN",nature_terms,,,,,,,,,Garofița,flower,,,,,,
gemeni,8,4,6,GEMENI,"CT,IF,GR,B",name_categories,,,,,,,,,,,mythology,astrology,,,,
generalului,8,7,8,Generalului,"AG,BT,DJ,MM,VL,B,IF",name_categories,,,,,,,,,,,occupational,military,,,,
geneva,8,4,8,Geneva,"GJ,IF,TM,B",place_refs,,,,,,,,,,,,,Geneva,city,CH,
gerului,8,2,7,Gerului,"GL,PH",nature_terms,,,,,,,,,Ger,weather,,,,,,
gherghinelor,8,5,7,Gherghinelor,"BT,GL,MH,PH,TM",nature_terms,,,,,,,,,Gherghină,fruit,,,,,,
gliei,8,5,8,Gliei,"CT,IS,NT,B,IF",nature_terms,,,,,,,,,Glie,geography,,,,,,
golfului,8,6,8,Golfului,"BH,CT,IF,SB,TL,B",nature_terms,,,,,,,,,Golf,geography,,,,,,
grecului,8,5,8,Grecului,"BZ,DB,GJ,OT,SB",name_categories,,,,,,,,,,,commemorative,ethnic,,,,
grigore ignat,8,8,8,Căpitan Grigore Ignat,"BC,BR,CJ,CT,GL,PH,SB,VS",persons,Grigore Ignat,M,1889,1941,interwar,militar,RO,,,,,,,,,
haga,8,4,8,Haga,"CT,NT,TM,B",place_refs,,,,,,,,,,,,,Haga,city,NL,
halelor,8,4,6,Halelor,"BR,BZ,IF,B",name_categories,,,,,,,,,,,trade,commerce,,,,
harmanului,8,1,5,Calea Hărmanului,BV,place_refs,,,,,,,,,,,,,Hărman,ro_village,RO,
hermann oberth,8,5,7,Hermann Oberth,"BV,CJ,MS,SB,B",persons,Hermann Oberth,M,1894,1989,interwar,fizician,DE,,,,,,,,,
hipodromului,8,5,7,Hipodromului,"DB,DJ,IF,SB,SV",name_categories,,,,,,,,,,,infrastructure,sports,,,,
hotin,8,5,7,Hotin,"DB,IS,MS,VS,B",place_refs,,,,,,,,,,,,,Hotin,city,UA,
iazul morii,8,8,8,Iazul Morii,"AB,BV,BZ,CJ,GJ,PH,SB,VL",nature_terms,,,,,,,,,Iazul Morii,water,,,,,,
iazurilor,8,5,8,Iazurilor,"BC,CJ,SV,TL,VN",nature_terms,,,,,,,,,Iaz,water,,,,,,
iepurelui,8,4,8,Iepurelui,"OT,PH,TM,TL",nature_terms,,,,,,,,,Iepure,animal,,,,,,
iftimie barleanu,8,2,4,Aleea Iftimie Bârleanu,"IS,SV",persons,Iftimie Bârleanu,M,1916,1986,communist,sculptor,RO,,,,,,,,,
ignat,8,6,8,Căpitan Ignat,"AR,BT,IS,GR,VS,VN",persons,Ignat,M,,,medieval,military,RO,,,,,,,,,
ilie pintilie,8,8,8,Aleea Ilie Pintilie,"BT,CJ,HD,IF,SB,SV,TM,B",persons,Ilie Pintilie,M,1903,1940,communist,politician,RO,,,,,,,,,
inariei,8,2,8,Inăriei,"BC,VS",name_categories,,,,,,,,,,,trade,occupational,,,,
ingusta,8,6,8,Ingusta,"BZ,CT,MH,SV,TL,VS",name_categories,,,,,,,,,,,abstract,spatial,,,,
ion alexandrescu,8,4,6,Intrarea Sublocotenent Ion Alexandrescu,"BC,CT,DB,VL",persons,Ion Alexandrescu,M,,,interwar,military,RO,,,,,,,,,
ion baiesu,8,4,8,Intrarea Ion Băieșu,"BZ,CT,B,IF",persons,Ion Băieșu,M,1933,1992,communist,writer,RO,,,,,,,,,
ion jalea,8,4,8,Ion Jalea,"BC,CT,SB,TL",persons,Ion Jalea,M,1887,1983,communist,sculptor,RO,,,,,,,,,
ion tuculescu,8,5,6,Aleea Ion Țuculescu,"CT,DJ,SB,TM,B",persons,Ion Țuculescu,M,1910,1962,communist,painter,RO,,,,,,,,,
iosif sava,8,6,8,Aleea Iosif Sava,"AR,CJ,CT,IS,B,IF",persons,Iosif Sava,M,1933,1998,communist,musicologist,RO,,,,,,,,,
jepilor,8,3,8,Jepilor,"BV,PH,B",nature_terms,,,,,,,,,Jepilor,geography,,,,,,
jianu,8,6,8,Aleea Jianu,"BT,CT,GJ,OT,PH,TL",persons,Iancu Jianu,M,1787,1842,premodern,haiduc,RO,,,,,,,,,
jokai utca,8,4,8,Jókai utca,"AR,BH,SM,TM",persons,Mór Jókai,M,1825,1904,premodern,writer,HU,,,,,,,,,
kicsi,8,2,8,Kicsi,"HR,MS",name_categories,,,,,,,,,,,abstract,spatial,,,,
kis,8,4,8,Kis,"CJ,HR,MS,SJ",name_categories,,,,,,,,,,,abstract,spatial,,,,
la fantani,8,6,8,La Fântâni,"BZ,GL,MM,NT,PH,SJ",nature_terms,,,,,,,,,La Fântâni,water,,,,,,
lacatusului,8,6,8,Lăcătușului,"BC,CJ,IF,MH,TM,B",name_categories,,,,,,,,,,,trade,occupational,,,,
lacuri,8,4,8,Lacuri,"AB,BC,CJ,VL",nature_terms,,,,,,,,,Lacuri,water,,,,,,
lastunilor,8,6,8,Lăstunilor,"BC,CJ,IS,CL,OT,PH",nature_terms,,,,,,,,,Lăstunilor,bird,,,,,,
laz,8,5,7,Laz,"BN,GJ,HR,MM,VL",nature_terms,,,,,,,,,Laz,geography,,,,,,
legumelor,8,5,8,Legumelor,"BR,BZ,DB,IF,VN",nature_terms,,,,,,,,,Legumelor,plant,,,,,,
leilor,8,6,8,LEILOR,"BC,IF,MH,SV,TR,TM",nature_terms,,,,,,,,,Lei,animal,,,,,,
lianei,8,7,8,Intrarea Lianei,"BR,CL,IL,TM,TL,VN,B",nature_terms,,,,,,,,,Liană,plant,,,,,,
linului,8,5,8,Fundătura Linului,"AR,GR,TM,TL,B",nature_terms,,,,,,,,,Lin,animal,,,,,,
loturilor,8,6,8,Loturilor,"BT,DB,NT,OT,SV,TL",name_categories,,,,,,,,,,,infrastructure,land_division,,,,
lui traian,8,2,8,Calea lui Traian,"TM,VL",persons,Traian,M,53,117,ancient,emperor,IT,,,,,,,,,
magheranului,8,4,7,Intrarea Măgheranului,"BH,IF,OT,SB",nature_terms,,,,,,,,,Măgheran,plant,,,,,,
malini,8,8,8,Mălini,"BT,GL,GJ,IS,PH,SV,VS,VN",place_refs,,,,,,,,,,,,,Mălini,ro_village,RO,
malu rosu,8,6,8,Malu Roșu,"DB,CL,IF,MH,PH,B",nature_terms,,,,,,,,,Malu Roșu,geography,,,,,,
mamaia,8,5,7,Aleea Mamaia,"CJ,CT,DJ,TM,B",place_refs,,,,,,,,,,,,,Mamaia,resort,RO,
margareta,8,5,8,Intrarea Margareta,"BT,HR,CL,SJ,B",nature_terms,,,,,,,,,Margaretă,flower,,,,,,
martinesti,8,5,8,Martinești,"CS,HD,MH,SM,B",place_refs,,,,,,,,,,,,,Martinești,ro_village,RO,
mateiu caragiale,8,6,8,Mateiu Caragiale,"BR,CJ,CT,GL,CL,B",persons,Mateiu Caragiale,M,1885,1936,interwar,writer,RO,,,,,,,,,
mehedinti,8,6,7,Aleea Mehedinți,"BH,CJ,GJ,SB,TM,IF",place_refs,,,,,,,,,,,,,Mehedinți,region,RO,
migdalelor,8,6,7,Aleea Migdalelor,"AR,CJ,GL,GR,IF,NT",nature_terms,,,,,,,,,Migdal,tree,,,,,,
mihail sturdza,8,6,8,Mihail Sturdza,"BC,BT,CT,IS,PH,SV",persons,Mihail Sturdza,M,1794,1884,premodern,politician,RO,,,,,,,,,
minis,8,4,8,Aleea Miniș,"AB,CS,TM,B",place_refs,,,,,,,,,,,,,Miniș,ro_village,RO,
mircea,8,5,7,Mircea,"AB,BZ,IS,MH,SB",persons,Mircea cel Bătrân,M,1355,1418,medieval,ruler,RO,,,,,,,,,
mocani,8,6,8,Mocani,"BC,DB,IS,NT,PH,VL",name_categories,,,,,,,,,,,occupational,shepherd,,,,
moraritei,8,5,7,Morăriței,"BC,BH,MM,VS,VL",name_categories,,,,,,,,,,,occupational,trade,,,,
moricz zsigmond,8,6,8,Moricz Zsigmond,"AR,BH,CJ,HR,SM,TM",persons,Móricz Zsigmond,M,1879,1942,interwar,writer,HU,,,,,,,,,
musatinilor,8,4,8,Mușatinilor,"IS,SV,VL,B",persons,Mușatinii (Dinastia Mușatinilor),collective,,,medieval,dinasty,RO,,,,,,,,,
musetel,8,5,8,Mușețel,"AR,BT,SM,TM,TL",nature_terms,,,,,,,,,Mușețel,plant,,,,,,
n. balcescu,8,7,8,N. Bălcescu,"AG,BC,CL,MH,OT,SM,VN",persons,Nicolae Bălcescu,M,1819,1852,1848,"historian, politician",RO,,,,,,,,,
nagy,8,4,8,Nagy,"AR,BH,HR,SJ",persons,Nagy (generic surname),M,,,premodern,generic,HU,,,,,,,,,
namoloasa,8,6,8,Nămoloasa,"BR,CT,GL,IS,PH,VN",place_refs,,,,,,,,,,,,,Nămoloasa,ro_village,RO,
napoli,8,2,8,Napoli,"CT,TM",place_refs,,,,,,,,,,,,,Napoli,city,IT,
nemira,8,5,7,Nemira,"BC,CJ,CV,B,IF",place_refs,,,,,,,,,,,,,Nemira,mountain,RO,
nou,8,6,8,Bulevardul Nou,"AG,DJ,HR,PH,SB,SV",name_categories,,,,,,,,,,,abstract,descriptive,,,,
novaci,8,5,8,Novaci,"CT,IF,MH,PH,B",place_refs,,,,,,,,,,,,,Novaci,ro_city,RO,
nr. 19,8,6,7,Nr. 19,"AR,BZ,DJ,MH,MS,PH",,,,,,,,,,,,,,,,,
nr. 20,8,6,8,Nr. 20,"AR,BZ,DJ,MH,MS,PH",,,,,,,,,,,,,,,,,
nr. 22,8,7,8,Nr. 22,"AR,BZ,DJ,MH,MS,PH,VS",,,,,,,,,,,,,,,,,
nr. 25,8,6,8,Nr. 25,"BZ,DJ,MH,MS,PH,VS",,,,,,,,,,,,,,,,,
nr. 33,8,7,8,Nr. 33,"BZ,DJ,MH,MS,NT,PH,VS",,,,,,,,,,,,,,,,,
nr. 36,8,7,8,Nr. 36,"BZ,DJ,MM,MH,MS,PH,VS",,,,,,,,,,,,,,,,,
nr. 46,8,7,7,Nr. 46,"DJ,MM,MH,MS,NT,PH,VS",,,,,,,,,,,,,,,,,
nr.14,8,5,8,Nr.14,"AR,BZ,CV,MH,VS",,,,,,,,,,,,,,,,,
nr.16,8,5,8,Nr.16,"AR,BZ,CV,MH,VS",,,,,,,,,,,,,,,,,
nr.17,8,4,8,Nr.17,"BZ,CV,MH,VS",,,,,,,,,,,,,,,,,
nr.18,8,4,8,Nr.18,"BZ,CV,MH,VS",,,,,,,,,,,,,,,,,
obstei,8,6,8,Obștei,"AG,PH,SV,VL,B,IF",name_categories,,,,,,,,,,,institutional,community,,,,
odihnei,8,4,8,Odihnei,"BC,GL,SV,B",name_categories,,,,,,,,,,,abstract,concept,,,,
ogasului,8,4,8,Ogașului,"CS,GJ,MH,TM",nature_terms,,,,,,,,,Ogașului,geography,,,,,,
opalului,8,5,8,Drumul Opalului,"CT,PH,SB,B,IF",nature_terms,,,,,,,,,Opalului,geography,,,,,,
oradea,8,6,8,Oradea,"AR,GL,PH,SM,TM,B",place_refs,,,,,,,,,,,,,Oradea,ro_city,RO,
orzului,8,6,8,Orzului,"AG,BZ,CJ,CL,SB,TM",nature_terms,,,,,,,,,Orzului,plant,,,,,,
osoi,8,7,8,Osoi,"BC,BH,BN,MM,SM,SJ,SV",place_refs,,,,,,,,,,,,,Osoi,ro_village,RO,
palinciei,8,3,8,Pălinciei,"MM,SM,SJ",name_categories,,,,,,,,,,,trade,production,,,,
palmierilor,8,6,8,Palmierilor,"AR,CT,MS,OT,TR,TM",nature_terms,,,,,,,,,Palmierilor,tree,,,,,,
panciu,8,6,8,Panciu,"BR,GL,PH,TM,VN,B",place_refs,,,,,,,,,,,,,Panciu,ro_city,RO,
paraul morii,8,4,8,Pârâul Morii,"BC,BT,MM,SV",nature_terms,,,,,,,,,Pârâul Morii,water,,,,,,
paun pincio,8,6,7,Fundătura Păun Pincio,"BC,BV,BZ,MH,TM,VS",persons,Păun Pincio,M,1893,1940,interwar,writer,RO,,,,,,,,,
pestilor,8,6,8,Peștilor,"BN,MM,SB,VL,B,IF",nature_terms,,,,,,,,,Peștilor,animal,,,,,,
petrescu,8,5,8,General Petrescu,"AR,BT,DB,IL,VL",,,,,,,,,,,,,,,,,
petresti,8,6,7,Petrești,"AB,AG,CS,GJ,VN,DB",place_refs,,,,,,,,,,,,,Petrești,ro_village,RO,
petrochimistilor,8,2,4,Aleea Petrochimiștilor,"AG,PH",name_categories,,,,,,,,,,,occupational,industry,,,,
piata victoriei,8,7,8,Piața Victoriei,"CJ,CT,GL,HD,OT,VS,VN",name_categories,,,,,,,,,,,commemorative,historical_event,,,,
piatra arsa,8,2,8,Aleea Piatra Arsă,"BV,PH",place_refs,,,,,,,,,,,,,Piatra Arsă,mountain_peak,RO,
piatra mare,8,3,8,Aleea Piatra Mare,"BV,PH,B",place_refs,,,,,,,,,,,,,Piatra Mare,mountain,RO,
pietrar,8,4,7,Pietrar,"AB,HD,MM,SJ",name_categories,,,,,,,,,,,occupational,craft,,,,
pietrarului,8,7,8,Pietrarului,"BT,HR,IS,MM,NT,TM,VN",name_categories,,,,,,,,,,,occupational,trade,,,,
piramidei,8,4,8,Piramidei,"DB,PH,TL,B",name_categories,,,,,,,,,,,abstract,geometry,,,,
platoului,8,6,8,Platoului,"HD,CL,MH,MS,SV,VL",nature_terms,,,,,,,,,Platoului,geography,,,,,,
plesesti,8,6,7,Aleea Pleșești,"AG,BZ,OT,TR,VL,B",place_refs,,,,,,,,,,,,,Pleșești,ro_village,RO,
plopii fara sot,8,1,3,Aleea Plopii Fără Soț,IS,nature_terms,,,,,,,,,Plopii Fără Soț,tree,,,,,,
podgorenilor,8,7,8,Podgorenilor,"AB,BC,BT,CJ,GL,IL,TL",name_categories,,,,,,,,,,,occupational,trade,,,,
poenita,8,4,7,POENITA,"IL,VL,VN,B",nature_terms,,,,,,,,,Poienița,meadow,,,,,,
pogoane,8,6,8,Pogoane,"DB,GJ,IL,NT,PH,VL",nature_terms,,,,,,,,,Pogoane,geography,,,,,,
poiana lunga,8,7,8,Poiana Lungă,"BC,DB,GJ,MM,OT,PH,VN",nature_terms,,,,,,,,,Poiana Lungă,meadow,,,,,,
poienari,8,7,8,Poienari,"AG,BC,NT,OT,PH,TR,VN",place_refs,,,,,,,,,,,,,Poienari,ro_village,RO,
popeni,8,6,8,Popeni,"BC,CJ,GR,MM,SJ,SV",place_refs,,,,,,,,,,,,,Popeni,ro_village,RO,
porumbarului,8,6,8,Porumbarului,"BT,BZ,DJ,GJ,IF,VL",nature_terms,,,,,,,,,Porumbarului,tree,,,,,,
potcoava,8,7,8,Potcoava,"BR,DB,GJ,IS,TR,VS,CL",name_categories,,,,,,,,,,,abstract,infrastructure,,,,
potecii,8,7,8,Fundătura Potecii,"GL,HR,IS,SM,VS,VN,B",nature_terms,,,,,,,,,Potecii,geography,,,,,,
preluca,8,6,8,Preluca,"BC,HR,MM,NT,SV,B",nature_terms,,,,,,,,,Preluca,geography,,,,,,
presei,8,7,7,Presei,"CV,GL,MS,NT,TR,VL,B",name_categories,,,,,,,,,,,institutional,media,,,,
prometeu,8,7,8,Prometeu,"AR,BH,GJ,SB,SV,TM,B",name_categories,,,,,,,,,,,mythology,greek,,,,
radu calomfirescu,8,6,8,Radu Calomfirescu,"CT,DJ,OT,PH,TR,B",persons,Radu Calomfirescu,M,,,premodern,boyar,RO,,,,,,,,,
radu cel mare,8,5,8,Aleea Radu cel Mare,"BZ,DB,IF,OT,PH",persons,Radu cel Mare,M,1467,1508,medieval,ruler,RO,,,,,,,,,
radu mihnea,8,5,8,Domnitor Radu Mihnea,"BT,CT,IL,CL,VS",persons,Radu Mihnea,M,1586,1626,medieval,ruler,RO,,,,,,,,,
raducanu,8,5,8,Fundătura Răducanu,"BC,BZ,DB,GJ,VL",persons,Răducanu,M,,,premodern,nume de familie,RO,,,,,,,,,
rapa galbena,8,3,8,Râpa Galbenă,"BT,IS,MM",nature_terms,,,,,,,,,Râpa Galbenă,geography,,,,,,
recunostiintei,8,2,8,Recunoștiinței,"BZ,OT",name_categories,,,,,,,,,,,abstract,virtue,,,,
remetea,8,4,8,Remetea,"BN,CJ,MS,B",place_refs,,,,,,,,,,,,,Remetea,ro_village,RO,
ricinului,8,5,8,Ricinului,"IF,MH,PH,TR,B",nature_terms,,,,,,,,,Ricinului,plant,,,,,,
rodiei,8,6,8,Rodiei,"AB,DJ,GJ,MH,TM,B",nature_terms,,,,,,,,,Rodiei,fruit,,,,,,
rucar,8,7,7,Aleea Rucăr,"BC,CJ,DB,IF,PH,SB,B",place_refs,,,,,,,,,,,,,Rucăr,ro_village,RO,
runc,8,5,8,Runc,"AB,BC,BT,HR,SV",nature_terms,,,,,,,,,Runc,geography,,,,,,
rusilor,8,6,8,Rușilor,"BC,CJ,GL,NT,SB,SV",name_categories,,,,,,,,,,,commemorative,ethnic,,,,
santului,8,7,8,Strada Șanțului,"BH,CJ,CV,GL,IF,NT,PH",name_categories,,,,,,,,,,,infrastructure,fortification,,,,
sarbului,8,5,8,Strada Sârbului,"BC,BT,DB,IL,OT",name_categories,,,,,,,,,,,commemorative,ethnic,,,,
satelitului,8,6,7,Aleea Satelitului,"BH,BR,CT,SJ,TM,B",name_categories,,,,,,,,,,,ideological,technology,,,,
satu vechi,8,5,8,Satu Vechi,"BT,BR,BZ,IS,NT",place_refs,,,,,,,,,,,,,Satu Vechi,ro_village,RO,
scoalei,8,6,7,Fundătura Școalei,"AR,BZ,IS,TL,B,IF",name_categories,,,,,,,,,,,institutional,education,,,,
scorus,8,7,8,Aleea Scoruș,"AG,BC,BZ,DB,HD,NT,VL",nature_terms,,,,,,,,,Scoruș,tree,,,,,,
semanatorilor,8,6,8,Semanatorilor,"AR,BT,CT,GL,MS,VS",name_categories,,,,,,,,,,,occupational,agriculture,,,,
serban,8,4,8,Fundătura Șerban,"BZ,DB,PH,VL",persons,Șerban,M,,,medieval,nume de familie,RO,,,,,,,,,
serbanesti,8,4,8,Strada Șerbănești,"BC,GJ,TR,VL",place_refs,,,,,,,,,,,,,Șerbănești,ro_village,RO,
sesuri,8,5,8,Strada Șesuri,"AB,BN,GJ,MM,SJ",nature_terms,,,,,,,,,Șesuri,geography,,,,,,
sevastopol,8,5,6,Intrarea Sevastopol,"GL,IS,OT,PH,B",place_refs,,,,,,,,,,,,,Sevastopol,city,UA,
severin,8,7,8,Severin,"AR,BZ,DJ,HD,SB,SV,TM",place_refs,,,,,,,,,,,,,Drobeta-Turnu Severin,ro_city,RO,
sifonariei,8,3,7,Fundătura Sifonăriei,"BZ,DB,GR",name_categories,,,,,,,,,,,trade,occupational,,,,
silvicultorului,8,5,8,Silvicultorului,"BC,GJ,IS,NT,SV",name_categories,,,,,,,,,,,occupational,forestry,,,,
simion mehedinti,8,6,8,Simion Mehedinți,"BC,GL,SB,VN,B,IF",persons,Simion Mehedinți,M,1868,1962,interwar,geographer,RO,,,,,,,,,
solariilor,8,4,7,Intrarea Solariilor,"GR,IF,MS,VS",name_categories,,,,,,,,,,,trade,agriculture,,,,
soseaua veche,8,6,8,Strada Șoseaua Veche,"BC,BT,BZ,GL,IS,VL",name_categories,,,,,,,,,,,infrastructure,road,,,,
spartacus,8,6,8,Spartacus,"AR,BH,BV,SB,TM,B",persons,Spartacus,M,-111,-71,ancient,gladiator,TR,,,,,,,,,
stanistei,8,5,8,Staniștei,"BC,BT,BZ,SV,VN",nature_terms,,,,,,,,,Staniște,meadow,,,,,,
stiucii,8,4,6,Intrarea Știucii,"BC,TL,B,IF",nature_terms,,,,,,,,,Știucă,animal,,,,,,
stuparului,8,6,8,STUPARULUI,"BT,IS,PH,TL,VS,VL",name_categories,,,,,,,,,,,occupational,beekeeping,,,,
stupini,8,3,6,Aleea Stupini,"BC,BZ,PH",nature_terms,,,,,,,,,Stupini,meadow,,,,,,
stupului,8,6,8,Strada Stupului,"GL,IL,GR,MH,SB,VS",name_categories,,,,,,,,,,,trade,beekeeping,,,,
sub dos,8,5,8,Strada Sub Dos,"CS,GJ,MM,SJ,VL",nature_terms,,,,,,,,,Sub Dos,geography,,,,,,
subpadure,8,2,8,Str. Subpădure,"HR,MS",nature_terms,,,,,,,,,Subpădure,forest,,,,,,
tamasi aron,8,3,7,Strada Tamási Áron,"CJ,CV,HR",persons,Tamási Áron,M,1897,1966,interwar,writer,HU,,,,,,,,,
tanorok,8,2,8,Strada Tanorok,"HR,MS",,,,,,,,,,,,,,,,,
tapului,8,6,8,Strada Țapului,"CL,PH,SV,TR,TL,VS",nature_terms,,,,,,,,,Țap,animal,,,,,,
tecarului,8,4,8,Strada Tecarului,"DJ,MH,OT,TR",name_categories,,,,,,,,,,,occupational,trade,,,,
tecuci,8,5,8,Strada Tecuci,"BR,CJ,GL,OT,B",place_refs,,,,,,,,,,,,,Tecuci,ro_city,RO,
teleajen,8,4,7,Intrarea Teleajen,"CT,GL,PH,B",place_refs,,,,,,,,,,,,,Teleajen,river,RO,
teleajenului,8,2,8,Strada Teleajenului,"DJ,PH",place_refs,,,,,,,,,,,,,Teleajen,river,RO,
terasei,8,6,8,Aleea Terasei,"MS,NT,SV,TR,B,IF",nature_terms,,,,,,,,,Terasei,geography,,,,,,
teraselor,8,6,8,Aleea Teraselor,"BT,GR,MS,OT,TR,VN",nature_terms,,,,,,,,,Teraselor,geography,,,,,,
textilistilor,8,5,7,Aleea Textiliștilor,"CV,GL,MH,SB,B",name_categories,,,,,,,,,,,occupational,trade,,,,
topolog,8,3,6,Aleea Topolog,"CT,TL,VL",place_refs,,,,,,,,,,,,,Topolog,river,RO,
toth,8,5,8,Strada Tóth,"CV,HR,MM,MS,SJ",persons,Tóth,M,,,premodern,unknown,HU,,,,,,,,,
trenului,8,5,8,Strada Trenului,"AR,PH,TM,VN,B",name_categories,,,,,,,,,,,infrastructure,transport,,,,
umbrelor,8,3,8,Strada Umbrelor,"BZ,PH,TL",name_categories,,,,,,,,,,,abstract,poetic,,,,
valea fantanii,8,7,8,Strada Valea Fântânii,"AG,GJ,IS,MM,TR,VL,GR",nature_terms,,,,,,,,,Valea Fântânii,geography,,,,,,
valea frumoasei,8,4,8,Aleea Valea Frumoasei,"AB,BC,NT,SB",place_refs,,,,,,,,,,,,,Valea Frumoasei,region,RO,
valea jiului,8,4,8,Strada Valea Jiului,"BV,DJ,PH,B",place_refs,,,,,,,,,,,,,Valea Jiului,region,RO,
valea lui mihai,8,4,6,Aleea Valea lui Mihai,"BC,DB,MM,B",place_refs,,,,,,,,,,,,,Valea lui Mihai,ro_city,RO,
varfului,8,6,8,Strada Vârfului,"BZ,CS,DB,MH,PH,VL",nature_terms,,,,,,,,,Vârfului,geography,,,,,,
vasile roaita,8,6,8,Strada Vasile Roaită,"AR,BV,CV,IL,SV,IF",persons,Vasile Roaită,M,1914,1933,interwar,railway worker,RO,,,,,,,,,
verona,8,6,8,Strada Verona,"AB,BT,CS,CT,SM,TM",place_refs,,,,,,,,,,,,,Verona,city,IT,
victor papilian,8,4,8,Dr. Victor Papilian,"BH,CJ,DJ,GL",persons,Victor Papilian,M,1888,1956,communist,physician,RO,,,,,,,,,
voievodului,8,6,8,Fundătura Voievodului,"CJ,HD,IS,IF,NT,SV",name_categories,,,,,,,,,,,commemorative,historical,,,,
voievozi,8,5,8,Intrarea Voievozi,"AG,BC,BZ,GL,CL",name_categories,,,,,,,,,,,commemorative,historical,,,,
вука караџића,8,3,8,Вука Караџића,"CS,MH,TM",persons,Vuk Stefanović Karadžić,M,1787,1864,premodern,linguist,RS,,,,,,,,,
a vi-a,7,3,7,A VI-a,"SB,TM,TL",name_categories,,,,,,,,,,,infrastructure,numerical,,,,
a.d. xenopol,7,6,7,A.D. Xenopol,"AR,BC,BT,CT,MM,MH",persons,Alexandru Dimitrie Xenopol,M,1847,1920,premodern,historian,RO,,,,,,,,,
adam,7,5,7,Adam,"BC,DB,HR,MM,NT",persons,Adam,M,,,ancient,biblical figure,,,,,,,,,,
ady endre utca,7,3,7,Ady Endre utca,"AR,BH,TM",persons,Endre Ady,M,1877,1919,premodern,poet,HU,,,,,,,,,
afinilor,7,6,7,Afinilor,"BN,BV,DB,MH,NT,PH",nature_terms,,,,,,,,,Afinilor,fruit,,,,,,
aguzilor,7,3,7,Aguzilor,"BC,VS,VN",,,,,,,,,,,,,,,,,
albesti,7,4,7,Albești,"AG,BZ,PH,B",place_refs,,,,,,,,,,,,,Albești,ro_village,RO,
aleea 3,7,3,6,Aleea 3,"BN,BV,DJ",name_categories,,,,,,,,,,,infrastructure,numerical,,,,
aleea 4,7,3,6,Aleea 4,"BN,BV,DJ",name_categories,,,,,,,,,,,infrastructure,numerical,,,,
aleea lalelelor,7,6,7,Aleea Lalelelor,"BT,GJ,CL,MH,NT,OT",nature_terms,,,,,,,,,Lalelelor,flower,,,,,,
aleea macesului,7,6,7,Aleea Măceșului,"BT,GJ,MH,OT,TR,VL",nature_terms,,,,,,,,,Măceșului,plant,,,,,,
aleea macului,7,4,7,Aleea Macului,"DJ,GJ,MH,OT",nature_terms,,,,,,,,,Macului,flower,,,,,,
aleea mica,7,5,7,Aleea Mică,"BT,DJ,MH,OT,VS",name_categories,,,,,,,,,,,abstract,descriptive,,,,
aleea morii,7,5,7,Aleea Morii,"BT,DJ,MH,OT,SV",name_categories,,,,,,,,,,,trade,industrial,,,,
aleea padurii,7,7,7,Aleea Pădurii,"AG,BT,DJ,GJ,HD,GR,OT",nature_terms,,,,,,,,,Pădurii,forest,,,,,,
aleea prunilor,7,4,7,Aleea Prunilor,"AG,BT,MH,OT",nature_terms,,,,,,,,,Prunilor,fruit,,,,,,
aleea scurta,7,3,7,Aleea Scurtă,"BT,DJ,GJ",name_categories,,,,,,,,,,,abstract,descriptive,,,,
aleea soarelui,7,7,7,Aleea Soarelui,"AR,BC,IF,MH,NT,OT,SB",nature_terms,,,,,,,,,Soarelui,sky,,,,,,
alexandru cernat,7,4,7,Alexandru Cernat,"GL,IS,SB,B",persons,Alexandru Cernat,M,1834,1893,1848,general,RO,,,,,,,,,
alion,7,2,7,Alion,"MH,B",place_refs,,,,,,,,,,,,,Alion,mountain,RO,
aliorului,7,4,5,Aleea Aliorului,"GL,IF,VN,B",nature_terms,,,,,,,,,Aliorului,plant,,,,,,
ana blandiana,7,5,7,Ana Blandiana,"DJ,GL,PH,SV,VS",persons,Ana Blandiana,F,1942,,communist,"poetă, scriitoare",RO,,,,,,,,,
anchisa,7,5,7,Strada Închisă,"CT,CL,MM,SJ,TL",,,,,,,,,,,,,,,,,
andreescu,7,7,7,Andreescu,"BC,CS,CT,GR,NT,OT,TL",persons,Ion Andreescu,M,1850,1882,premodern,pictor,RO,,,,,,,,,
andromeda,7,3,4,Aleea Andromeda,"BH,CT,TM",name_categories,,,,,,,,,,,mythology,astronomy,,,,
anton,7,4,6,Anton,"DB,MH,TR,VN",persons,Anton,M,,,medieval,sfânt,,,,,,,,,,
anul 1907,7,7,7,Anul 1907,"AB,DB,DJ,PH,SB,TR,GR",name_categories,,,,,,,,,,,commemorative,historical event,,,,
anvingatorilor,7,4,6,Intrarea Învingătorilor,"BC,BT,B,IF",name_categories,,,,,,,,,,,abstract,victory,,,,
aprodu purice,7,5,7,Aprodu Purice,"BC,BT,NT,TM,VS",persons,Aprodu Purice,M,,1475,medieval,"boier, oștean",RO,,,,,,,,,
arany janos utca,7,4,7,Arany János utca,"AR,BH,SM,TM",persons,Arany János,M,1817,1882,premodern,poet,HU,,,,,,,,,
arbustului,7,6,7,Arbustului,"CT,IS,VS,VN,B,IF",nature_terms,,,,,,,,,Arbustului,plant,,,,,,
ardeleni,7,4,7,Ardeleni,"BC,GR,IL,B",name_categories,,,,,,,,,,,commemorative,regional identity,,,,
arhitect ion mincu,7,7,7,Arhitect Ion Mincu,"BH,CJ,DJ,PH,TM,VN,B",persons,Ion Mincu,M,1852,1912,premodern,arhitect,RO,,,,,,,,,
aristide demetriade,7,4,7,Aristide Demetriade,"BH,TM,VN,B",persons,Aristide Demetriade,M,1872,1930,interwar,actor,RO,,,,,,,,,
artistilor,7,6,7,Artiștilor,"BC,IS,IF,PH,TR,VN",name_categories,,,,,,,,,,,occupational,arts,,,,
aviator mircea zorileanu,7,3,7,Aviator Mircea Zorileanu,"CT,GL,B",persons,Mircea Zorileanu,M,1883,1924,interwar,aviator,RO,,,,,,,,,
avrig,7,6,6,Aleea Avrig,"AB,AR,MH,SB,TM,B",place_refs,,,,,,,,,,,,,Avrig,ro_city,RO,
b. p. hasdeu,7,4,7,B. P. Hasdeu,"BH,CT,DJ,PH",persons,Bogdan Petriceicu Hasdeu,M,1838,1907,premodern,"scriitor, filolog",RO,,,,,,,,,
bacilor,7,5,7,Bacilor,"DB,IS,IL,NT,TR",name_categories,,,,,,,,,,,occupational,pastoral,,,,
badesti,7,5,7,Bădești,"DB,DJ,GJ,PH,VL",place_refs,,,,,,,,,,,,,Bădești,ro_village,RO,
bahlui,7,4,6,Aleea Bahlui,"BT,CT,DJ,IS",place_refs,,,,,,,,,,,,,Bahlui,river,RO,
baita,7,5,7,Aleea Băița,"BH,CJ,MM,VL,B",place_refs,,,,,,,,,,,,,Băița,ro_village,RO,
balan,7,6,7,Bălan,"BC,BT,DB,DJ,PH,SB",place_refs,,,,,,,,,,,,,Bălan,ro_city,RO,
balteni,7,6,7,Bâlteni,"AG,DJ,IS,IF,VL,B",place_refs,,,,,,,,,,,,,Bâlteni,ro_village,RO,
baltilor,7,5,7,Bălților,"AR,CT,PH,SM,TR",nature_terms,,,,,,,,,Bălților,geography,,,,,,
baneasa,7,5,7,Baneasa,"CT,GL,MS,VS,B",place_refs,,,,,,,,,,,,,Băneasa,ro_city,RO,
barbulesti,7,5,7,Bărbulești,"BZ,DB,GJ,OT,VL",place_refs,,,,,,,,,,,,,Bărbulești,ro_village,RO,
barc,7,5,7,Barc,"CJ,HD,SJ,SV,VS",nature_terms,,,,,,,,,Bârc,geography,,,,,,
barzavei,7,3,6,Bârzavei,"CS,PH,TM",place_refs,,,,,,,,,,,,,Bârzava,river,RO,
basca,7,4,6,Aleea Bâsca,"BC,BZ,NT,SB",place_refs,,,,,,,,,,,,,Bâsca,river,RO,
bastionului,7,6,7,Bastionului,"AB,BN,BR,DB,MS,SB",name_categories,,,,,,,,,,,infrastructure,fortification,,,,
batca,7,5,7,Batca,"BC,BT,NT,SV,VL",nature_terms,,,,,,,,,Bâtca,geography,,,,,,
beclean,7,5,7,Beclean,"AB,AG,CJ,HR,B",place_refs,,,,,,,,,,,,,Beclean,ro_city,RO,
bentului,7,4,7,Bentului,"BR,IL,TR,GR",nature_terms,,,,,,,,,Bent,geography,,,,,,
bibescu voda,7,7,7,Bibescu Vodă,"AG,BZ,CT,MH,OT,PH,B",persons,Gheorghe Bibescu,M,1804,1873,premodern,politician,RO,,,,,,,,,
biserica sf. nicolae,7,4,6,Biserica Sf. Nicolae,"OT,PH,TR,VS",name_categories,,,,,,,,,,,religious,place of worship,,,,
bisericii reformate,7,4,7,Bisericii Reformate,"BN,CJ,CV,MS",name_categories,,,,,,,,,,,religious,place of worship,,,,
bisericii romane,7,1,7,Bisericii Romane,BV,name_categories,,,,,,,,,,,religious,place of worship,,,,
blahnitei,7,2,7,Blahniței,"GJ,MH",place_refs,,,,,,,,,,,,,Blahnița,river,RO,
blanari,7,3,6,Aleea Blănari,"IS,PH,B",name_categories,,,,,,,,,,,trade,craft,,,,
bobeica,7,5,6,Bobeica,"BC,BN,NT,VN,B",place_refs,,,,,,,,,,,,,Bobeica,ro_village,RO,
bradisului,7,4,5,Aleea Brădișului,"BC,PH,B,IF",nature_terms,,,,,,,,,Brădișului,forest,,,,,,
breaza,7,4,6,Breaza,"CJ,CT,IF,B",place_refs,,,,,,,,,,,,,Breaza,ro_city,RO,
bucuresti-targoviste,7,3,5,București-Târgoviște,"DB,IF,B",place_refs,,,,,,,,,,,,,București-Târgoviște,infrastructure,RO,
budai deleanu ion,7,6,7,Budai Deleanu Ion,"AR,BH,CJ,DJ,HD,SM",persons,Ion Budai-Deleanu,M,1760,1820,premodern,"writer, linguist, historian",RO,,,,,,,,,
cailor,7,6,6,Aleea Cailor,"CJ,OT,PH,TR,VS,VN",nature_terms,,,,,,,,,Cailor,animal,,,,,,
calatorului,7,7,7,Călătorului,"BC,BT,BZ,IS,CL,PH,B",name_categories,,,,,,,,,,,abstract,commemorative,,,,
calea ferata,7,6,7,Calea Ferată,"CV,GR,MS,SM,TL,VL",name_categories,,,,,,,,,,,infrastructure,transport,,,,
calea lui traian,7,3,6,Calea lui Traian,"OT,TM,VL",persons,Traian,M,53,117,ancient,emperor,IT,,,,,,,,,
calelor,7,6,7,Calelor,"BC,IS,IF,NT,PH,B",name_categories,,,,,,,,,,,infrastructure,transport,,,,
canipariei,7,5,7,Cânipăriei,"BC,GL,IS,VS,VN",name_categories,,,,,,,,,,,trade,occupational,,,,
canta,7,1,2,Aleea Canta,IS,persons,Canta,M,,,medieval,boyar,RO,,,,,,,,,
caras,7,3,7,Caraș,"CS,DJ,TM",place_refs,,,,,,,,,,,,,Caraș,river,RO,
carciumareselor,7,6,7,Cârciumăreselor,"DB,CL,GR,PH,B,IF",name_categories,,,,,,,,,,,trade,occupational,,,,
carei,7,5,7,Carei,"CT,IF,SM,TM,B",place_refs,,,,,,,,,,,,,Carei,ro_city,RO,
carol davilla,7,7,7,Carol Davilla,"BZ,GL,GJ,HD,MH,TM,VL",persons,Carol Davila,M,1828,1884,premodern,physician,RO,,,,,,,,,
carpenilor,7,6,7,Carpenilor,"GJ,IS,OT,PH,SJ,TM",nature_terms,,,,,,,,,Carpenilor,tree,,,,,,
cartier,7,4,7,Cartier,"BZ,IL,MM,PH",name_categories,,,,,,,,,,,infrastructure,urban,,,,
castrului,7,7,7,Castrului,"BZ,CS,CT,GJ,OT,PH,SJ",place_refs,,,,,,,,,,,,,Castru,ancient_city,RO,
catun,7,5,6,Cătun,"BC,BZ,MM,PH,VN",place_refs,,,,,,,,,,,,,Cătun,ro_village,RO,
cavaleriei,7,5,6,Aleea Cavaleriei,"BR,BZ,CJ,CT,DJ",name_categories,,,,,,,,,,,institutional,military,,,,
cazanesti,7,5,7,Căzănești,"GL,GJ,VL,B,IF",place_refs,,,,,,,,,,,,,Căzănești,ro_city,RO,
cazangiilor,7,4,6,Cazangiilor,"IS,TR,B,IF",name_categories,,,,,,,,,,,occupational,trade,,,,
cazaniei,7,3,7,Cazaniei,"CS,DJ,OT",name_categories,,,,,,,,,,,religious,literature,,,,
ceair,7,4,5,Ceair,"BZ,GJ,GR,IF",nature_terms,,,,,,,,,Ceair,meadow,,,,,,
celulozei,7,5,7,Celulozei,"BV,BR,CT,CL,SV",name_categories,,,,,,,,,,,institutional,industry,,,,
ceptura,7,4,4,Aleea Ceptura,"PH,TM,B,IF",place_refs,,,,,,,,,,,,,Ceptura,ro_village,RO,
cerchez,7,5,7,Cerchez,"BR,BZ,DB,IS,VS",name_categories,,,,,,,,,,,commemorative,ethnicity,,,,
cernavoda,7,7,7,Cernavodă,"BT,CJ,IL,MS,SB,B,IF",place_refs,,,,,,,,,,,,,Cernavodă,ro_city,RO,
cetatea neamtului,7,3,5,Cetatea Neamțului,"IF,NT,B",place_refs,,,,,,,,,,,,,Cetatea Neamțului,ro_monastery,RO,
cetinii,7,5,7,Cetinii,"BV,IS,NT,TM,VS",nature_terms,,,,,,,,,Cetinii,tree,,,,,,
chimistilor,7,6,7,Aleea Chimiștilor,"BV,BR,CJ,DJ,PH,TM",name_categories,,,,,,,,,,,occupational,profession,,,,
cimpului,7,6,7,Cimpului,"BC,BV,CT,HR,MH,VN",nature_terms,,,,,,,,,Câmpului,geography,,,,,,
ciucasului,7,5,7,Ciucașului,"AB,BH,BR,CS,PH",place_refs,,,,,,,,,,,,,Ciucaș,mountain,RO,
ciulinilor,7,4,7,Aleea Ciulinilor,"BC,IS,TL,VS",nature_terms,,,,,,,,,Ciulinilor,plant,,,,,,
ciurel,7,4,5,Ciurel,"GJ,TL,VL,B",place_refs,,,,,,,,,,,,,Ciurel,ro_village,RO,
ciurgaului,7,3,7,Ciurgăului,"BN,CJ,SJ",nature_terms,,,,,,,,,Ciurgăului,water,,,,,,
clubului,7,5,7,Aleea Clubului,"AB,BC,GJ,PH,VL",name_categories,,,,,,,,,,,institutional,social,,,,
coasta mare,7,5,7,Coasta Mare,"CJ,GJ,PH,VL,DB",nature_terms,,,,,,,,,Coasta Mare,geography,,,,,,
coasta morii,7,5,7,Coasta Morii,"BC,BZ,CJ,IS,SV",nature_terms,,,,,,,,,Coasta Morii,geography,,,,,,
coltului,7,6,7,Colțului,"BT,CS,GL,GJ,OT,B",nature_terms,,,,,,,,,Colțului,geography,,,,,,
condeiului,7,5,7,Condeiului,"AB,BZ,IS,TM,B",name_categories,,,,,,,,,,,trade,writing,,,,
constantin bratescu,7,3,7,Aleea Constantin Brătescu,"CT,TL,B",persons,Constantin Brătescu,M,1883,1945,interwar,geographer,RO,,,,,,,,,
constantin negruzzi,7,7,7,Constantin Negruzzi,"BT,DJ,GL,HD,CL,MH,SB",persons,Constantin Negruzzi,M,1808,1868,premodern,writer,RO,,,,,,,,,
constantin nottara,7,6,6,Constantin Nottara,"BR,CJ,GL,SB,TM,B",persons,Constantin Nottara,M,1859,1935,interwar,actor,RO,,,,,,,,,
constantin radulescu motru,7,5,7,Constantin Rădulescu Motru,"AG,DJ,GJ,MH,TM",persons,Constantin Rădulescu-Motru,M,1868,1957,interwar,philosopher,RO,,,,,,,,,
constantinescu,7,5,7,Constantinescu,"AG,DB,IL,CL,VL",persons,Constantinescu,M,,,premodern,surname,RO,,,,,,,,,
cooperatorilor,7,6,7,Cooperatorilor,"AB,GL,IL,MS,SB,TM",name_categories,,,,,,,,,,,occupational,cooperative movement,,,,
corbu,7,5,7,Corbu,"AB,AG,DJ,VL,VN",nature_terms,,,,,,,,,Corbu,bird,,,,,,
cormoranului,7,6,7,Cormoranului,"CT,CL,PH,TM,TL,IF",nature_terms,,,,,,,,,Cormoran,bird,,,,,,
cosmos,7,5,6,Cosmos,"BV,CJ,MH,PH,TM",nature_terms,,,,,,,,,Cosmos,sky,,,,,,
costesti,7,6,7,Costești,"BT,BZ,DB,HD,B,IF",place_refs,,,,,,,,,,,,,Costești,ro_village,RO,
costisa,7,4,7,Costișa,"BC,BT,SV,B",place_refs,,,,,,,,,,,,,Costișa,ro_village,RO,
craciunitelor,7,6,7,Crăciunițelor,"AR,BR,DB,GL,MH,PH",nature_terms,,,,,,,,,Crăciunițe,flower,,,,,,
craiova,7,4,7,Craiova,"CJ,DJ,IF,TM",place_refs,,,,,,,,,,,,,Craiova,ro_city,RO,
crasna,7,5,7,Crasna,"AR,CT,PH,SM,B",place_refs,,,,,,,,,,,,,Crasna,river,RO,
cricovului,7,3,7,Cricovului,"DB,PH,B",place_refs,,,,,,,,,,,,,Cricov,river,RO,
cristal,7,4,6,Aleea Cristal,"AR,BC,BH,CT",name_categories,,,,,,,,,,,abstract,material,,,,
cronicarilor,7,5,6,Aleea Cronicarilor,"BT,DB,DJ,VN,B",name_categories,,,,,,,,,,,commemorative,historical figures,,,,
cucu,7,6,7,Cucu,"BT,DJ,IS,MH,PH,SV",nature_terms,,,,,,,,,Cuc,bird,,,,,,
dalmei,7,6,7,Dâlmei,"AB,CS,GJ,HD,MH,MS",nature_terms,,,,,,,,,Dalmă,geography,,,,,,
dealul frumos,7,6,7,Dealul Frumos,"BV,CS,GJ,HR,IF,PH",nature_terms,,,,,,,,,Dealul Frumos,geography,,,,,,
dealul satului,7,6,7,Dealul Satului,"CJ,HR,IS,MH,OT,VS",nature_terms,,,,,,,,,Dealul Satului,geography,,,,,,
dealul spirii,7,3,5,Aleea Dealul Spirii,"BV,CT,IS",place_refs,,,,,,,,,,,,,Dealul Spirii,geography,RO,
dealul zorilor,7,1,5,Dealul Zorilor,IS,nature_terms,,,,,,,,,Dealul Zorilor,geography,,,,,,
delnitei,7,4,6,Delniței,"CJ,NT,OT,PH",nature_terms,,,,,,,,,Delniței,geography,,,,,,
delut,7,4,7,Deluț,"GJ,HR,MM,SV",nature_terms,,,,,,,,,Deluț,geography,,,,,,
despina doamna,7,5,7,Aleea Despina Doamnă,"AG,IS,SJ,TL,VL",persons,Despina Doamna,F,,1554,medieval,noble,RO,,,,,,,,,
dianei,7,6,7,Dianei,"BR,CJ,CT,CL,TL,B",name_categories,,,,,,,,,,,mythology,roman,,,,
dozsa gyorgy utca,7,4,7,Dózsa György utca,"AR,BH,SM,TM",persons,Dózsa György,M,1470,1514,medieval,revolutionary,HU,,,,,,,,,
dragaica,7,4,6,Aleea Drăgaica,"BZ,CT,DJ,IF",name_categories,,,,,,,,,,,mythology,folklore,,,,
dropiilor,7,3,7,Dropiilor,"CT,IL,CL",nature_terms,,,,,,,,,Dropiilor,bird,,,,,,
drum nou,7,6,7,Aleea Drum Nou,"CS,HD,MM,PH,SB,IF",name_categories,,,,,,,,,,,infrastructure,transport,,,,
drumul sarii,7,5,6,Aleea Drumul Sarii,"AG,DJ,IF,SJ,VL",name_categories,,,,,,,,,,,infrastructure,trade,,,,
duca voda,7,4,7,Duca Vodă,"IS,CL,PH,B",persons,Gheorghe Duca,M,,1685,medieval,ruler,RO,,,,,,,,,
dumbrava minunata,7,3,6,Aleea Dumbrava Minunată,"CL,PH,SV",name_categories,,,,,,,,,,,abstract,literature,,,,
dumitrescu,7,6,7,Caporal Dumitrescu,"CT,DB,IL,TR,VL,VN",persons,Dumitrescu,M,,,interwar,military,RO,,,,,,,,,
elesteului,7,6,7,Eleșteului,"AB,DB,DJ,GR,OT,TR",nature_terms,,,,,,,,,Eleșteului,water,,,,,,
emil rebreanu,7,2,7,Emil Rebreanu,"BC,BN",persons,Emil Rebreanu,M,1891,1917,interwar,military,RO,,,,,,,,,
epuresti,7,4,6,Epuresti,"AB,AG,VL,B",place_refs,,,,,,,,,,,,,Epurești,ro_village,RO,
eternitate,7,3,7,Eternitate,"BC,IS,NT",name_categories,,,,,,,,,,,abstract,philosophical,,,,
falticeni,7,4,7,Fălticeni,"DJ,SV,B,IF",place_refs,,,,,,,,,,,,,Fălticeni,ro_city,RO,
feleacului,7,5,6,Aleea Feleacului,"AR,BH,DJ,PH,VS",place_refs,,,,,,,,,,,,,Feleac,ro_village,RO,
ferigei,7,6,7,Ferigei,"DB,GL,MM,NT,PH,TL",nature_terms,,,,,,,,,Ferigă,plant,,,,,,
florea,7,5,6,Florea,"AG,CJ,IS,MM,PH",persons,Florea,M,,,premodern,nume propriu,RO,,,,,,,,,
florestilor,7,5,7,Floreștilor,"BC,BT,DJ,GR,MH",place_refs,,,,,,,,,,,,,Florești,ro_village,RO,
fluierasului,7,6,7,Fluierașului,"BH,BV,CJ,DB,NT,VN",name_categories,,,,,,,,,,,occupational,trade,,,,
fotografului,7,5,7,Fotografului,"AG,BN,BT,BZ,OT",name_categories,,,,,,,,,,,occupational,trade,,,,
fratilor,7,5,7,Fraților,"BT,GL,IS,TL,B",name_categories,,,,,,,,,,,abstract,commemorative,,,,
galileo galilei,7,5,7,Galileo Galilei,"BH,CJ,SM,SB,TM",persons,Galileo Galilei,M,1564,1642,medieval,astronom,IT,,,,,,,,,
garajului,7,6,7,Garajului,"BC,CT,DB,CL,PH,SV",name_categories,,,,,,,,,,,infrastructure,institutional,,,,
garla morii,7,5,7,Gârla Morii,"BC,BT,IS,NT,SV",nature_terms,,,,,,,,,Gârla Morii,water,,,,,,
garlii,7,5,7,Gârlii,"IL,PH,TR,VL,VN",nature_terms,,,,,,,,,Gârla,water,,,,,,
garlitei,7,6,7,Gârliței,"BC,BZ,GL,IF,NT,VN",nature_terms,,,,,,,,,Gârliță,bird,,,,,,
garnitei,7,4,7,Gârniței,"MH,TM,B,IF",nature_terms,,,,,,,,,Gârniță,tree,,,,,,
general dragalina,7,5,7,G-ral Dragalina,"AR,DJ,GL,CL,SB",persons,Ion Dragalina,M,1860,1916,interwar,militar,RO,,,,,,,,,
gerberei,7,6,7,Gerberei,"BR,BZ,CV,MH,PH,SV",nature_terms,,,,,,,,,Gerberă,flower,,,,,,
getilor,7,6,7,Geților,"AB,GJ,IS,SV,B,IF",name_categories,,,,,,,,,,,commemorative,ancient_history,,,,
gilaului,7,4,5,Drumul Gilăului,"CJ,PH,B,IF",place_refs,,,,,,,,,,,,,Gilău,ro_village,RO,
giuseppe verdi,7,6,7,Giuseppe Verdi,"CS,CJ,DJ,SV,TM,B",persons,Giuseppe Verdi,M,1813,1901,premodern,compozitor,IT,,,,,,,,,
golesti,7,7,7,Golești,"AG,BR,IL,PH,TL,VN,IF",place_refs,,,,,,,,,,,,,Golești,ro_village,RO,
gorunilor,7,6,7,Gorunilor,"AB,HD,OT,PH,TM,VS",nature_terms,,,,,,,,,Gorunilor,tree,,,,,,
gospodari,7,5,7,Gospodari,"BZ,IS,VN,B,IF",name_categories,,,,,,,,,,,occupational,agriculture,,,,
gostatului,7,5,7,Gostatului,"BT,CS,MH,MS,VN",name_categories,,,,,,,,,,,institutional,communist_enterprise,,,,
grigore tocilescu,7,5,7,Grigore Tocilescu,"AR,AG,CT,PH,B",persons,Grigore Tocilescu,M,1850,1909,premodern,"historian, archaeologist",RO,,,,,,,,,
gropilor,7,5,6,Gropilor,"BC,CT,CV,HR,SM",,,,,,,,,,,,,,,,,
grozavesti,7,4,5,Grozăvești,"AR,DB,OT,B",place_refs,,,,,,,,,,,,,Grozăvești,ro_village,RO,
gruia,7,5,7,Gruia,"BT,CJ,CT,GJ,B",place_refs,,,,,,,,,,,,,Gruia,ro_village,RO,
gurghiului,7,4,7,Gurghiului,"BH,CS,MS,PH",place_refs,,,,,,,,,,,,,Gurghiu,river,RO,
harpei,7,5,7,Harpei,"AB,IS,PH,TM,B",name_categories,,,,,,,,,,,mythology,greek,,,,
hercule,7,5,7,Aleea Hercule,"AR,BZ,CL,VS,B",name_categories,,,,,,,,,,,mythology,greek,,,,
hergheliei,7,5,7,Hergheliei,"BV,CJ,CT,CL,SV",name_categories,,,,,,,,,,,trade,animal_husbandry,,,,
holmului,7,2,7,Holmului,"BT,VS",nature_terms,,,,,,,,,Holmului,geography,,,,,,
homorodului,7,3,7,Homorodului,"BV,MS,SM",place_refs,,,,,,,,,,,,,Homorod,river,RO,
horea closca si crisan,7,5,7,Bulevardul Horea Cloșca și Crișan,"CJ,CV,DJ,NT,OT",persons,"Horea, Cloșca și Crișan",collective,,1785,premodern,revolutionary leaders,RO,,,,,,,,,
"horea, closca si crisan",7,7,7,"Fundătura Horea, Cloșca și Crișan","AG,CT,DB,NT,PH,TR,IF",persons,"Horea, Cloșca și Crișan",collective,,1785,premodern,revolutionary leaders,RO,,,,,,,,,
idilei,7,5,6,Idilei,"PH,TM,TL,B,IF",name_categories,,,,,,,,,,,abstract,literary,,,,
ienachita vacarescu,7,6,7,Ienăchiță Văcărescu,"CT,DB,PH,TR,VS,B",persons,Ienăchiță Văcărescu,M,1740,1797,premodern,"poet, philologist",RO,,,,,,,,,
ileana cosanzeana,7,5,7,Ileana Cosânzeana,"CJ,CT,GL,TM,B",name_categories,,,,,,,,,,,mythology,folklore,,,,
ineu,7,7,7,Aleea Ineu,"AB,BN,BV,CS,MH,PH,B",place_refs,,,,,,,,,,,,,Ineu,ro_city,RO,
institutului,7,4,6,Institutului,"BV,HD,IF,PH",name_categories,,,,,,,,,,,institutional,academic,,,,
ion bratianu,7,5,7,Ion Brătianu,"AB,AR,DJ,CL,VN",persons,Ion C. Brătianu,M,1821,1891,premodern,politician,RO,,,,,,,,,
ion campineanu,7,6,7,Ion Câmpineanu,"AR,AG,IS,PH,B,IF",persons,Ion Câmpineanu,M,1841,1888,premodern,politician,RO,,,,,,,,,
ion negulici,7,6,7,Ion Negulici,"AG,BR,DJ,PH,TM,B",persons,Ion Negulici,M,1812,1851,1848,painter,RO,,,,,,,,,
iskola,7,2,7,Iskola,"HR,MS",name_categories,,,,,,,,,,,institutional,education,,,,
istria,7,3,6,Istria,"SB,TM,TL",place_refs,,,,,,,,,,,,,Istria,ro_village,RO,
iuliu hatieganu,7,4,7,Dr. Iuliu Hațieganu,"AB,AR,CJ,IF",persons,Iuliu Hațieganu,M,1885,1959,interwar,physician,RO,,,,,,,,,
jozsef attila utca,7,3,7,József Attila utca,"AR,BH,TM",persons,József Attila,M,1905,1937,interwar,poet,HU,,,,,,,,,
jugastrului,7,5,7,Jugastrului,"BT,GJ,MH,PH,B",nature_terms,,,,,,,,,Jugastru,tree,,,,,,
junilor,7,6,7,Junilor,"AR,BV,MH,SB,TM,VS",name_categories,,,,,,,,,,,commemorative,tradition,,,,
kolcsey ferenc,7,3,7,Kölcsey Ferenc,"BH,HR,SM",persons,Kölcsey Ferenc,M,1790,1838,premodern,poet,HU,,,,,,,,,
kossuth lajos utca,7,5,7,Kossuth Lajos utca,"AR,BH,HR,SM,TM",persons,Kossuth Lajos,M,1802,1894,1848,politician,HU,,,,,,,,,
lainici,7,5,6,Lainici,"AB,DJ,GJ,GR,B",place_refs,,,,,,,,,,,,,Lainici,ro_monastery,RO,
lalelor,7,7,7,Strada Lalelor,"BT,DB,IL,OT,TM,TL,IF",nature_terms,,,,,,,,,Lalele,flower,,,,,,
lazareni,7,6,7,Lăzăreni,"AB,CV,IL,NT,B,IF",place_refs,,,,,,,,,,,,,Lăzăreni,ro_village,RO,
lazaresti,7,4,7,Lazărești,"AG,GJ,TR,VL",place_refs,,,,,,,,,,,,,Lazărești,ro_village,RO,
leaganului,7,6,7,Aleea Leagănului,"BH,BZ,PH,TL,VS,B",name_categories,,,,,,,,,,,abstract,symbolic,,,,
lemnari,7,6,7,Lemnari,"BT,DB,GL,IS,PH,TM",name_categories,,,,,,,,,,,occupational,trade,,,,
liliacul,7,6,7,Aleea Liliacul,"CS,CT,CV,DB,OT,TM",nature_terms,,,,,,,,,Liliac,flower,,,,,,
linia,7,4,6,Linia,"GJ,SJ,VL,VN",name_categories,,,,,,,,,,,infrastructure,geography,,,,
lipovei,7,6,7,Lipovei,"AR,BH,GL,IS,IF,VS",place_refs,,,,,,,,,,,,,Lipova,ro_city,RO,
lipoveni,7,4,7,Lipoveni,"AB,BT,IS,SV",name_categories,,,,,,,,,,,commemorative,ethnic_group,,,,
luna,7,4,7,Aleea Luna,"AR,BT,CJ,SM",nature_terms,,,,,,,,,Lună,sky,,,,,,
lunca siretului,7,5,7,Aleea Lunca Siretului,"BC,GL,IF,SV,B",place_refs,,,,,,,,,,,,,Lunca Siretului,river,RO,
luntrei,7,5,6,Luntrei,"CT,CL,GR,TL,B",name_categories,,,,,,,,,,,occupational,trade,,,,
lupascu,7,4,7,Dr. Lupașcu,"BC,BT,IL,VN",persons,Vasile Lupașcu,M,1856,1925,interwar,physician,RO,,,,,,,,,
lupoaia,7,6,7,Lupoaia,"AG,CJ,GL,GJ,PH,SV",nature_terms,,,,,,,,,Lupoaie,animal,,,,,,
luptatorilor,7,5,7,Aleea Luptatorilor,"CJ,MH,PH,B,IF",name_categories,,,,,,,,,,,commemorative,historical_event,,,,
lupu,7,6,7,Doctor Lupu,"BC,BT,DB,MH,PH,IF",persons,Nicolae Lupu,M,1884,1966,communist,physician,RO,,,,,,,,,
lutarie,7,5,7,Lutarie,"BC,IS,NT,VS,VN",name_categories,,,,,,,,,,,occupational,trade,,,,
mal,7,5,7,Fundătura Mal,"AG,BZ,DB,MM,SJ",nature_terms,,,,,,,,,Mal,geography,,,,,,
maluri,7,4,7,Maluri,"DB,GJ,SM,VL",nature_terms,,,,,,,,,Maluri,geography,,,,,,
mara,7,5,7,Aleea Mara,"AG,MM,SM,TM,B",nature_terms,,,,,,,,,Mara,water,,,,,,
maracineni,7,3,4,Intrarea Mărăcineni,"CT,B,IF",place_refs,,,,,,,,,,,,,Mărăcineni,ro_village,RO,
marculesti,7,3,7,Mărculești,"IL,OT,VL",place_refs,,,,,,,,,,,,,Mărculești,ro_village,RO,
marinesti,7,3,7,Marinești,"AG,GJ,VL",place_refs,,,,,,,,,,,,,Marinești,ro_village,RO,
meiului,7,6,7,Meiului,"BH,BZ,GR,PH,B,IF",nature_terms,,,,,,,,,Mei,plant,,,,,,
memorandului,7,5,6,Memorandului,"AB,AR,BV,MS,TM",name_categories,,,,,,,,,,,commemorative,historical_event,,,,
metalurgistilor,7,6,6,Aleea Metalurgiștilor,"BV,GL,PH,SB,TM,TL",name_categories,,,,,,,,,,,occupational,trade,,,,
mihai racovita,7,4,7,Mihai Racoviță,"CT,GL,CL,IS",persons,Mihai Racoviță,M,1660,1744,medieval,ruler,RO,,,,,,,,,
mihai sadoveanu,7,6,7,Mihai Sadoveanu,"BZ,CT,DJ,IF,CL,VN",persons,Mihail Sadoveanu,M,1880,1961,communist,writer,RO,,,,,,,,,
mihail sturza,7,4,7,Mihail Sturza,"BT,GL,IS,VS",persons,Mihail Sturdza,M,1794,1884,premodern,politician,RO,,,,,,,,,
mistretului,7,6,7,Aleea Mistrețului,"BZ,IS,IF,TM,TL,B",nature_terms,,,,,,,,,Mistrețului,animal,,,,,,
mizil,7,3,3,Aleea Mizil,"IS,B,IF",place_refs,,,,,,,,,,,,,Mizil,ro_city,RO,
mobilei,7,5,7,Mobilei,"BT,DB,IL,SV,VN",name_categories,,,,,,,,,,,trade,manufacturing,,,,
mohorului,7,4,6,Aleea Mohorului,"AB,DJ,IF,B",nature_terms,,,,,,,,,Mohorului,plant,,,,,,
molizilor,7,6,7,Aleea Molizilor,"CS,CT,DB,SV,TL,VN",nature_terms,,,,,,,,,Molizilor,tree,,,,,,
monaco,7,4,7,Monaco,"CT,IF,SB,TM",place_refs,,,,,,,,,,,,,Monaco,city,MC,
mostistei,7,2,7,Mostiștei,"CL,IF",place_refs,,,,,,,,,,,,,Mostiștea,river,RO,
mugurului,7,5,7,Mugurului,"BV,CT,SJ,SV,TR",nature_terms,,,,,,,,,Mugurului,plant,,,,,,
musatini,7,1,6,Aleea Mușatini,IS,persons,Mușatini,collective,,,medieval,dynasty,RO,,,,,,,,,
nasaud,7,6,7,Năsăud,"AR,BR,CJ,DJ,PH,B",place_refs,,,,,,,,,,,,,Năsăud,ro_city,RO,
nazuintei,7,4,6,Năzuinței,"SJ,TM,B,IF",name_categories,,,,,,,,,,,abstract,ideals,,,,
negoiul,7,5,7,Aleea Negoiul,"AG,BV,CS,SB,IF",place_refs,,,,,,,,,,,,,Negoiu,mountain_peak,RO,
negresti,7,7,7,Aleea Negrești,"CT,DJ,GJ,MH,PH,SV,VS",place_refs,,,,,,,,,,,,,Negrești,ro_city,RO,
nemteasca,7,5,7,Nemțeasca,"AR,CT,SV,TL,VN",name_categories,,,,,,,,,,,commemorative,ethnic,,,,
nicolae sova,7,3,7,General Nicolae Sova,"BC,BH,SB",persons,Nicolae Șova,M,1885,1962,interwar,military,RO,,,,,,,,,
nicolina,7,1,3,Aleea Nicolina,IS,place_refs,,,,,,,,,,,,,Nicolina,river,RO,
nisipoasa,7,3,6,Drumul Nisipoasa,"BZ,GL,B",nature_terms,,,,,,,,,Nisipoasa,geography,,,,,,
nr. 27,7,6,7,Nr. 27,"BZ,DJ,MH,MS,PH,VS",,,,,,,,,,,,,,,,,
nr. 28,7,6,7,Nr. 28,"BZ,DJ,MH,MS,PH,VS",,,,,,,,,,,,,,,,,
nr. 29,7,6,7,Nr. 29,"BZ,DJ,MH,MS,PH,VS",name_categories,,,,,,,,,,,infrastructure,numerical,,,,
nr. 30,7,6,7,Nr. 30,"BZ,DJ,MH,MS,PH,VS",name_categories,,,,,,,,,,,infrastructure,numerical,,,,
nr. 31,7,6,7,Nr. 31,"BZ,DJ,MH,MS,PH,VS",name_categories,,,,,,,,,,,infrastructure,numerical,,,,
nr. 32,7,6,7,Nr. 32,"BZ,DJ,MH,MS,PH,VS",name_categories,,,,,,,,,,,infrastructure,numerical,,,,
nr. 34,7,6,7,Nr. 34,"BZ,DJ,MH,MS,PH,VS",name_categories,,,,,,,,,,,infrastructure,numerical,,,,
nr. 35,7,6,7,Nr. 35,"BZ,DJ,MH,MS,PH,VS",name_categories,,,,,,,,,,,infrastructure,numerical,,,,
nr. 37,7,6,7,Nr. 37,"BZ,DJ,MH,MS,PH,VS",name_categories,,,,,,,,,,,infrastructure,numerical,,,,
nr. 39,7,6,7,Nr. 39,"BZ,DJ,MH,MS,PH,VS",name_categories,,,,,,,,,,,infrastructure,numerical,,,,
nr. 40,7,6,7,Nr. 40,"BZ,DJ,MH,MS,PH,VS",name_categories,,,,,,,,,,,infrastructure,numerical,,,,
nr. 41,7,6,7,Nr. 41,"BZ,DJ,MH,MS,PH,VS",name_categories,,,,,,,,,,,infrastructure,numerical,,,,
nr. 43,7,7,7,Nr. 43,"DJ,MM,MH,MS,NT,PH,VS",name_categories,,,,,,,,,,,infrastructure,numerical,,,,
nr. 47,7,7,7,Nr. 47,"DJ,MM,MH,MS,NT,PH,VS",name_categories,,,,,,,,,,,infrastructure,numerical,,,,
nr. 50,7,7,7,Nr. 50,"DJ,MM,MH,MS,NT,PH,VS",name_categories,,,,,,,,,,,infrastructure,numerical,,,,
nufarul,7,7,7,Nufărul,"AB,BH,BT,DB,GJ,NT,TM",nature_terms,,,,,,,,,Nufărul,flower,,,,,,
obarsiei,7,6,7,Obârșiei,"AB,NT,OT,PH,VL,B",nature_terms,,,,,,,,,Obârșiei,geography,,,,,,
obstii,7,6,7,Drumul Obștii,"AG,BT,IF,SV,VS,VL",name_categories,,,,,,,,,,,institutional,communal_property,,,,
ocnei,7,3,6,Drumul Ocnei,"AG,MM,SB",place_refs,,,,,,,,,,,,,Ocna,ro_city,RO,
odobescu,7,6,7,Aleea Odobescu,"AR,CS,IL,MH,PH,VS",persons,Alexandru Odobescu,M,1834,1895,premodern,writer/historian,RO,,,,,,,,,
ogoare,7,6,7,Aleea Ogoare,"AG,BT,DJ,CL,MH,NT",nature_terms,,,,,,,,,Ogoare,geography,,,,,,
onixului,7,4,7,Intrarea Onixului,"CJ,IF,PH,B",nature_terms,,,,,,,,,Onix,geography,,,,,,
otelului,7,6,7,Oțelului,"BV,CS,CJ,PH,TR,B",name_categories,,,,,,,,,,,trade,industrial,,,,
padinii,7,4,5,Padinii,"AB,GR,MH,VL",nature_terms,,,,,,,,,Padinii,geography,,,,,,
paduricii,7,5,7,Păduricii,"GL,SV,TM,VS,VN",nature_terms,,,,,,,,,Păduricii,forest,,,,,,
pajistilor,7,4,7,Pajiștilor,"BN,BR,CT,DB",nature_terms,,,,,,,,,Pajiștilor,meadow,,,,,,
paltin,7,4,6,Aleea Paltin,"IS,NT,SV,VS",nature_terms,,,,,,,,,Paltin,tree,,,,,,
pamfil seicaru,7,4,6,Pamfil Șeicaru,"BZ,GL,IF,MH",persons,Pamfil Șeicaru,M,1894,1980,interwar,journalist,RO,,,,,,,,,
parcul tineretului,7,5,5,Aleea Parcul Tineretului,"BH,BT,BZ,CV,SB",name_categories,,,,,,,,,,,abstract,social,,,,
pastravului,7,6,7,Păstrăvului,"BN,GJ,MM,NT,SM,SV",nature_terms,,,,,,,,,Păstrăvului,animal,,,,,,
paulis,7,5,7,Intrarea Păuliș,"AB,AR,CT,DJ,B",place_refs,,,,,,,,,,,,,Păuliș,ro_village,RO,
perju,7,4,4,General Perju,"BC,IS,SV,VN",persons,Gheorghe Perju,M,1889,1967,interwar,military,RO,,,,,,,,,
peste apa,7,5,7,Peste Apă,"BZ,GJ,MS,SV,VL",nature_terms,,,,,,,,,Peste Apă,geography,,,,,,
peste rau,7,4,7,Peste Râu,"AB,MM,SB,VL",nature_terms,,,,,,,,,Peste Râu,geography,,,,,,
petre carp,7,6,7,Petre Carp,"BH,BR,DJ,IS,MH,TR",persons,Petre P. Carp,M,1837,1919,premodern,politician,RO,,,,,,,,,
piata unirii,7,7,7,Piața Unirii,"BH,BN,CJ,IS,MM,PH,SV",name_categories,,,,,,,,,,,commemorative,historical_event,,,,
pietatii,7,2,7,Pietații,"BR,DJ",name_categories,,,,,,,,,,,abstract,virtue,,,,
pietrari,7,7,7,Pietrari,"CJ,DB,HR,MM,SB,SV,VL",name_categories,,,,,,,,,,,occupational,trade,,,,
pionierilor,7,7,7,Pionierilor,"AR,BC,BH,BN,GL,MH,SM",name_categories,,,,,,,,,,,ideological,communist,,,,
plajei,7,5,6,Aleea Plajei,"AR,AG,CT,GL,GR",nature_terms,,,,,,,,,Plajei,geography,,,,,,
plutasului,7,4,7,Plutașului,"BH,BZ,NT,TM",name_categories,,,,,,,,,,,occupational,trade,,,,
pod,7,6,7,Pod,"BT,DB,IF,SJ,TL,VL",name_categories,,,,,,,,,,,infrastructure,transport,,,,
poderei,7,3,7,Poderei,"BN,CJ,MM",nature_terms,,,,,,,,,Poderei,geography,,,,,,
podul mare,7,7,7,Podul Mare,"BH,GL,HR,HD,MH,SM,SJ",name_categories,,,,,,,,,,,infrastructure,bridge,,,,
podurilor,7,6,7,Podurilor,"CJ,MM,SJ,SB,SV,VS",name_categories,,,,,,,,,,,infrastructure,bridge,,,,
poligon,7,6,6,Piața Poligon,"BR,IS,NT,PH,SV,VN",name_categories,,,,,,,,,,,infrastructure,military,,,,
pomicultorilor,7,5,7,Pomicultorilor,"AB,DB,MS,SB,TL",name_categories,,,,,,,,,,,occupational,agriculture,,,,
popi,7,7,7,Popi,"AG,BH,CJ,HD,MM,SV,VL",name_categories,,,,,,,,,,,religious,clergy,,,,
potarnichii,7,5,7,Potârnichii,"CJ,CT,TM,VS,B",nature_terms,,,,,,,,,Potârnichii,bird,,,,,,
potcovarilor,7,5,6,Intrarea Potcovarilor,"DB,DJ,IF,TR,VL",name_categories,,,,,,,,,,,trade,crafts,,,,
povarnei,7,4,7,Aleea Povarnei,"AG,CL,PH,VL",name_categories,,,,,,,,,,,trade,industry,,,,
preotului,7,6,7,Preotului,"DB,DJ,CL,PH,TR,VN",name_categories,,,,,,,,,,,religious,clergy,,,,
principala 4,7,3,7,Principală 4,"BH,MM,VL",name_categories,,,,,,,,,,,infrastructure,street_naming,,,,
principala i,7,6,7,Principală I,"BH,GL,MS,NT,TM,VL",name_categories,,,,,,,,,,,infrastructure,street_naming,,,,
profesorului,7,6,7,Profesorului,"BT,BZ,GR,SV,VL,VN",name_categories,,,,,,,,,,,occupational,education,,,,
promenadei,7,4,7,Promenadei,"BC,IL,SB,SV",name_categories,,,,,,,,,,,infrastructure,public_space,,,,
rachetei,7,5,7,Rachetei,"AR,BH,MM,TM,B",name_categories,,,,,,,,,,,infrastructure,technology,,,,
radulescu ion heliade,7,7,7,Rădulescu Ion Heliade,"BH,CJ,CT,DB,CL,MS,TM",persons,Ion Heliade Rădulescu,M,1802,1872,1848,"writer, politician",RO,,,,,,,,,
rapsozilor,7,4,7,Rapsozilor,"BT,OT,SV,TR",name_categories,,,,,,,,,,,commemorative,culture,,,,
ratiu ioan,7,6,7,Rațiu Ioan,"AB,AR,BH,BN,CJ,CT",persons,Ioan Rațiu,M,1828,1902,premodern,politician,RO,,,,,,,,,
razelor,7,7,7,Razelor,"BZ,DB,IS,IF,OT,PH,B",nature_terms,,,,,,,,,Razelor,sky,,,,,,
regelui,7,6,7,Regelui,"DJ,GJ,HR,HD,MH,B",name_categories,,,,,,,,,,,commemorative,monarchy,,,,
regiei,7,6,7,Bulevardul Regiei,"CT,DB,CL,IL,OT,B",name_categories,,,,,,,,,,,institutional,administration,,,,
remenyik sandor,7,4,7,Remenyik Sandor,"BH,CJ,HR,SM",persons,Reményik Sándor,M,1890,1941,interwar,poet,HU,,,,,,,,,
romani,7,5,7,Fundătura Romani,"BR,CL,GR,SB,VL",name_categories,,,,,,,,,,,commemorative,ethnic,,,,
romanitelor,7,6,7,Romanițelor,"BT,CS,DJ,CL,PH,VL",nature_terms,,,,,,,,,Romanițe,flower,,,,,,
rondului,7,6,7,Rondului,"BT,BZ,DJ,IF,PH,TR",name_categories,,,,,,,,,,,infrastructure,urban_feature,,,,
rosetti c.a.,7,6,7,Rosetti C.A.,"CJ,CT,HD,SJ,VS,B",persons,Constantin A. Rosetti,M,1816,1885,1848,politician,RO,,,,,,,,,
rosia,7,5,7,Roșia,"AB,AR,CS,CJ,HD",place_refs,,,,,,,,,,,,,Roșia,ro_village,RO,
rotaresti,7,5,7,ROTARESTI,"GJ,IS,PH,VN,DB",place_refs,,,,,,,,,,,,,Rotărești,ro_village,RO,
rusu,7,4,7,Erou Rusu,"HD,IS,NT,SV",persons,Rusu,M,,,interwar,soldier,RO,,,,,,,,,
salajului,7,5,7,Strada Sălajului,"BH,CJ,SM,SJ,SB",place_refs,,,,,,,,,,,,,Sălaj,region,RO,
sandu,7,7,7,Sandu,"BC,BT,DB,GJ,SV,TR,VN",persons,Sandu,M,,,premodern,generic_name,RO,,,,,,,,,
saniusului,7,5,7,Strada Săniușului,"BC,BT,IS,OT,PH",name_categories,,,,,,,,,,,abstract,recreation,,,,
santinelei,7,4,4,Intrarea Santinelei,"AR,CT,SV,VS",name_categories,,,,,,,,,,,occupational,military,,,,
sasului,7,5,7,Sasului,"AB,DB,DJ,MM,SB",name_categories,,,,,,,,,,,commemorative,ethnic,,,,
satul vechi,7,5,7,Satul Vechi,"BT,BR,GL,OT,VS",name_categories,,,,,,,,,,,commemorative,historical,,,,
scanteia,7,7,7,Scânteia,"AR,BH,BR,GR,MM,SM,VL",name_categories,,,,,,,,,,,ideological,communist_propaganda,,,,
scaricica,7,4,6,Pasajul Scăricica,"BC,IS,MS,NT",nature_terms,,,,,,,,,Scăricica,geography,,,,,,
scoala noua,7,6,7,Strada Școala Nouă,"AG,BR,DB,GJ,TL,IL",name_categories,,,,,,,,,,,institutional,education,,,,
scriitorului,7,5,7,Scriitorului,"BR,IS,VS,VL,VN",name_categories,,,,,,,,,,,occupational,culture,,,,
simbolului,7,4,5,Aleea Simbolului,"AR,MH,B,IF",name_categories,,,,,,,,,,,abstract,concept,,,,
simeria,7,4,7,Simeria,"AR,BV,CJ,B",place_refs,,,,,,,,,,,,,Simeria,ro_city,RO,
sion gheorghe,7,7,7,Sion Gheorghe,"AR,BV,BZ,CJ,CT,PH,VN",persons,Gheorghe Sion,M,1822,1892,premodern,writer,RO,,,,,,,,,
sirenelor,7,5,7,Intrarea Sirenelor,"BR,IF,TM,TL,B",name_categories,,,,,,,,,,,mythology,creatures,,,,
sma,7,6,6,SMA,"BC,BZ,SM,SJ,VL,VN",name_categories,,,,,,,,,,,institutional,agriculture,,,,
soci,7,3,5,Soci,"CJ,IS,SV",place_refs,,,,,,,,,,,,,Soci,ro_village,RO,
socilor,7,6,7,Socilor,"AG,BC,GJ,GR,PH,SV",nature_terms,,,,,,,,,Socilor,tree,,,,,,
somnului,7,6,7,Intrarea Somnului,"AR,MS,TM,TL,B,IF",name_categories,,,,,,,,,,,abstract,concept,,,,
spataresti,7,5,7,Spătărești,"BC,DB,HD,SV,B",place_refs,,,,,,,,,,,,,Spătărești,ro_village,RO,
stanca,7,6,7,Doctor Stâncă,"DB,GJ,HD,IS,MM,TR",persons,Sebastian Stâncă,M,1881,1947,interwar,physician,RO,,,,,,,,,
stanesti,7,7,7,Strada Stănești,"AB,DB,GR,OT,PH,SB,VL",place_refs,,,,,,,,,,,,,Stănești,ro_village,RO,
starcului,7,6,7,Strada Stârcului,"CJ,DB,MM,PH,TM,IF",nature_terms,,,,,,,,,Stârcului,bird,,,,,,
stefan petica,7,2,7,Strada Ștefan Petică,"BR,GL",persons,Ștefan Petică,M,1877,1904,premodern,poet,RO,,,,,,,,,
stere constantin,7,6,6,Aleea Stere Constantin,"AG,IS,PH,TM,VN,B",persons,Constantin Stere,M,1865,1936,interwar,politician,RO,,,,,,,,,
strada,7,7,7,Strada,"AB,BT,CJ,DB,IL,SM,SB",,,,,,,,,,,,,,,,,
strajerului,7,5,7,Aleea Străjerului,"BN,CJ,CT,DB,SV",name_categories,,,,,,,,,,,occupational,military,,,,
stroe buzescu,7,2,7,Strada Stroe Buzescu,"DJ,PH",persons,Stroe Buzescu,M,,1602,medieval,military commander,RO,,,,,,,,,
strungarilor,7,4,6,Intrarea Strungarilor,"CJ,DJ,GL,OT",name_categories,,,,,,,,,,,occupational,trade,,,,
sub coaste,7,3,7,Strada Sub Coaste,"CJ,MM,SJ",nature_terms,,,,,,,,,Sub Coaste,geography,,,,,,
suhurlui,7,1,7,Strada Suhurlui,GL,place_refs,,,,,,,,,,,,,Suhurlui,ro_village,RO,
susani,7,2,7,Strada Susani,"MM,SM",place_refs,,,,,,,,,,,,,Susani,ro_village,RO,
szoros,7,1,7,Strada Szoros,HR,nature_terms,,,,,,,,,Szoros,geography,,,,,,
tabla butii,7,4,6,Strada Tabla Buții,"CT,MH,PH,B",place_refs,,,,,,,,,,,,,Tabla Buții,mountain,RO,
tamaioarelor,7,6,7,Strada Tămâioarelor,"DJ,GJ,MH,OT,VL,IF",nature_terms,,,,,,,,,Tămâioarelor,plant,,,,,,
tampa,7,5,7,Strada Tâmpa,"CJ,PH,SB,TM,B",place_refs,,,,,,,,,,,,,Tâmpa,mountain,RO,
tarcaului,7,6,7,Strada Tarcăului,"BH,CJ,DJ,HR,NT,PH",place_refs,,,,,,,,,,,,,Tarcău,river,RO,
targoviste,7,5,7,Strada Târgoviște,"AR,BR,DB,DJ,TM",place_refs,,,,,,,,,,,,,Târgoviște,ro_city,RO,
tarna,7,5,7,Strada Tarna,"BC,BT,BZ,CJ,SV",nature_terms,,,,,,,,,Tarna,geography,,,,,,
teisului,7,4,7,Strada Teișului,"GL,GJ,GR,VN",nature_terms,,,,,,,,,Teișului,tree,,,,,,
tezaurului,7,6,7,Strada Tezaurului,"BC,BR,BZ,CT,MM,PH",name_categories,,,,,,,,,,,abstract,cultural,,,,
tomescu,7,6,7,Strada Tomescu,"DB,GJ,IL,NT,PH,VL",persons,Tomescu,M,,,premodern,unknown,RO,,,,,,,,,
topazului,7,6,7,Strada Topazului,"CJ,CT,IF,MM,PH,SB",nature_terms,,,,,,,,,Topazului,geography,,,,,,
trei ierarhi,7,4,5,Strada Trei Ierarhi,"IS,PH,VS,VN",name_categories,,,,,,,,,,,religious,saints,,,,
triunghiului,7,3,7,Strada Triunghiului,"BC,CT,B",name_categories,,,,,,,,,,,abstract,geometric,,,,
tulburea,7,5,7,Strada Tulburea,"BC,BT,BZ,IS,PH",nature_terms,,,,,,,,,Tulburea,water,,,,,,
tutunului,7,5,7,Strada Tutunului,"CV,DJ,MS,TL,VS",name_categories,,,,,,,,,,,trade,agriculture,,,,
uliului,7,6,7,Strada Uliului,"AG,BC,BV,CJ,GL,TM",nature_terms,,,,,,,,,Uliului,bird,,,,,,
unditei,7,5,7,Intrarea Undiței,"AR,BT,BR,IS,B",name_categories,,,,,,,,,,,trade,tools,,,,
ungureanu,7,4,7,Aleea Ungureanu,"BT,BZ,NT,SV",persons,Ungureanu,M,,,premodern,unknown,RO,,,,,,,,,
universului,7,6,7,Aleea Universului,"AR,BV,CJ,CL,SM,TM",name_categories,,,,,,,,,,,abstract,scientific,,,,
vacantei,7,7,7,Aleea Vacanței,"AB,BC,CT,PH,SV,B,MM",name_categories,,,,,,,,,,,abstract,leisure,,,,
valcica,7,6,7,Intrarea Vâlcică,"BC,BV,DB,GL,VS,VN",nature_terms,,,,,,,,,Vâlcică,geography,,,,,,
valea calugareasca,7,4,5,Aleea Valea Călugărească,"BR,BZ,TM,B",place_refs,,,,,,,,,,,,,Valea Călugărească,ro_village,RO,
valea casei,7,3,6,Strada Valea Casei,"BC,BZ,GJ",nature_terms,,,,,,,,,Valea Casei,geography,,,,,,
valea cerbului,7,5,7,Strada Valea Cerbului,"IF,MM,PH,SM,B",nature_terms,,,,,,,,,Valea Cerbului,geography,,,,,,
valea lui dan,7,6,7,Strada Valea lui Dan,"AG,BN,GJ,MM,MH,PH",nature_terms,,,,,,,,,Valea lui Dan,geography,,,,,,
valea mieilor,7,4,7,Strada Valea Mieilor,"DB,PH,B,IF",nature_terms,,,,,,,,,Valea Mieilor,geography,,,,,,
valea plopului,7,7,7,Strada Valea Plopului,"BT,BZ,DB,GJ,MH,PH,VL",place_refs,,,,,,,,,,,,,Valea Plopului,ro_village,RO,
valea podului,7,5,6,Strada Valea Podului,"BN,BT,GJ,PH,SJ",nature_terms,,,,,,,,,Valea Podului,geography,,,,,,
valea poienii,7,6,6,Strada Valea Poienii,"AB,AG,BC,BN,PH,VL",nature_terms,,,,,,,,,Valea Poienii,geography,,,,,,
valea viei,7,4,7,Strada Valea Viei,"BC,BZ,NT,VL",nature_terms,,,,,,,,,Valea Viei,geography,,,,,,
velnita,7,3,7,Strada Velnița,"BC,BT,CJ",name_categories,,,,,,,,,,,trade,occupational,,,,
victor daimaca,7,4,6,Intrarea Victor Daimaca,"DJ,GJ,MH,B",persons,Victor Daimaca,M,1892,1969,interwar,astronomer,RO,,,,,,,,,
viorii,7,5,7,Strada Viorii,"BT,GL,PH,SV,TM",name_categories,,,,,,,,,,,trade,occupational,,,,
visului,7,5,7,Strada Visului,"BC,IS,CL,TM,B",name_categories,,,,,,,,,,,abstract,abstract,,,,
vitejiei,7,4,7,Strada Vitejiei,"BC,BR,B,IF",name_categories,,,,,,,,,,,abstract,abstract,,,,
vlasca,7,4,7,Strada Vlasca,"BC,CT,GR,TR",place_refs,,,,,,,,,,,,,Vlașca,region,RO,
vrancea,7,6,7,Aleea Vrancea,"CJ,MH,MS,TM,B,IF",place_refs,,,,,,,,,,,,,Vrancea,region,RO,
zagazului,7,4,7,Strada Zăgazului,"BV,GR,MS,B",name_categories,,,,,,,,,,,infrastructure,infrastructure,,,,
zaharia,7,6,7,Strada Sublocotenent Zaharia,"DB,IS,NT,SJ,VL,B",persons,Zaharia,M,,,interwar,military,RO,,,,,,,,,
zalau,7,5,7,Strada Zalău,"AR,DJ,TM,B,IF",place_refs,,,,,,,,,,,,,Zalău,ro_city,RO,
zapezii,7,6,7,Strada Zăpezii,"BV,BZ,HD,IL,PH,TM",nature_terms,,,,,,,,,Zăpezii,weather,,,,,,
zapode,7,4,7,Strada Zapode,"CJ,HR,SJ,SB",nature_terms,,,,,,,,,Zapode,geography,,,,,,
zavoaie,7,5,7,Strada Zăvoaie,"BN,GJ,MM,SJ,VL",nature_terms,,,,,,,,,Zăvoaie,forest,,,,,,
zidarului,7,5,7,Strada Zidarului,"GJ,GR,NT,SV,B",name_categories,,,,,,,,,,,occupational,trade,,,,
zootehnistului,7,5,7,Strada Zootehnistului,"CT,DJ,GR,OT,TM",name_categories,,,,,,,,,,,occupational,trade,,,,
zorelei,7,6,7,Strada Zorelei,"BT,CL,IF,IL,OT,GR",nature_terms,,,,,,,,,Zorelei,flower,,,,,,
вулиця шевченка,7,4,7,вулиця Шевченка,"BT,GL,MM,SM",persons,Taras Shevchenko,M,1814,1861,premodern,poet/painter,UA,,,,,,,,,
дунав,7,5,7,Дунав,"CL,GR,MH,OT,TR",place_refs,,,,,,,,,,,,,Dunăre,river,RO,
a i-a,6,3,6,Strada a I-a,"SB,TM,TL",name_categories,,,,,,,,,,,infrastructure,ordinal,,,,
a v-a,6,3,6,A V-a,"SB,TM,TL",name_categories,,,,,,,,,,,infrastructure,ordinal,,,,
a. d. xenopol,6,5,6,A. D. Xenopol,"AR,BC,CJ,CT,IS",persons,Alexandru Dimitrie Xenopol,M,1847,1920,interwar,historian,RO,,,,,,,,,
acarului,6,4,6,Acarului,"IL,IF,MS,PH",name_categories,,,,,,,,,,,occupational,trade,,,,
adanca,6,4,6,Adânca,"BT,CT,TR,TL",nature_terms,,,,,,,,,Adâncă,geography,,,,,,
agromecului,6,4,6,Agromecului,"CT,DJ,MH,TR",name_categories,,,,,,,,,,,institutional,trade,,,,
agronomilor,6,4,6,Agronomilor,"BZ,CJ,DJ,IS",name_categories,,,,,,,,,,,occupational,trade,,,,
aiudului,6,5,6,Aiudului,"AB,BH,CJ,MS,SJ",place_refs,,,,,,,,,,,,,Aiud,ro_city,RO,
albert einstein,6,4,6,Albert Einstein,"BH,CJ,SB,TM",persons,Albert Einstein,M,1879,1955,interwar,physicist,DE,,,,,,,,,
aleea 2,6,3,5,Aleea 2,"BN,BV,DJ",name_categories,,,,,,,,,,,infrastructure,ordinal,,,,
aleea 5,6,4,6,Aleea 5,"BN,BV,DJ,GL",name_categories,,,,,,,,,,,infrastructure,ordinal,,,,
aleea merilor,6,4,6,Aleea Merilor,"GL,OT,TR,VL",nature_terms,,,,,,,,,Merilor,tree,,,,,,
aleea nucului,6,4,6,Aleea Nucului,"BT,MH,TM,VL",nature_terms,,,,,,,,,Nuc,tree,,,,,,
aleea plopilor,6,6,6,Aleea Plopilor,"BT,DJ,GL,GJ,PH,VS",nature_terms,,,,,,,,,Plop,tree,,,,,,
aleea viitorului,6,6,6,Aleea Viitorului,"AB,DB,HD,OT,SV,VL",name_categories,,,,,,,,,,,abstract,ideological,,,,
alexandru,6,5,6,Aleea Alexandru,"AB,BT,IS,VL,B",persons,Alexandru,M,,,medieval,monarch,RO,,,,,,,,,
alexandru borza,6,3,6,Acad. Alexandru Borza,"AB,CJ,TM",persons,Alexandru Borza,M,1887,1971,interwar,botanist,RO,,,,,,,,,
alexandru cel mare,6,4,6,Alexandru Cel Mare,"BZ,CJ,TR,TM",persons,Alexandru cel Mare,M,-356,-323,ancient,monarch,GR,,,,,,,,,
alexandru golescu,6,6,6,Alexandru Golescu,"AB,AG,BC,BZ,TM,VN",persons,Alexandru Golescu,M,1819,1881,1848,politician,RO,,,,,,,,,
alexandru i. cuza,6,6,6,Alexandru I. Cuza,"BC,BH,BZ,CS,GL,VS",persons,Alexandru Ioan Cuza,M,1820,1873,1848,monarch,RO,,,,,,,,,
alexandru ipsilanti,6,4,6,Alexandru Ipsilanti,"IL,CL,B,IF",persons,Alexandru Ipsilanti,M,1725,1805,premodern,monarch,GR,,,,,,,,,
alexandru ivasiuc,6,3,6,Alexandru Ivasiuc,"CT,MM,B",persons,Alexandru Ivasiuc,M,1933,1977,communist,writer,RO,,,,,,,,,
alexandru sihleanu,6,3,5,Alexandru Sihleanu,"BZ,VN,B",persons,Alexandru Sihleanu,M,1834,1865,1848,poet,RO,,,,,,,,,
allomas,6,2,6,Allomas,"HR,MS",name_categories,,,,,,,,,,,infrastructure,transport,,,,
almas,6,4,6,Almaș,"CT,CV,NT,B",place_refs,,,,,,,,,,,,,Almaș,river,RO,
alpinistilor,6,4,5,Aleea Alpiniștilor,"MH,PH,TM,B",name_categories,,,,,,,,,,,occupational,sports,,,,
alunelor,6,5,5,Alunelor,"AB,BZ,GJ,GR,VS",nature_terms,,,,,,,,,Alun,tree,,,,,,
amaradiei,6,3,6,Amaradiei,"GJ,PH,B",place_refs,,,,,,,,,,,,,Amaradia,river,RO,
amintirii,6,6,6,Aleea Amintirii,"BZ,IS,MH,NT,VS,B",name_categories,,,,,,,,,,,abstract,commemorative,,,,
amurg,6,3,6,Amurg,"AR,CJ,IL",nature_terms,,,,,,,,,Amurg,sky,,,,,,
antiaeriana,6,4,6,Antiaeriana,"DJ,CL,IF,B",name_categories,,,,,,,,,,,infrastructure,military,,,,
anton pavlovici cehov,6,4,6,Anton Pavlovici Cehov,"MM,SB,TM,B",persons,Anton Pavlovici Cehov,M,1860,1904,premodern,writer,RU,,,,,,,,,
antre tarlale,6,3,5,Drumul Între Tarlale,"IF,CL,B",nature_terms,,,,,,,,,Între Tarlale,geography,,,,,,
anul 1848,6,4,5,Aleea Anul 1848,"DJ,PH,SB,TM",name_categories,,,,,,,,,,,commemorative,historical_event,,,,
apicultori,6,4,6,Apicultori,"BT,OT,TR,TL",name_categories,,,,,,,,,,,occupational,trade,,,,
aramei,6,4,6,Aramei,"BZ,CJ,IS,SV",name_categories,,,,,,,,,,,trade,craft,,,,
arcu,6,2,4,Arcu,"IS,VS",name_categories,,,,,,,,,,,infrastructure,architectural,,,,
aron voda,6,4,6,Aron Vodă,"BT,CT,IS,PH",persons,Aron Vodă,M,1560,1597,medieval,domnitor,RO,,,,,,,,,
arpad utca,6,3,6,Árpád utca,"AR,BH,TM",persons,Árpád,M,845,907,medieval,ruler,HU,,,,,,,,,
arsita,6,3,6,Arșița,"MM,NT,SV",nature_terms,,,,,,,,,Arșița,geography,,,,,,
arsitei,6,3,6,Arșiței,"MM,NT,SV",nature_terms,,,,,,,,,Arșiței,geography,,,,,,
ateneului,6,6,6,Aleea Ateneului,"BC,CS,HD,IS,IF,CL",name_categories,,,,,,,,,,,institutional,cultural,,,,
augustin bunea,6,4,6,Augustin Bunea,"AB,BV,CJ,SV",persons,Augustin Bunea,M,1857,1909,premodern,historian,RO,,,,,,,,,
aurel baesu,6,5,6,Aurel Băeșu,"NT,PH,SV,TM,B",persons,Aurel Băeșu,M,1896,1928,interwar,painter,RO,,,,,,,,,
aurului,6,5,6,Aleea Aurului,"CS,PH,VL,B,IF",name_categories,,,,,,,,,,,trade,resource,,,,
bacani,6,4,5,Bâcani,"AG,DB,IF,B",name_categories,,,,,,,,,,,occupational,trade,,,,
badea,6,5,6,Badea,"AB,DB,IS,MH,VL",name_categories,,,,,,,,,,,commemorative,folk_figure,,,,
bahluiului,6,5,6,Bahluiului,"CT,GL,PH,SB,B",place_refs,,,,,,,,,,,,,Bahlui,river,RO,
baia mare,6,4,6,Baia Mare,"CJ,SM,TM,B",place_refs,,,,,,,,,,,,,Baia Mare,ro_city,RO,
bajenari,6,5,5,Aleea Bajenari,"BZ,IL,IF,GR,VL",name_categories,,,,,,,,,,,commemorative,historical_social,,,,
banu,6,4,5,Banu,"IS,PH,VN,DB",name_categories,,,,,,,,,,,occupational,nobility,,,,
barcaului,6,3,6,Barcăului,"BH,CJ,SJ",place_refs,,,,,,,,,,,,,Barcău,river,RO,
batalului,6,3,6,Batalului,"AR,BZ,TL",nature_terms,,,,,,,,,Batalului,animal,,,,,,
bazaltului,6,3,6,Bazaltului,"BV,MM,B",nature_terms,,,,,,,,,Bazaltului,geography,,,,,,
beciului,6,3,6,Beciului,"BC,SM,VN",name_categories,,,,,,,,,,,infrastructure,storage,,,,
beius,6,4,5,Beiuș,"AR,MH,PH,B",place_refs,,,,,,,,,,,,,Beiuș,ro_city,RO,
beiusului,6,3,6,Beiușului,"BH,CJ,SJ",place_refs,,,,,,,,,,,,,Beiuș,ro_city,RO,
beke utca,6,4,6,Béke utca,"AR,BH,SM,TM",name_categories,,,,,,,,,,,abstract,peace,,,,
berc,6,4,6,Berc,"CS,HR,MS,SJ",nature_terms,,,,,,,,,Berc,forest,,,,,,
beresti,6,4,6,Berești,"GL,GJ,PH,VL",place_refs,,,,,,,,,,,,,Berești,ro_city,RO,
bibanului,6,4,6,Bibanului,"SM,TL,B,IF",nature_terms,,,,,,,,,Bibanului,animal,,,,,,
biserica alba,6,5,6,Biserica Alba,"BC,GJ,OT,SV,B",name_categories,,,,,,,,,,,religious,monument,,,,
bisericii 1,6,5,6,Bisericii 1,"BZ,NT,TM,VL,VN",name_categories,,,,,,,,,,,religious,institutional,,,,
bistricioara,6,4,5,Aleea Bistricioara,"AB,BC,GJ,B",place_refs,,,,,,,,,,,,,Bistricioara,river,RO,
blanarilor,6,5,6,Blănarilor,"CJ,GL,OT,SB,VL",name_categories,,,,,,,,,,,trade,craft,,,,
bogdan,6,5,6,Bogdan,"MH,MS,TR,VS,VL",persons,Bogdan,M,,,medieval,ruler,RO,,,,,,,,,
bolatau,6,3,6,Bolătău,"BC,NT,SV",nature_terms,,,,,,,,,Bolătău,water,,,,,,
borsa,6,5,6,Aleea Borșa,"CJ,DB,SB,TM,B",place_refs,,,,,,,,,,,,,Borșa,ro_city,RO,
borsului,6,2,4,Borșului,"BH,CJ",place_refs,,,,,,,,,,,,,Borș,ro_village,RO,
bradatel,6,5,6,Brădățel,"AB,BC,GJ,PH,SV",nature_terms,,,,,,,,,Brădățel,forest,,,,,,
bratianu ion constantin,6,5,6,Brătianu Ion Constantin,"AB,BH,MH,SM,SB",persons,Ion Constantin Brătianu,M,1821,1891,premodern,politician,RO,,,,,,,,,
broscariei,6,4,6,Broscăriei,"BH,IS,TR,VS",nature_terms,,,,,,,,,Broscăriei,animal,,,,,,
buclei,6,5,6,Buclei,"BZ,CL,NT,PH,B",name_categories,,,,,,,,,,,abstract,geometric,,,,
bucovat,6,5,6,Aleea Bucovăț,"DJ,SV,TM,B,IF",place_refs,,,,,,,,,,,,,Bucovăț,ro_village,RO,
budesti,6,5,6,Budești,"BT,BZ,CT,VL,B",place_refs,,,,,,,,,,,,,Budești,ro_city,RO,
bumbesti,6,5,6,Bumbești,"CJ,GJ,IS,IF,B",place_refs,,,,,,,,,,,,,Bumbești-Jiu,ro_city,RO,
burlacilor,6,4,5,Aleea Burlacilor,"BZ,DB,CL,NT",name_categories,,,,,,,,,,,abstract,social,,,,
busila,6,2,6,Bușilă,"BC,VN",persons,Gheorghe Bușilă,M,1884,1952,interwar,general,RO,,,,,,,,,
calnaului,6,2,6,Câlnăului,"BZ,VN",place_refs,,,,,,,,,,,,,Câlnău,river,RO,
calomfirescu,6,2,6,Calomfirescu,"MH,PH",persons,Nicolae Calomfirescu,M,1865,1940,interwar,general,RO,,,,,,,,,
camin,6,6,6,Cămin,"CJ,IS,GR,NT,SM,SJ",name_categories,,,,,,,,,,,institutional,social,,,,
camp,6,5,6,Câmp,"GR,MH,PH,SM,VL",nature_terms,,,,,,,,,Câmp,geography,,,,,,
campinita,6,3,5,Aleea Câmpinița,"PH,B,IF",place_refs,,,,,,,,,,,,,Câmpinița,ro_village,RO,
campul mare,6,4,6,Câmpul Mare,"GJ,HR,SV,B",nature_terms,,,,,,,,,Câmpul Mare,geography,,,,,,
canal,6,5,6,Canal,"BZ,HR,IS,PH,TR",name_categories,,,,,,,,,,,infrastructure,transport,,,,
canepiste,6,2,5,Aleea Cânepiște,"BC,BZ",nature_terms,,,,,,,,,Cânepiște,plant,,,,,,
cantacuzino,6,5,5,Cantacuzino,"BH,CT,HD,IS,IF",persons,Cantacuzino family,collective,,,medieval,nobility,RO,,,,,,,,,
cantecului,6,4,6,Cântecului,"BZ,IS,TL,IF",name_categories,,,,,,,,,,,abstract,art,,,,
cantoanelor,6,4,6,Cantoanelor,"CT,CL,NT,DB",name_categories,,,,,,,,,,,infrastructure,administrative,,,,
capitanilor,6,3,6,Capitanilor,"DJ,OT,PH",name_categories,,,,,,,,,,,occupational,military,,,,
capsunului,6,5,6,Căpșunului,"BC,BT,IL,CL,VL",nature_terms,,,,,,,,,Căpșun,fruit,,,,,,
caransebes,6,5,6,Caransebeș,"AR,CS,CJ,TM,B",place_refs,,,,,,,,,,,,,Caransebeș,ro_city,RO,
carlig,6,4,5,Cârlig,"BC,IS,MM,VS",nature_terms,,,,,,,,,Cârlig,geography,,,,,,
catanesti,6,4,6,Cătănești,"AG,DB,DJ,HD",place_refs,,,,,,,,,,,,,Cătănești,ro_village,RO,
catedralei,6,5,5,Catedralei,"AB,AR,DB,HD,MS",name_categories,,,,,,,,,,,institutional,religious,,,,
cavalului,6,4,6,Cavalului,"BV,PH,TL,B",nature_terms,,,,,,,,,Caval,bird,,,,,,
cazacilor,6,5,6,Cazacilor,"AG,NT,SV,TR,VL",name_categories,,,,,,,,,,,commemorative,historical_group,,,,
cazan,6,5,6,Aleea Cazan,"IF,GR,PH,TM,TL",name_categories,,,,,,,,,,,trade,craft,,,,
ceir,6,5,5,Ceir,"BC,SV,TL,VS,VL",,,,,,,,,,,,,,,,,
cenad,6,3,5,Aleea Cenad,"AR,TM,B",place_refs,,,,,,,,,,,,,Cenad,ro_village,RO,
centenarului,6,6,6,Aleea Centenarului,"AB,BT,CT,MS,NT,TM",name_categories,,,,,,,,,,,commemorative,historical_event,,,,
charles darwin,6,5,6,Charles Darwin,"BH,CT,PH,SB,TM",persons,Charles Darwin,M,1809,1882,premodern,biologist,GB,,,,,,,,,
chindiei,6,5,6,Aleea Chindiei,"IS,IF,PH,TL,B",place_refs,,,,,,,,,,,,,Chindia,ro_city,RO,
chiritesti,6,5,6,Chirițești,"AG,GJ,OT,TR,VL",place_refs,,,,,,,,,,,,,Chirițești,ro_village,RO,
christian tell,6,4,5,Christian Tell,"AB,GJ,OT,B",persons,Christian Tell,M,1808,1884,1848,politician,RO,,,,,,,,,
ciocan,6,5,6,Ciocan,"BC,BZ,OT,TR,GR",name_categories,,,,,,,,,,,trade,tool,,,,
ciritei,6,3,6,Ciritei,"BT,NT,SV",place_refs,,,,,,,,,,,,,Ciritei,ro_village,RO,
ciupercariei,6,6,6,Ciupercăriei,"BT,BZ,CL,OT,TR,VL",name_categories,,,,,,,,,,,trade,agriculture,,,,
ciurchi,6,2,4,Ciurchi,"GL,IS",place_refs,,,,,,,,,,,,,Ciurchi,ro_village,RO,
coacazei,6,5,6,Coacăzei,"BV,MH,SJ,B,IF",nature_terms,,,,,,,,,Coacăză,fruit,,,,,,
cocos,6,5,6,Cocos,"DB,GR,PH,TL,VN",nature_terms,,,,,,,,,Cocoș,animal,,,,,,
colectivului,6,6,6,Colectivului,"BZ,CJ,GJ,GR,NT,TM",name_categories,,,,,,,,,,,ideological,communist,,,,
comoara,6,5,5,Comoara,"BN,GJ,OT,VL,B",name_categories,,,,,,,,,,,abstract,symbolic,,,,
competitiei,6,4,6,Competiției,"BC,CL,TM,B",name_categories,,,,,,,,,,,abstract,concept,,,,
compozitorilor,6,4,6,Aleea Compozitorilor,"BN,CT,IF,B",name_categories,,,,,,,,,,,occupational,arts,,,,
constantin angelescu,6,3,6,Constantin Angelescu,"BZ,DJ,SJ",persons,Constantin Angelescu,M,1869,1948,interwar,politician/physician,RO,,,,,,,,,
copaceni,6,5,6,Copăceni,"GL,GR,VS,VL,B",place_refs,,,,,,,,,,,,,Copăceni,ro_village,RO,
copacilor,6,4,6,Copacilor,"BH,CJ,TM,VL",nature_terms,,,,,,,,,Copacilor,tree,,,,,,
copacului,6,4,6,Copacului,"BR,TL,VL,B",nature_terms,,,,,,,,,Copacului,tree,,,,,,
copenhaga,6,5,6,Copenhaga,"CT,GL,PH,TM,IF",place_refs,,,,,,,,,,,,,Copenhaga,city,DK,
copiilor,6,6,6,Aleea Copiilor,"AB,CJ,HR,IS,PH,TM",name_categories,,,,,,,,,,,abstract,social,,,,
copou,6,2,3,Aleea Copou,"IS,MM",place_refs,,,,,,,,,,,,,Copou,region,RO,
corbeni,6,5,5,Corbeni,"AG,BT,OT,VL,B",place_refs,,,,,,,,,,,,,Corbeni,ro_village,RO,
coroi,6,5,6,Coroi,"BC,BT,IS,SV,VN",nature_terms,,,,,,,,,Coroi,bird,,,,,,
corvin ion,6,6,6,Corvin Ion,"CS,CJ,CT,HD,SB,TL",persons,Ion Corvin,M,1904,1945,interwar,writer,RO,,,,,,,,,
cosasilor,6,5,6,Cosașilor,"CJ,IS,MM,PH,VS",name_categories,,,,,,,,,,,occupational,agriculture,,,,
cosasului,6,6,6,Cosașului,"BZ,IS,MM,TM,TL,B",name_categories,,,,,,,,,,,occupational,agriculture,,,,
costeni,6,3,6,Costeni,"GJ,HD,PH",place_refs,,,,,,,,,,,,,Costeni,ro_village,RO,
costinesti,6,4,6,Aleea Costinești,"BZ,CT,TM,B",place_refs,,,,,,,,,,,,,Costinești,resort,RO,
costitei,6,5,6,Costiței,"BC,BV,BZ,SJ,SV",nature_terms,,,,,,,,,Costiței,geography,,,,,,
cot,6,6,6,Cot,"CS,HD,IS,OT,PH,VS",nature_terms,,,,,,,,,Cot,geography,,,,,,
cotrus aron,6,5,6,Cotruș Aron,"AR,BH,SB,TM,B",persons,Aron Cotruș,M,1891,1961,interwar,poet,RO,,,,,,,,,
cotu morii,6,3,6,Cotu Morii,"BC,BT,BV",nature_terms,,,,,,,,,Cotu Morii,geography,,,,,,
cotul morii,6,4,6,Cotul Morii,"BC,BV,DB,IS",nature_terms,,,,,,,,,Cotul Morii,geography,,,,,,
craciun,6,5,6,Craciun,"DB,NT,PH,SV,B",name_categories,,,,,,,,,,,religious,holiday,,,,
craciunesti,6,5,6,Crăciunești,"AB,BC,OT,SV,VS",place_refs,,,,,,,,,,,,,Crăciunești,ro_village,RO,
craciunului,6,6,6,Crăciunului,"BC,DB,IS,IF,MH,TR",name_categories,,,,,,,,,,,religious,holiday,,,,
crapului,6,5,6,Crapului,"AR,IS,SM,B,IF",nature_terms,,,,,,,,,Crapului,animal,,,,,,
cristianului,6,2,4,Cristianului,"BV,SB",place_refs,,,,,,,,,,,,,Cristian,ro_village,RO,
crisul negru,6,4,6,Crișul Negru,"BH,CT,B,IF",place_refs,,,,,,,,,,,,,Crișul Negru,river,RO,
crivina,6,5,5,Crivina,"BV,BZ,CS,CV,MH",place_refs,,,,,,,,,,,,,Crivina,ro_village,RO,
cuartului,6,5,6,Cuarțului,"CT,MM,NT,PH,SB",nature_terms,,,,,,,,,Cuarțului,geography,,,,,,
cununitei,6,4,5,Cununiței,"BN,CT,CL,NT",nature_terms,,,,,,,,,Cununiței,flower,,,,,,
cuprului,6,6,6,Cuprului,"MM,NT,PH,SB,B,IF",nature_terms,,,,,,,,,Cuprului,geography,,,,,,
cutezantei,6,4,6,Cutezanței,"CJ,DB,CL,MS",name_categories,,,,,,,,,,,abstract,virtue,,,,
dacului,6,4,6,Dacului,"BR,GL,CL,MH",name_categories,,,,,,,,,,,commemorative,historical,,,,
dadu,6,4,6,Dadu,"IL,SV,B,IF",,,,,,,,,,,,,,,,,
darabani,6,4,5,Darabani,"GL,IS,B,IF",place_refs,,,,,,,,,,,,,Darabani,ro_city,RO,
david ferenc,6,4,6,David Ferenc,"CJ,CV,HR,MS",persons,Dávid Ferenc,M,1510,1579,medieval,theologian,RO,,,,,,,,,
dealul manastirii,6,4,6,Dealul Mănăstirii,"BC,BT,IS,VL",nature_terms,,,,,,,,,Dealul Mănăstirii,geography,,,,,,
deleanu,6,4,6,Deleanu,"GL,HD,VL,VN",persons,Horia Deleanu,M,1922,1998,interwar,writer,RO,,,,,,,,,
delnita,6,5,6,Delnița,"BC,OT,SB,SV,VL",place_refs,,,,,,,,,,,,,Delnița,ro_village,RO,
derdelus,6,5,6,Aleea Derdeluș,"BT,GL,IS,TL,VN",nature_terms,,,,,,,,,Derdeluș,geography,,,,,,
diacului,6,5,5,Diacului,"BN,HR,SJ,B,MM",name_categories,,,,,,,,,,,occupational,clerical,,,,
doamna despina,6,4,5,Doamna Despina,"AG,SJ,VL,B",persons,Despina Milița,F,,1554,medieval,noble,RO,,,,,,,,,
doamna ghica,6,2,4,Aleea Doamna Ghica,"GL,B",persons,Maria Ghica,F,1805,1887,premodern,noble,RO,,,,,,,,,
doamna oltea,6,4,6,Aleea Doamna Oltea,"IS,SV,VS,B",persons,Oltea Doamna,F,,1465,medieval,noble,RO,,,,,,,,,
dobrescu,6,4,6,DOBRESCU,"BT,BR,BZ,VN",persons,Dobrescu,M,,,premodern,unknown,RO,,,,,,,,,
dobrestilor,6,4,6,Dobreștilor,"BH,DB,HD,VL",place_refs,,,,,,,,,,,,,Dobrești,ro_village,RO,
dogari,6,4,6,Dogari,"BR,NT,PH,SV",name_categories,,,,,,,,,,,trade,crafts,,,,
doicesti,6,5,5,Doicești,"BR,DJ,GR,B,IF",place_refs,,,,,,,,,,,,,Doicești,ro_village,RO,
domenii,6,3,5,Aleea Domenii,"IS,OT,B",name_categories,,,,,,,,,,,institutional,administrative,,,,
domogled,6,3,5,Domogled,"AR,CS,TM",place_refs,,,,,,,,,,,,,Domogled,mountain,RO,
donath,6,4,6,Donath,"CJ,CV,HR,SM",persons,Donath,M,,,premodern,unknown,,,,,,,,,,
dornelor,6,3,5,Aleea Dornelor,"BR,NT,SV",place_refs,,,,,,,,,,,,,Dorna,region,RO,
dorobantu,6,4,6,Dorobanțu,"AG,CT,DB,VL",name_categories,,,,,,,,,,,commemorative,military,,,,
draghicesti,6,5,6,Drăghicești,"DB,GJ,MH,TR,VL",place_refs,,,,,,,,,,,,,Drăghicești,ro_village,RO,
draghici,6,4,6,Dr. Drăghici,"BZ,MH,VS,VL",persons,Drăghici,M,,,premodern,unknown,RO,,,,,,,,,
dragomirna,6,5,6,Dragomirna,"AB,CJ,SV,VS,B",place_refs,,,,,,,,,,,,,Dragomirna,ro_monastery,RO,
dragoslavele,6,5,6,Dragoslavele,"CT,DJ,GL,PH,B",place_refs,,,,,,,,,,,,,Dragoslavele,ro_village,RO,
dublin,6,5,6,Dublin,"AR,CL,IF,PH,TM",place_refs,,,,,,,,,,,,,Dublin,city,IE,
dudesti,6,6,6,Calea Dudești,"BR,IF,CL,OT,VL,B",place_refs,,,,,,,,,,,,,Dudești,ro_village,RO,
dumitritei,6,3,6,Dumitriței,"GL,NT,TL",place_refs,,,,,,,,,,,,,Dumitrița,ro_village,RO,
economiei,6,5,6,Economiei,"GL,TL,VS,B,IF",name_categories,,,,,,,,,,,abstract,economic,,,,
elena,6,4,6,Elena,"IF,TM,TL,B",persons,Elena,F,,,medieval,saint/royal,RO,,,,,,,,,
emanuil gojdu,6,1,5,Aleea Emanuil Gojdu,BH,persons,Emanuil Gojdu,M,1802,1870,premodern,lawyer/philanthropist,RO,,,,,,,,,
emil botta,6,4,6,Aleea Poet Emil Botta,"CT,SJ,VN,B",persons,Emil Botta,M,1911,1977,communist,poet/actor,RO,,,,,,,,,
enachesti,6,4,6,Enăchești,"AG,BZ,OT,PH",place_refs,,,,,,,,,,,,,Enăchești,ro_village,RO,
eretelui,6,5,6,Eretelui,"BC,BV,TM,B,IF",nature_terms,,,,,,,,,Eretelui,bird,,,,,,
ernest maftei,6,5,6,Ernest Maftei,"BC,CL,DB,B,IF",persons,Ernest Maftei,M,1920,2006,communist,actor,RO,,,,,,,,,
estului,6,5,6,Estului,"AG,BH,GJ,CL,VS",nature_terms,,,,,,,,,Estului,geography,,,,,,
eternitatea,6,2,6,Eternitatea,"BT,NT",name_categories,,,,,,,,,,,abstract,philosophical,,,,
eugen brote,6,4,6,Drumul Eugen Brote,"BC,CJ,SB,B",persons,Eugen Brote,M,1850,1912,premodern,politician/journalist,RO,,,,,,,,,
fantana,6,6,6,Fântâna,"GJ,GR,MM,SV,VS,VL",nature_terms,,,,,,,,,Fântâna,water,,,,,,
fantana de piatra,6,5,6,Fântâna de Piatră,"DB,DJ,PH,TM,VL",nature_terms,,,,,,,,,Fântâna de Piatră,water,,,,,,
faurei,6,5,5,Aleea Făurei,"BZ,CT,GL,CL,B",place_refs,,,,,,,,,,,,,Făurei,ro_city,RO,
feldioarei,6,3,6,Calea Feldioarei,"BH,BV,CT",place_refs,,,,,,,,,,,,,Feldioara,ro_village,RO,
felix,6,6,6,Aleea Felix,"AR,BH,CS,IF,NT,TM",place_refs,,,,,,,,,,,,,Băile Felix,resort,RO,
fetesti,6,4,5,Aleea Fetești,"IL,CL,GR,B",place_refs,,,,,,,,,,,,,Fetești,ro_city,RO,
fierastraului,6,4,6,Fierăstrăului,"BV,HR,MM,SV",name_categories,,,,,,,,,,,trade,craft,,,,
florenta,6,2,6,Florența,"CT,TM",place_refs,,,,,,,,,,,,,Florența,city,IT,
florescu,6,3,6,Florescu,"GJ,MH,VL",persons,Florescu,M,,,premodern,aristocrat/politician,RO,,,,,,,,,
fochistilor,6,4,6,Fochiștilor,"AB,BV,SB,B",name_categories,,,,,,,,,,,occupational,trade,,,,
freamatului,6,5,6,Freamătului,"CT,OT,PH,B,IF",nature_terms,,,,,,,,,Freamătului,abstract,,,,,,
ganea,6,4,6,Ganea,"AB,DB,SM,VL",persons,Ganea,M,,,premodern,unknown,RO,,,,,,,,,
gavriil musicescu,6,5,5,Gavriil Musicescu,"BC,BH,CJ,IS,B",persons,Gavriil Musicescu,M,1847,1903,premodern,composer,RO,,,,,,,,,
gazarului,6,5,6,Drumul Găzarului,"AG,BC,CL,TR,B",name_categories,,,,,,,,,,,occupational,trade,,,,
genistilor,6,4,5,Aleea Geniștilor,"DJ,MH,SB,VL",name_categories,,,,,,,,,,,occupational,trade,,,,
gergely,6,3,6,Gergely,"CV,HR,MS",persons,Gergely,M,,,premodern,unknown,HU,,,,,,,,,
gheorghe avramescu,6,4,5,Aleea General Gheorghe Avramescu,"BT,BR,CJ,MS",persons,Gheorghe Avramescu,M,1888,1945,interwar,military officer,RO,,,,,,,,,
gheorghe donici,6,4,6,Gheorghe Donici,"BC,DJ,GL,B",persons,Gheorghe Donici,M,1849,1914,premodern,writer,RO,,,,,,,,,
gheorghe ionescu sisesti,6,4,6,Gheorghe Ionescu Sisești,"MH,PH,B,IF",persons,Gheorghe Ionescu-Șișești,M,1885,1967,interwar,agronomist,RO,,,,,,,,,
gheorghe ionescu-sisesti,6,3,6,Gheorghe Ionescu-Șișești,"BH,MH,PH",persons,Gheorghe Ionescu-Șișești,M,1885,1967,interwar,agronomist,RO,,,,,,,,,
gheorghe manu,6,5,6,General Gheorghe Manu,"BR,CT,IF,CL,B",persons,Gheorghe Manu,M,1833,1911,premodern,politician,RO,,,,,,,,,
glod,6,3,6,Glod,"BZ,OT,VL",nature_terms,,,,,,,,,Glod,geography,,,,,,
goraslau,6,3,6,Goraslău,"IF,PH,SB",place_refs,,,,,,,,,,,,,Goraslău,ro_village,RO,
gorgan,6,4,6,Gorgan,"AB,DB,PH,VL",nature_terms,,,,,,,,,Gorgan,geography,,,,,,
gostat,6,4,6,Gostat,"BT,MM,SJ,SV",name_categories,,,,,,,,,,,institutional,trade,,,,
grajdului,6,3,6,Grajdului,"BT,SJ,VL",name_categories,,,,,,,,,,,infrastructure,trade,,,,
grausor,6,3,5,Grâușor,"IL,PH,TL",nature_terms,,,,,,,,,Grâușor,plant,,,,,,
greci,6,4,5,Greci,"BZ,GJ,TR,VL",place_refs,,,,,,,,,,,,,Greci,ro_village,RO,
grigore cobalcescu,6,4,6,Grigore Cobălcescu,"AR,SV,TL,B",persons,Grigore Cobălcescu,M,1831,1892,premodern,geologist,RO,,,,,,,,,
gruii,6,3,6,Aleea Gruii,"CJ,MH,SJ",nature_terms,,,,,,,,,Grui,geography,,,,,,
gruiu,6,4,6,Gruiu,"HD,CL,OT,VL",nature_terms,,,,,,,,,Grui,geography,,,,,,
gutaiului,6,5,6,Gutâiului,"BT,CJ,MM,NT,PH",place_refs,,,,,,,,,,,,,Gutâi,mountain,RO,
hagau,6,4,6,Hagău,"AB,CJ,MM,MS",nature_terms,,,,,,,,,Hagău,geography,,,,,,
harghitei,6,4,6,Harghitei,"BH,HR,MS,PH",place_refs,,,,,,,,,,,,,Harghita,mountain,RO,
hariclea darclee,6,5,6,Hariclea Darclee,"CJ,CT,DJ,TM,B",persons,Hariclea Darclée,F,1860,1939,interwar,soprano,RO,,,,,,,,,
heracleea,6,2,6,Aleea Heracleea,"CT,TL",place_refs,,,,,,,,,,,,,Heracleea,ancient_city,RO,
herta,6,5,6,Herta,"BT,DB,SM,TM,B",place_refs,,,,,,,,,,,,,Herța,ro_city,UA,
hipodrom,6,5,6,Hipodrom,"BR,BZ,CT,MH,SV",name_categories,,,,,,,,,,,infrastructure,sports,,,,
histria,6,5,6,Histria,"CT,DJ,CL,SB,TL",place_refs,,,,,,,,,,,,,Histria,ancient_city,RO,
holm,6,3,6,Holm,"BT,IS,VS",nature_terms,,,,,,,,,Holm,geography,,,,,,
homorod,6,4,6,Drumul Homorod,"HR,TM,B,IF",place_refs,,,,,,,,,,,,,Homorod,river,RO,
horatiu,6,5,6,Horațiu,"CT,MH,PH,SB,B",persons,Quintus Horatius Flaccus,M,-65,-8,ancient,poet,IT,,,,,,,,,
horia hulubei,6,5,6,Horia Hulubei,"AR,BH,CT,IS,TM",persons,Horia Hulubei,M,1896,1972,communist,physicist,RO,,,,,,,,,
horticolei,6,3,5,Horticolei,"BZ,CT,SV",name_categories,,,,,,,,,,,occupational,agriculture,,,,
horticultorilor,6,4,5,Horticultorilor,"CJ,CL,TM,B",name_categories,,,,,,,,,,,occupational,agriculture,,,,
humorului,6,1,6,Humorului,SV,place_refs,,,,,,,,,,,,,Humor,river,RO,
hunedoara,6,5,6,Hunedoara,"CS,HD,MS,TM,IF",place_refs,,,,,,,,,,,,,Hunedoara,ro_city,RO,
husului,6,3,5,Calea Hușului,"IS,SV,VS",place_refs,,,,,,,,,,,,,Huși,ro_city,RO,
i. c. frimu,6,4,6,I. C. Frimu,"AR,BV,CL,VS",persons,Ion C. Frimu,M,1871,1919,interwar,politician,RO,,,,,,,,,
iacob,6,4,6,Iacob,"AR,BZ,NT,VL",persons,Iacob,M,,,ancient,Biblical figure,,,,,,,,,,
iacob felix,6,3,4,Dr. Iacob Felix,"BV,NT,B",persons,Iacob Felix,M,1832,1905,premodern,physician,RO,,,,,,,,,
ialomicioarei,6,3,4,Fundătura Ialomicioarei,"DB,GR,B",place_refs,,,,,,,,,,,,,Ialomicioara,river,RO,
iedera,6,3,6,Iedera,"BC,GJ,TM",nature_terms,,,,,,,,,Iedera,plant,,,,,,
ilfov,6,3,5,Ilfov,"IF,TM,B",place_refs,,,,,,,,,,,,,Ilfov,region,RO,
ilie,6,3,6,Fundătura Ilie,"DB,MH,NT",persons,Ilie,M,,,ancient,Biblical figure,,,,,,,,,,
iliescu,6,5,6,Iliescu,"IL,NT,OT,TR,VL",persons,Iliescu,M,,,premodern,surname,RO,,,,,,,,,
independenta,6,3,5,Independența,"BZ,CL,MH",name_categories,,,,,,,,,,,commemorative,historical event,,,,
inginer anghel saligny,6,6,6,Inginer Anghel Saligny,"BC,BR,GL,HD,CL,VN",persons,Anghel Saligny,M,1854,1925,interwar,engineer,RO,,,,,,,,,
inginerului,6,6,6,Inginerului,"BT,CT,DJ,IL,PH,VL",name_categories,,,,,,,,,,,occupational,profession,,,,
ioan ciordas,6,2,6,Ioan Ciordaș,"BH,TM",persons,Ioan Ciordaș,M,1877,1919,interwar,politician,RO,,,,,,,,,
ioan corvin,6,4,6,Ioan Corvin,"CT,HD,CL,SB",persons,Ioan de Hunedoara,M,1406,1456,medieval,voivode,RO,,,,,,,,,
ioan dragalina,6,3,6,General Ioan Dragalina,"CT,GL,CL",persons,Ioan Dragalina,M,1860,1916,interwar,general,RO,,,,,,,,,
ioan voda cel viteaz,6,4,6,Ioan Voda Cel Viteaz,"GL,IS,VS,VN",persons,Ioan Vodă cel Viteaz,M,1521,1574,medieval,ruler,RO,,,,,,,,,
ion gramada,6,2,5,Aleea Ion Grămadă,"BC,SV",persons,Ion Grămadă,M,1886,1917,interwar,historian,RO,,,,,,,,,
ion inculet,6,3,5,Ion Inculet,"IS,TM,B",persons,Ion Inculeț,M,1884,1940,interwar,politician,RO,,,,,,,,,
ion manolescu,6,4,6,General Ion Manolescu,"CT,PH,SJ,B",persons,Ion Manolescu,M,1882,1967,communist,general,RO,,,,,,,,,
ion popescu,6,3,6,Colonel Ion Popescu,"DB,IL,OT",persons,Ion Popescu,M,,,interwar,military,RO,,,,,,,,,
ionel fernic,6,4,6,Ionel Fernic,"DB,GL,OT,B",persons,Ionel Fernic,M,1901,1938,interwar,composer,RO,,,,,,,,,
ionesti,6,5,6,Ionești,"DB,MS,OT,SV,VL",place_refs,,,,,,,,,,,,,Ionești,ro_village,RO,
izvoras,6,5,5,Intrarea Izvoraș,"IS,MH,NT,PH,SV",nature_terms,,,,,,,,,Izvoraș,water,,,,,,
jadului,6,5,6,Aleea Jadului,"CT,IF,PH,SB,B",nature_terms,,,,,,,,,Jadului,geography,,,,,,
jijia,6,4,6,Intrarea Jijia,"BT,IS,TM,B",place_refs,,,,,,,,,,,,,Jijia,river,RO,
jirlau,6,4,6,Jirlău,"BR,BZ,CL,B",place_refs,,,,,,,,,,,,,Jirlău,ro_village,RO,
judeteana,6,5,6,Județeană,"BT,GJ,IL,SV,VS",name_categories,,,,,,,,,,,infrastructure,institutional,,,,
kolcsey utca,6,3,6,Kölcsey utca,"AR,BH,TM",persons,Ferenc Kölcsey,M,1790,1838,premodern,poet/politician,HU,,,,,,,,,
kulso,6,1,6,Külső,HR,name_categories,,,,,,,,,,,abstract,infrastructure,,,,
la canton,6,5,6,La Canton,"AB,BT,MM,SV,VL",name_categories,,,,,,,,,,,infrastructure,institutional,,,,
la padure,6,6,6,La Pădure,"AG,CJ,IF,MS,NT,PH",nature_terms,,,,,,,,,La Pădure,forest,,,,,,
la piatra,6,5,6,La Piatră,"CJ,HD,CL,MM,VL",nature_terms,,,,,,,,,La Piatră,geography,,,,,,
lacul morii,6,2,5,Aleea Lacul Morii,"TR,B",place_refs,,,,,,,,,,,,,Lacul Morii,water,RO,
laminorului,6,4,5,Aleea Laminorului,"DB,SB,VN,B",name_categories,,,,,,,,,,,trade,occupational,,,,
lanii,6,2,4,Aleea Lânii,"BV,SB",name_categories,,,,,,,,,,,trade,occupational,,,,
lapos,6,4,6,Lapoș,"BC,HR,PH,VN",place_refs,,,,,,,,,,,,,Lapoș,ro_village,RO,
legendei,6,4,6,Intrarea Legendei,"OT,VL,B,IF",name_categories,,,,,,,,,,,abstract,commemorative,,,,
linistita,6,4,6,Liniștită,"HR,TL,VS,VL",name_categories,,,,,,,,,,,abstract,commemorative,,,,
lipanului,6,6,6,Lipanului,"BN,BZ,CL,NT,PH,B",nature_terms,,,,,,,,,Lipanului,bird,,,,,,
lisitei,6,5,6,Intrarea Lișiței,"BH,GR,PH,TM,IF",nature_terms,,,,,,,,,Lișiței,bird,,,,,,
livezeni,6,5,6,Livezeni,"CJ,GL,HD,IF,MS",place_refs,,,,,,,,,,,,,Livezeni,ro_village,RO,
lopatarului,6,4,6,Lopătarului,"BC,IF,TM,TL",nature_terms,,,,,,,,,Lopătarului,bird,,,,,,
lotru,6,5,6,Lotru,"AB,IF,SB,TM,B",place_refs,,,,,,,,,,,,,Lotru,river,RO,
ludwig van beethoven,6,5,6,Ludwig Van Beethoven,"CS,CJ,DJ,TM,B",persons,Ludwig van Beethoven,M,1770,1827,premodern,composer,DE,,,,,,,,,
luminei,6,5,5,Aleea Luminei,"BC,IS,NT,PH,B",name_categories,,,,,,,,,,,abstract,concept,,,,
lunca mica,6,5,6,Lunca Mică,"DB,GR,OT,VS,B",nature_terms,,,,,,,,,Lunca Mică,meadow,,,,,,
luptei,6,5,5,Luptei,"AR,CT,MM,OT,SB",name_categories,,,,,,,,,,,commemorative,historical_event,,,,
macul rosu,6,3,6,Macul Rosu,"CT,VL,B",nature_terms,,,,,,,,,Macul Roșu,flower,,,,,,
madach imre,6,4,6,Madach Imre,"BH,CJ,MS,TM",persons,Madách Imre,M,1823,1864,premodern,writer,HU,,,,,,,,,
manolesti,6,5,5,Fundătura Manolești,"AG,BT,GJ,NT,VL",place_refs,,,,,,,,,,,,,Manolești,ro_village,RO,
mantuirii,6,6,6,Mântuirii,"GJ,IL,GR,MM,OT,VL",name_categories,,,,,,,,,,,religious,theological,,,,
marcel iancu,6,4,6,Marcel Iancu,"AR,SB,TM,B",persons,Marcel Iancu,M,1895,1984,communist,architect,RO,,,,,,,,,
marginasi,6,3,6,Mărginași,"GR,PH,TR",name_categories,,,,,,,,,,,occupational,social_status,,,,
marinarului,6,4,5,Drumul Marinarului,"DJ,PH,TR,VL",name_categories,,,,,,,,,,,occupational,trade,,,,
marmurei,6,5,6,Intrarea Marmurei,"AB,CS,GJ,TL,B",name_categories,,,,,,,,,,,abstract,material,,,,
martirilor,6,3,6,Martirilor,"BC,BZ,MH",name_categories,,,,,,,,,,,commemorative,historical_event,,,,
marton,6,4,6,Marton,"BC,HR,MS,SJ",persons,Márton Áron,M,1896,1980,communist,cleric,RO,,,,,,,,,
maslinilor,6,4,6,Măslinilor,"BH,BT,TR,TM",nature_terms,,,,,,,,,Măslinilor,tree,,,,,,
medianului,6,4,6,Medianului,"BC,GL,IS,NT",name_categories,,,,,,,,,,,abstract,geometrical,,,,
mediasului,6,3,5,Mediașului,"BH,MS,SB",place_refs,,,,,,,,,,,,,Mediaș,ro_city,RO,
melcului,6,5,6,Melcului,"CV,DB,CL,SV,TR",nature_terms,,,,,,,,,Melcului,animal,,,,,,
mereni,6,2,4,Mereni,"CT,GR",place_refs,,,,,,,,,,,,,Mereni,ro_village,RO,
meteo,6,5,6,Aleea Meteo,"AG,GL,GJ,TL,VN",name_categories,,,,,,,,,,,infrastructure,meteorology,,,,
miculesti,6,5,6,Miculești,"BH,DB,DJ,GL,OT",place_refs,,,,,,,,,,,,,Miculești,ro_village,RO,
mihalache,6,5,6,Fundătura Soldat Mihalache,"BT,PH,TR,VS,VN",persons,Mihalache,M,,,premodern,soldier,RO,,,,,,,,,
mijloc,6,5,6,Mijloc,"BV,CV,HR,OT,SM",name_categories,,,,,,,,,,,abstract,spatial,,,,
mimozelor,6,3,5,Aleea Mimozelor,"CT,IF,MS",nature_terms,,,,,,,,,Mimoze,flower,,,,,,
mirajului,6,6,6,Mirajului,"AB,AG,GJ,IS,OT,VL",name_categories,,,,,,,,,,,abstract,concept,,,,
mitropoliei,6,4,6,Mitropoliei,"DB,SB,SV,TR",name_categories,,,,,,,,,,,institutional,religious,,,,
miulesti,6,3,6,Miulești,"DB,VL,B",place_refs,,,,,,,,,,,,,Miulești,ro_village,RO,
moasei,6,4,6,Moasei,"BT,GL,MM,VL",name_categories,,,,,,,,,,,occupational,medical,,,,
mocanului,6,4,6,Mocanului,"BC,IS,SJ,VN",name_categories,,,,,,,,,,,occupational,trade,,,,
montana,6,5,6,Montana,"AR,BC,BV,MM,B",nature_terms,,,,,,,,,Montana,geography,,,,,,
mora ferenc,6,5,6,Móra Ferenc,"BH,CV,HR,SM,TM",persons,Móra Ferenc,M,1879,1934,interwar,writer,HU,,,,,,,,,
mostenilor,6,3,6,Moștenilor,"OT,TR,VL",name_categories,,,,,,,,,,,abstract,social,,,,
muresan andrei,6,5,6,Mureșan Andrei,"BC,BT,HD,MM,PH",persons,Andrei Mureșanu,M,1816,1863,1848,poet,RO,,,,,,,,,
mureseni,6,5,6,Mureșeni,"CS,DB,MS,B,IF",place_refs,,,,,,,,,,,,,Mureșeni,region,RO,
murilor,6,4,6,Murilor,"GL,GR,CL,VL",nature_terms,,,,,,,,,Mure,fruit,,,,,,
muscelului,6,4,6,Muscelului,"AG,BV,PH,SB",place_refs,,,,,,,,,,,,,Muscel,region,RO,
naiului,6,5,6,Naiului,"IS,CL,PH,TM,B",name_categories,,,,,,,,,,,trade,music,,,,
nastase,6,6,6,Fundătura Năstase,"DB,MH,NT,OT,PH,TR",persons,Năstase,M,,,premodern,unknown,RO,,,,,,,,,
natiunile unite,6,1,3,Bulevardul Națiunile Unite,B,name_categories,,,,,,,,,,,commemorative,international,,,,
navigatorilor,6,4,5,Aleea Navigatorilor,"BH,CT,MH,B",name_categories,,,,,,,,,,,occupational,trade,,,,
navodului,6,4,6,Intrarea Năvodului,"CT,GL,GR,TL",name_categories,,,,,,,,,,,occupational,trade,,,,
neagoe voda,6,3,6,Neagoe Vodă,"AG,BC,B",persons,Neagoe Basarab,M,1481,1521,medieval,Domnitor,RO,,,,,,,,,
negoesti,6,5,6,Negoești,"AG,CL,GR,VL,DB",place_refs,,,,,,,,,,,,,Negoești,ro_village,RO,
negustori,6,4,6,Negustori,"IS,IF,TR,B",name_categories,,,,,,,,,,,occupational,trade,,,,
nichifor crainic,6,5,6,Aleea Nichifor Crainic,"AG,CT,GL,IS,SB",persons,Nichifor Crainic,M,1889,1972,interwar,"Writer, Politician",RO,,,,,,,,,
nicolae dobrin,6,4,6,Nicolae Dobrin,"AG,DB,MH,B",persons,Nicolae Dobrin,M,1947,2007,communist,Footballer,RO,,,,,,,,,
nicolae gane,6,3,6,Aleea Nicolae Gane,"AG,BH,IS",persons,Nicolae Gane,M,1838,1916,premodern,"Writer, Politician",RO,,,,,,,,,
niculitel,6,5,6,Aleea Niculițel,"BR,GL,TM,B,IF",place_refs,,,,,,,,,,,,,Niculițel,ro_village,RO,
nistor,6,5,6,Aleea Nistor,"BZ,DJ,MH,SV,TR",persons,Nistor,M,,,premodern,Unknown,RO,,,,,,,,,
nistrului,6,5,6,Nistrului,"BH,CJ,DB,TM,IF",place_refs,,,,,,,,,,,,,Nistru,river,MD,
nottara constantin,6,6,6,Nottara Constantin,"BH,BR,CJ,GL,SB,TM",persons,Constantin Nottara,M,1859,1935,interwar,Actor,RO,,,,,,,,,
nr. 26,6,6,6,Nr. 26,"DJ,MM,MH,MS,PH,VS",,,,,,,,,,,,,,,,,
nr. 42,6,6,6,Nr. 42,"DJ,MM,MH,MS,PH,VS",,,,,,,,,,,,,,,,,
nr. 44,6,6,6,Nr. 44,"DJ,MH,MS,NT,PH,VS",,,,,,,,,,,,,,,,,
nr. 45,6,6,6,Nr. 45,"DJ,MH,MS,NT,PH,VS",,,,,,,,,,,,,,,,,
nr. 48,6,6,6,Nr. 48,"DJ,MH,MS,NT,PH,VS",,,,,,,,,,,,,,,,,
nr. 49,6,6,6,Nr. 49,"DJ,MH,MS,NT,PH,VS",,,,,,,,,,,,,,,,,
nr. 51,6,6,6,Nr. 51,"DJ,MH,MS,NT,PH,VS",,,,,,,,,,,,,,,,,
nr.20,6,4,6,Nr.20,"BZ,CV,MH,VS",,,,,,,,,,,,,,,,,
oasa,6,3,6,Oașa,"AB,BZ,SB",place_refs,,,,,,,,,,,,,Oașa,ro_village,RO,
oglinzilor,6,5,6,Oglinzilor,"BH,IS,SM,SV,TM",nature_terms,,,,,,,,,Oglinzilor,abstract,,,,,,
olareni,6,4,6,Olăreni,"BT,IS,NT,SV",place_refs,,,,,,,,,,,,,Olăreni,ro_village,RO,
olaru,6,5,6,Olaru,"BT,NT,VS,VL,VN",name_categories,,,,,,,,,,,occupational,trade,,,,
olimpiadei,6,4,6,Olimpiadei,"AR,BH,IS,B",name_categories,,,,,,,,,,,commemorative,sports,,,,
olimpului,6,5,6,Olimpului,"BR,MH,PH,VS,B",name_categories,,,,,,,,,,,mythology,greek,,,,
omoracea,6,1,6,Omorâcea,VL,place_refs,,,,,,,,,,,,,Omorâcea,ro_village,RO,
oncesti,6,5,6,Oncești,"BZ,GR,OT,PH,SB",place_refs,,,,,,,,,,,,,Oncești,ro_village,RO,
orezariei,6,6,6,Orezăriei,"BR,DJ,CL,OT,TR,IF",name_categories,,,,,,,,,,,occupational,agriculture,,,,
orient,6,5,5,Orient,"AR,CT,IS,GR,TL",name_categories,,,,,,,,,,,abstract,geographical,,,,
ostasului,6,3,5,Ostașului,"AR,BN,TR",name_categories,,,,,,,,,,,commemorative,military,,,,
ostroveni,6,3,6,Intrarea Ostroveni,"GJ,VL,B",place_refs,,,,,,,,,,,,,Ostroveni,ro_city,RO,
otetari,6,4,6,Oțetari,"BC,IS,TL,B",name_categories,,,,,,,,,,,occupational,trade,,,,
ovazului,6,6,6,Ovăzului,"AB,AG,CT,SB,TM,B",nature_terms,,,,,,,,,Ovăzului,plant,,,,,,
oxigenului,6,3,6,Oxigenului,"BH,BV,IF",name_categories,,,,,,,,,,,abstract,scientific,,,,
painii,6,6,6,Pâinii,"AB,CJ,CV,IF,MS,VL",name_categories,,,,,,,,,,,occupational,trade,,,,
palatului,6,5,6,Intrarea Palatului,"BC,CT,IF,GR,OT",name_categories,,,,,,,,,,,institutional,administrative,,,,
palermo,6,3,6,Palermo,"CT,TM,VS",place_refs,,,,,,,,,,,,,Palermo,city,IT,
paltinisului,6,5,6,Păltinișului,"AR,CT,MM,SB,B",place_refs,,,,,,,,,,,,,Păltiniș,resort,RO,
papusa,6,5,6,Aleea Păpușa,"AG,GJ,TM,B,IF",place_refs,,,,,,,,,,,,,Păpușa,mountain_peak,RO,
paraul podului,6,2,6,Pârâul Podului,"BC,NT",nature_terms,,,,,,,,,Pârâul Podului,water,,,,,,
partiei,6,3,6,Aleea Pârtiei,"BC,HR,SV",nature_terms,,,,,,,,,Pârtiei,geography,,,,,,
parvulesti,6,3,6,Pârvulești,"BZ,GJ,VL",place_refs,,,,,,,,,,,,,Pârvulești,ro_village,RO,
pavel dan,6,3,6,Pavel Dan,"BH,CJ,TM",persons,Pavel Dan,M,1907,1937,interwar,writer,RO,,,,,,,,,
pe coasta,6,4,6,Fundătura Pe Coastă,"BZ,MM,PH,TM",nature_terms,,,,,,,,,Pe Coastă,geography,,,,,,
pelican,6,3,6,Pelican,"CT,SM,TL",nature_terms,,,,,,,,,Pelican,bird,,,,,,
perisoru,6,4,6,Aleea Perișoru,"BR,CL,GR,B",place_refs,,,,,,,,,,,,,Perișoru,ro_village,RO,
persani,6,4,6,Perșani,"BV,PH,SB,B",place_refs,,,,,,,,,,,,,Perșani,mountain,RO,
pestera,6,5,6,Peștera,"BC,HD,MM,NT,SJ",nature_terms,,,,,,,,,Peștera,geography,,,,,,
petalei,6,5,6,Aleea Petalei,"OT,PH,TM,VL,IF",nature_terms,,,,,,,,,Petalei,flower,,,,,,
petrisor,6,3,6,Petrișor,"MM,SV,VL",place_refs,,,,,,,,,,,,,Petrișor,ro_village,RO,
petru voda,6,4,6,Petru Vodă,"GL,NT,SV,B",persons,Petru Vodă,M,,1594,medieval,ruler,RO,,,,,,,,,
pietrele doamnei,6,5,6,Pietrele Doamnei,"AG,IF,SV,TM,B",nature_terms,,,,,,,,,Pietrele Doamnei,geography,,,,,,
piriului,6,5,6,Aleea Piriului,"BT,CT,HR,IS,TL",nature_terms,,,,,,,,,Pârâului,water,,,,,,
piticului,6,4,6,Piticului,"GJ,IL,VL,B",name_categories,,,,,,,,,,,mythology,folklore,,,,
pitigoi,6,4,6,Pițigoi,"BZ,HR,PH,VL",nature_terms,,,,,,,,,Pițigoi,bird,,,,,,
plai,6,5,6,Plai,"BC,BN,DB,MH,PH",nature_terms,,,,,,,,,Plai,geography,,,,,,
planetei,6,4,6,Planetei,"IF,GR,TM,B",nature_terms,,,,,,,,,Planetei,sky,,,,,,
platformei,6,6,6,Aleea Platformei,"CT,DB,GJ,IL,NT,VL",name_categories,,,,,,,,,,,infrastructure,industrial,,,,
pleasa,6,3,6,Pleașa,"AG,BV,VL",nature_terms,,,,,,,,,Pleașa,geography,,,,,,
plesului,6,6,6,Plesului,"CJ,HD,IL,GR,VS,VL",nature_terms,,,,,,,,,Pleșului,geography,,,,,,
plopeni,6,2,4,Intrarea Plopeni,"BR,B",place_refs,,,,,,,,,,,,,Plopeni,ro_city,RO,
plutasilor,6,5,6,Plutașilor,"BC,NT,SV,TM,B",name_categories,,,,,,,,,,,occupational,trade,,,,
podeni,6,4,6,Podeni,"GJ,MS,SJ,VL",place_refs,,,,,,,,,,,,,Podeni,ro_village,RO,
podgoria,6,4,5,Podgoria,"AR,BH,OT,B",nature_terms,,,,,,,,,Podgoria,geography,,,,,,
podisorului,6,4,6,Podișorului,"DB,DJ,GJ,VN",nature_terms,,,,,,,,,Podișorului,geography,,,,,,
podu ros,6,3,5,Piața Podu Roș,"BC,IS,VS",place_refs,,,,,,,,,,,,,Podu Roș,ro_city,RO,
podul vechi,6,6,6,Podul Vechi,"BN,BT,BZ,PH,TR,VL",name_categories,,,,,,,,,,,infrastructure,infrastructure,,,,
poenarilor,6,5,6,Poenarilor,"BZ,CJ,DB,DJ,CL",name_categories,,,,,,,,,,,commemorative,commemorative,,,,
pogoanelor,6,4,6,Pogoanelor,"GJ,IL,NT,IF",nature_terms,,,,,,,,,Pogoanelor,geography,,,,,,
politehnicii,6,2,4,Aleea Politehnicii,"BV,B",name_categories,,,,,,,,,,,institutional,infrastructure,,,,
pompieri,6,5,6,Pompieri,"AG,DB,CL,IS,PH",name_categories,,,,,,,,,,,occupational,trade,,,,
ponoarelor,6,5,6,Ponoarelor,"BT,IL,IS,NT,SJ",nature_terms,,,,,,,,,Ponoarelor,geography,,,,,,
porumbacului,6,5,6,Porumbacului,"AR,BC,IS,SB,IF",nature_terms,,,,,,,,,Porumbacului,plant,,,,,,
priseaca,6,3,5,Priseaca,"BZ,OT,VL",nature_terms,,,,,,,,,Priseaca,geography,,,,,,
prudentei,6,4,6,Prudenței,"IS,TL,B,IF",name_categories,,,,,,,,,,,abstract,abstract,,,,
rachiti,6,4,6,Răchiți,"BT,BZ,IS,NT",nature_terms,,,,,,,,,Răchiți,tree,,,,,,
radu beligan,6,1,6,Radu Beligan,BC,persons,Radu Beligan,M,1918,2016,communist,actor,RO,,,,,,,,,
radulestilor,6,5,6,Răduleștilor,"BC,BR,GL,OT,TM",name_categories,,,,,,,,,,,commemorative,commemorative,,,,
rapi,6,6,6,Râpi,"AG,GL,GJ,NT,TR,VL",nature_terms,,,,,,,,,Râpi,geography,,,,,,
rasca,6,5,6,Râșca,"BT,HR,IS,NT,SB",place_refs,,,,,,,,,,,,,Râșca,ro_village,RO,
ratos,6,2,6,Ratos,"BT,SV",,,,,,,,,,,,,,,,,
raturi,6,5,6,Râturi,"AB,BH,CJ,MM,SJ",nature_terms,,,,,,,,,Râturi,geography,,,,,,
raureni,6,3,6,Râureni,"DJ,VL,B",place_refs,,,,,,,,,,,,,Râureni,ro_city,RO,
ravenei,6,2,6,Fundătura Ravenei,"BZ,TL",nature_terms,,,,,,,,,Ravenă,geography,,,,,,
reanvierii,6,4,6,Reînvierii,"GJ,IF,TR,B",name_categories,,,,,,,,,,,abstract,ideological,,,,
recas,6,4,6,Intrarea Recaș,"AB,TM,B,IF",place_refs,,,,,,,,,,,,,Recaș,ro_city,RO,
redea,6,4,6,Redea,"IL,SV,B,IF",place_refs,,,,,,,,,,,,,Redea,ro_village,RO,
reformei,6,4,6,Reformei,"AR,BT,CJ,DJ",name_categories,,,,,,,,,,,abstract,ideological,,,,
releelor,6,4,6,Releelor,"BT,DB,PH,VN",name_categories,,,,,,,,,,,infrastructure,telecommunications,,,,
robanesti,6,6,6,Robănești,"AR,DB,GL,PH,SV,B",place_refs,,,,,,,,,,,,,Robănești,ro_village,RO,
rogoazei,6,4,6,Rogoazei,"AG,BC,NT,SV",nature_terms,,,,,,,,,Rogoază,plant,,,,,,
roinitei,6,6,6,Roiniței,"BC,GL,MH,PH,TM,IF",nature_terms,,,,,,,,,Roiniță,plant,,,,,,
romanati,6,2,4,Romanați,"OT,TR",place_refs,,,,,,,,,,,,,Romanați,region,RO,
romancierilor,6,2,4,Aleea Romancierilor,"IF,B",name_categories,,,,,,,,,,,occupational,arts,,,,
rosca,6,5,6,Doctor Roșca,"AG,BC,NT,SJ,VL",persons,Roșca,M,,,premodern,medic,RO,,,,,,,,,
rosie,6,5,6,Roșie,"BR,CJ,IS,IF,MH",name_categories,,,,,,,,,,,ideological,political,,,,
rotariei,6,1,6,Rotăriei,BC,name_categories,,,,,,,,,,,trade,crafts,,,,
rozelelor,6,6,6,Rozelelor,"BZ,CT,TR,TL,VL,VN",nature_terms,,,,,,,,,Rozele,flower,,,,,,
rubinelor,6,5,6,Rubinelor,"BR,CJ,GL,IS,PH",nature_terms,,,,,,,,,Rubin,geography,,,,,,
runcu,6,6,6,Runcu,"DB,DJ,OT,PH,B,IF",place_refs,,,,,,,,,,,,,Runcu,ro_village,RO,
rusesti,6,4,5,Rusești,"AG,BC,GJ,HD",place_refs,,,,,,,,,,,,,Rusești,ro_village,RO,
rusetu,6,4,6,Rușețu,"BR,BZ,DB,B",place_refs,,,,,,,,,,,,,Rușețu,ro_village,RO,
saca,6,3,4,Saca,"GL,VS,VN",place_refs,,,,,,,,,,,,,Saca,ro_village,RO,
sadu,6,4,5,Sadu,"AB,DJ,SB,TM",place_refs,,,,,,,,,,,,,Sadu,ro_village,RO,
saivane,6,5,6,Saivane,"BC,GL,GJ,NT,VS",name_categories,,,,,,,,,,,trade,occupational,,,,
salatruc,6,6,6,Strada Sălătruc,"CS,CJ,DB,HD,SV,B",place_refs,,,,,,,,,,,,,Sălătruc,ro_village,RO,
salubritatii,6,3,6,Salubrității,"BC,IF,B",name_categories,,,,,,,,,,,infrastructure,institutional,,,,
sandulesti,6,3,4,Aleea Săndulești,"CJ,GR,B",place_refs,,,,,,,,,,,,,Săndulești,ro_village,RO,
sarariei,6,5,5,Strada Sărăriei,"BC,BR,CJ,IS,VS",name_categories,,,,,,,,,,,trade,occupational,,,,
sarbeasca,6,3,4,Fundătura Sârbească,"AR,BZ,TM",name_categories,,,,,,,,,,,commemorative,ethnic,,,,
sava,6,4,6,Erou Sava,"NT,SJ,SV,TM",persons,Sava,M,,,premodern,soldier,RO,,,,,,,,,
savenilor,6,3,6,Calea Săvenilor,"BT,IL,SV",place_refs,,,,,,,,,,,,,Săveni,ro_city,RO,
scarisoarei,6,6,6,Scărișoarei,"AB,BH,BZ,CS,CJ,PH",place_refs,,,,,,,,,,,,,Scărișoara,ro_village,RO,
scaune,6,2,6,Scaune,"BC,B",name_categories,,,,,,,,,,,trade,occupational,,,,
secasului,6,2,6,Secașului,"AB,SB",place_refs,,,,,,,,,,,,,Secaș,river,RO,
secaturi,6,1,6,Drumul Secături,VL,nature_terms,,,,,,,,,Secături,geography,,,,,,
segarcea,6,4,6,Segarcea,"DJ,OT,TM,B",place_refs,,,,,,,,,,,,,Segarcea,ro_city,RO,
serbanestilor,6,5,6,Strada Șerbăneștilor,"AG,GJ,DB,MH,SJ",place_refs,,,,,,,,,,,,,Șerbănești,ro_village,RO,
sever bocu,6,2,6,Calea Sever Bocu,"AR,TM",persons,Sever Bocu,M,1874,1951,interwar,politician,RO,,,,,,,,,
sfantul gheorghe,6,5,5,Sfîntul Gheorghe,"IS,SV,TM,VS,IF",name_categories,,,,,,,,,,,religious,saint,,,,
siloz,6,6,6,Siloz,"GL,IL,OT,TM,VL,VN",name_categories,,,,,,,,,,,infrastructure,industrial,,,,
silvicultorilor,6,5,6,Silvicultorilor,"DB,SB,TM,VL,GR",name_categories,,,,,,,,,,,occupational,forestry,,,,
simion florea marian,6,1,6,Simion Florea Marian,SV,persons,Simion Florea Marian,M,1847,1907,premodern,"folklorist, theologian",RO,,,,,,,,,
singuratatii,6,4,6,Singurătății,"CT,NT,TL,VS",name_categories,,,,,,,,,,,abstract,concept,,,,
sinistratilor,6,5,6,Sinistratilor,"BC,MS,SJ,SV,TL",name_categories,,,,,,,,,,,commemorative,historical_event,,,,
sipotelor,6,4,6,Strada Șipotelor,"BC,BT,NT,VL",nature_terms,,,,,,,,,Șipotelor,water,,,,,,
sirius,6,4,6,Sirius,"BH,CT,DB,TM",nature_terms,,,,,,,,,Sirius,sky,,,,,,
sma-ului,6,6,6,SMA-ului,"BZ,IS,OT,SJ,TR,IL",name_categories,,,,,,,,,,,institutional,agricultural,,,,
somesul rece,6,3,5,Aleea Someșul Rece,"CJ,B,IF",place_refs,,,,,,,,,,,,,Someșul Rece,river,RO,
sontu gheorghe,6,6,6,"Șonțu Gheorghe, maior","AG,CT,DJ,VS,VN,B",persons,Gheorghe Șonțu,M,1860,1877,premodern,military officer,RO,,,,,,,,,
spiridon,6,4,6,Spiridon,"BZ,CT,IL,GR",name_categories,,,,,,,,,,,religious,saint,,,,
splaiului,6,6,6,Splaiului,"DB,OT,PH,SV,TM,B",nature_terms,,,,,,,,,Splaiului,water,,,,,,
sport utca,6,4,6,Sport Utca,"AR,BH,HR,SM",name_categories,,,,,,,,,,,abstract,recreation,,,,
stancilor,6,4,6,Strada Stâncilor,"AB,BC,CS,TL",nature_terms,,,,,,,,,Stâncilor,geography,,,,,,
stanisoarei,6,5,5,Aleea Stânișoarei,"BH,CS,MM,PH,SV",place_refs,,,,,,,,,,,,,Stânișoara,mountain,RO,
stefan cicio-pop,6,4,6,Strada Ștefan Cicio-Pop,"AR,CJ,MS,TM",persons,Ștefan Cicio-Pop,M,1865,1934,interwar,politician,RO,,,,,,,,,
stefan popescu,6,3,5,Erou Ștefan Popescu,"BZ,DJ,IS",persons,Ștefan Popescu,M,1890,1917,interwar,military officer,RO,,,,,,,,,
stegarului,6,5,5,Intrarea Stegarului,"MH,PH,TR,B,IF",name_categories,,,,,,,,,,,occupational,military,,,,
sticlarilor,6,6,6,Aleea Sticlarilor,"AB,CJ,MM,MS,SB,VL",name_categories,,,,,,,,,,,trade,craft,,,,
stiubeiului,6,3,6,Strada Știubeiului,"BZ,CJ,MH",nature_terms,,,,,,,,,Știubei,geography,,,,,,
stoenesti,6,4,6,Stoenești,"AG,GR,MH,B",place_refs,,,,,,,,,,,,,Stoenești,ro_village,RO,
strada 1,6,5,6,Strada 1,"AR,BH,BV,TL,VS",name_categories,,,,,,,,,,,infrastructure,numerical,,,,
strunga,6,4,6,Aleea Strunga,"AB,GL,PH,VN",nature_terms,,,,,,,,,Strungă,geography,,,,,,
stupina,6,5,6,Strada Stupina,"BR,GJ,GR,VL,VN",nature_terms,,,,,,,,,Stupină,geography,,,,,,
sturza,6,4,6,Locotenent Sturza,"BT,BZ,IS,VN",persons,Ioan Sturdza,M,1760,1842,premodern,politician,RO,,,,,,,,,
subcetate,6,4,6,Strada Subcetate,"BN,MS,SB,B",nature_terms,,,,,,,,,Subcetate,geography,,,,,,
suru,6,2,6,Strada Suru,"CJ,SB",place_refs,,,,,,,,,,,,,Suru,mountain_peak,RO,
susitei,6,2,5,Fundătura Sușiței,"BC,VN",place_refs,,,,,,,,,,,,,Sușița,river,RO,
tabara,6,6,6,Strada Tabără,"BC,BN,HD,SV,VS,VN",name_categories,,,,,,,,,,,abstract,social,,,,
tanasesti,6,4,5,Strada Tănăsești,"AB,AG,MH,VL",place_refs,,,,,,,,,,,,,Tănăsești,ro_village,RO,
tarnitei,6,5,6,Strada Tarniței,"GJ,HR,SB,SV,VN",nature_terms,,,,,,,,,Tarniță,geography,,,,,,
tataru,6,6,6,Strada Tătaru,"BN,BR,NT,SB,SV,TR",name_categories,,,,,,,,,,,commemorative,ethnic,,,,
telegrafului,6,4,6,Strada Telegrafului,"BV,CT,MH,TM",name_categories,,,,,,,,,,,infrastructure,communication,,,,
temisana,6,3,4,Intrarea Temișana,"GL,PH,B",persons,Ioan Temișana,M,1844,1915,premodern,jurist,RO,,,,,,,,,
tesatorilor,6,4,5,Aleea Țesătorilor,"MS,PH,SB,TM",name_categories,,,,,,,,,,,occupational,trade,,,,
timocului,6,5,6,Strada Timocului,"BV,CT,TM,TL,IF",place_refs,,,,,,,,,,,,,Timoc,region,RS,
tineretului 2,6,6,6,Strada Tineretului 2,"DJ,GL,NT,TM,TL,VN",name_categories,,,,,,,,,,,abstract,social,,,,
tipografului,6,3,5,Aleea Tipografului,"NT,OT,PH",name_categories,,,,,,,,,,,occupational,trade,,,,
tisita,6,1,5,Strada Tisita,VN,nature_terms,,,,,,,,,Tișița,river,,,,,,
tohani,6,4,5,Aleea Tohani,"IS,PH,TM,B",place_refs,,,,,,,,,,,,,Tohani,ro_village,RO,
topile,6,5,6,Strada Topile,"AG,BV,DB,PH,VL",nature_terms,,,,,,,,,Topile,geography,,,,,,
trecatoarei,6,5,6,Strada Trecătoarei,"BC,GL,HR,SB,VS",nature_terms,,,,,,,,,Trecătoarei,geography,,,,,,
tribunei,6,5,6,Intrarea Tribunei,"IS,PH,SB,B,IF",name_categories,,,,,,,,,,,institutional,administrative,,,,
trompetei,6,6,6,Strada Trompetei,"AR,GL,MM,OT,PH,TM",name_categories,,,,,,,,,,,trade,music,,,,
turceni,6,3,4,Intrarea Turceni,"CJ,SJ,B",place_refs,,,,,,,,,,,,,Turceni,ro_city,RO,
turdei,6,3,6,Strada Turdei,"AR,BZ,PH",place_refs,,,,,,,,,,,,,Turda,ro_city,RO,
turmelor,6,3,3,Aleea Turmelor,"PH,B,IF",name_categories,,,,,,,,,,,occupational,agriculture,,,,
ulm,6,5,6,Strada Ulm,"HD,MS,SV,TM,VS",nature_terms,,,,,,,,,Ulm,tree,,,,,,
ulmi,6,4,6,Strada Ulmi,"CL,NT,TL,VN",nature_terms,,,,,,,,,Ulmi,tree,,,,,,
ulucului,6,3,6,Strada Ulucului,"BC,GL,VN",nature_terms,,,,,,,,,Ulucului,geography,,,,,,
ungheni,6,4,6,Strada Ungheni,"BV,IS,OT,B",place_refs,,,,,,,,,,,,,Ungheni,ro_city,RO,
unirea,6,6,6,Intrarea Unirea,"BN,DJ,IF,OT,TR,TM",name_categories,,,,,,,,,,,commemorative,historical_event,,,,
uzina de apa,6,4,5,Drumul Uzina de Apă,"CS,GL,HR,TR",name_categories,,,,,,,,,,,infrastructure,utility,,,,
vaduva,6,3,6,Strada Văduva,"BZ,IL,VL",,,,,,,,,,,,,,,,,
valceanu,6,2,5,Strada Vâlceanu,"GJ,MH",persons,Vâlceanu,M,,,premodern,unknown,RO,,,,,,,,,
valculesti,6,2,5,Strada Vâlculești,"AG,VL",place_refs,,,,,,,,,,,,,Vâlculești,ro_village,RO,
valea babei,6,3,5,Aleea Valea Babei,"BC,IS,VL",nature_terms,,,,,,,,,Valea Babei,geography,,,,,,
valea cu apa,6,3,6,Strada Valea cu Apă,"GJ,PH,VL",nature_terms,,,,,,,,,Valea cu Apă,water,,,,,,
valea doftanei,6,4,6,Drumul Valea Doftanei,"BV,CT,PH,B",place_refs,,,,,,,,,,,,,Valea Doftanei,ro_village,RO,
valea glodului,6,6,6,Strada Valea Glodului,"AB,BN,BT,MM,VL,DB",place_refs,,,,,,,,,,,,,Valea Glodului,ro_village,RO,
valea hotarului,6,5,6,Strada Valea Hotarului,"AG,DB,MM,SB,VL",place_refs,,,,,,,,,,,,,Valea Hotarului,ro_village,RO,
valea oltului,6,4,6,Strada Valea Oltului,"IF,OT,VL,B",place_refs,,,,,,,,,,,,,Olt,river,RO,
valea salciei,6,4,6,Aleea Valea Salciei,"DB,GJ,IF,B",place_refs,,,,,,,,,,,,,Valea Salciei,ro_village,RO,
valea turcului,6,4,6,Strada Valea Turcului,"AG,BT,BZ,MH",place_refs,,,,,,,,,,,,,Valea Turcului,ro_village,RO,
valisoara,6,4,6,Strada Vălișoara,"CS,MH,TM,B",place_refs,,,,,,,,,,,,,Vălișoara,ro_village,RO,
valiug,6,3,6,Strada Văliug,"MH,TM,B",place_refs,,,,,,,,,,,,,Văliug,ro_village,RO,
valului,6,3,5,Intrarea Valului,"CT,TM,B",nature_terms,,,,,,,,,Val,geography,,,,,,
vanator,6,3,4,Fundătura Vânător,"BZ,HR,IL",name_categories,,,,,,,,,,,occupational,trade,,,,
varga katalin,6,3,6,Strada Varga Katalin,"CJ,CV,HR",persons,Varga Katalin,F,1802,1852,1848,revolutionary,HU,,,,,,,,,
vartejului,6,3,5,Intrarea Vârtejului,"DB,IF,B",nature_terms,,,,,,,,,Vârtej,water,,,,,,
vartopului,6,4,6,Aleea Vârtopului,"DJ,OT,TR,VL",place_refs,,,,,,,,,,,,,Vârtop,ro_village,RO,
varzaru,6,3,6,Strada Vărzaru,"DB,MH,VL",persons,Vărzaru,M,,,premodern,cleric,RO,,,,,,,,,
vasile alexandri,6,5,6,Strada Vasile Alexandri,"BT,CJ,OT,TL,IF",persons,Vasile Alecsandri,M,1821,1890,premodern,writer,RO,,,,,,,,,
via mare,6,5,6,Strada Via Mare,"BC,DB,IS,SJ,VN",nature_terms,,,,,,,,,Via Mare,geography,,,,,,
vicina,6,2,3,Aleea Vicina,"IF,B",place_refs,,,,,,,,,,,,,Vicina,ancient_city,RO,
victor brauner,6,4,6,Strada Victor Brauner,"AR,TM,B,IF",persons,Victor Brauner,M,1903,1966,interwar,painter,RO,,,,,,,,,
videle,6,3,3,Intrarea Videle,"GR,TR,IF",place_refs,,,,,,,,,,,,,Videle,ro_city,RO,
viii,6,5,6,Strada VIII,"AR,MS,SB,TM,TL",name_categories,,,,,,,,,,,infrastructure,institutional,,,,
vijeliei,6,5,5,Intrarea Vijeliei,"BT,DB,CL,GR,B",nature_terms,,,,,,,,,Vijelie,weather,,,,,,
visan,6,4,5,Căpitan Vișan,"DB,GJ,IS,VL",persons,Vișan,M,,,premodern,militar,RO,,,,,,,,,
viseului,6,5,6,Strada Vișeului,"BH,DJ,MM,MS,PH",place_refs,,,,,,,,,,,,,Vișeu,river,RO,
viticultori,6,3,5,Strada Viticultori,"IS,TR,TL",name_categories,,,,,,,,,,,occupational,agriculture,,,,
voila,6,3,6,Strada Voila,"PH,B,IF",place_refs,,,,,,,,,,,,,Voila,ro_village,RO,
voluntarilor,6,5,6,Strada Voluntarilor,"AB,AR,HR,SJ,SV",name_categories,,,,,,,,,,,commemorative,military,,,,
vornicului,6,5,6,Strada Vornicului,"GL,CL,NT,PH,VS",name_categories,,,,,,,,,,,occupational,administrative,,,,
vrabiilor,6,5,6,Strada Vrăbiilor,"BC,BT,CJ,OT,TM",nature_terms,,,,,,,,,Vrăbiilor,bird,,,,,,
vulcanului,6,4,6,Strada Vulcanului,"BV,HD,TM,VL",nature_terms,,,,,,,,,Vulcanului,geography,,,,,,
william shakespeare,6,2,6,Strada William Shakespeare,"BH,TM",persons,William Shakespeare,M,1564,1616,medieval,scriitor,GB,,,,,,,,,
wolfgang amadeus mozart,6,6,6,Strada Wolfgang Amadeus Mozart,"CS,CJ,SM,SB,TM,B",persons,Wolfgang Amadeus Mozart,M,1756,1791,premodern,compozitor,AT,,,,,,,,,
zadei,6,4,6,Aleea Zadei,"CS,PH,SB,TM",nature_terms,,,,,,,,,Zadei,tree,,,,,,
zaharia barsan,6,5,6,Strada Zaharia Bârsan,"AB,BH,BV,CJ,SM",persons,Zaharia Bârsan,M,1878,1948,interwar,actor,RO,,,,,,,,,
zambetului,6,4,6,Strada Zâmbetului,"AR,IF,MH,B",name_categories,,,,,,,,,,,abstract,emotion,,,,
zamfiresti,6,4,6,Strada Zamfirești,"AG,BC,OT,VL",place_refs,,,,,,,,,,,,,Zamfirești,ro_village,RO,
zefir,6,6,6,Aleea Zefir,"AR,BZ,CJ,GL,PH,TM",nature_terms,,,,,,,,,Zefir,weather,,,,,,
zmeurului,6,5,6,Strada Zmeurului,"BC,BT,CL,NT,TM",nature_terms,,,,,,,,,Zmeurului,fruit,,,,,,
zorele,6,5,6,Strada Zorele,"DB,DJ,CL,TR,IF",nature_terms,,,,,,,,,Zorele,flower,,,,,,
zugravi,6,2,5,Strada Zugravi,"IS,VS",name_categories,,,,,,,,,,,occupational,trade,,,,
дунавска,6,3,6,Дунавска,"CS,DJ,MH",place_refs,,,,,,,,,,,,,Dunărea,river,,
маршала тита,6,3,6,Маршала Тита,"CS,MH,TM",persons,Josip Broz Tito,M,1892,1980,communist,politician,YU,,,,,,,,,
николе тесле,6,3,6,Николе Тесле,"CS,MH,TM",persons,Nikola Tesla,M,1856,1943,interwar,inventor,RS,,,,,,,,,
прикордонна вулиця,6,5,6,Прикордонна вулиця,"GL,MM,SM,SV,TL",name_categories,,,,,,,,,,,infrastructure,geographical_feature,,,,
21 decembrie 1989,5,4,4,21 Decembrie 1989,"AB,CS,CJ,B",name_categories,,,,,,,,,,,commemorative,historical_event,,,,
9 mai 1877,5,5,5,9 Mai 1877,"BR,GL,IS,SM,VL",name_categories,,,,,,,,,,,commemorative,historical_event,,,,
a vii-a,5,2,5,A VII-a,"SB,TM",name_categories,,,,,,,,,,,infrastructure,ordinal_number,,,,
a viii-a,5,2,5,A VIII-a,"SB,TM",name_categories,,,,,,,,,,,infrastructure,ordinal_number,,,,
a. s. puskin,5,4,5,A. S. Pușkin,"BH,BT,CT,IF",persons,Aleksandr Sergheevici Pușkin,M,1799,1837,premodern,writer,RU,,,,,,,,,
abanosului,5,4,5,Abanosului,"IL,CL,TM,B",nature_terms,,,,,,,,,Abanosului,tree,,,,,,
abrupta,5,5,5,Abruptă,"BT,HR,IS,NT,TL",nature_terms,,,,,,,,,Abruptă,geography,,,,,,
acvila,5,3,4,Acvila,"GR,TL,B",nature_terms,,,,,,,,,Acvila,bird,,,,,,
adamclisi,5,2,5,Adamclisi,"CT,TM",place_refs,,,,,,,,,,,,,Adamclisi,ro_village,RO,
adancata,5,4,5,Adâncata,"BC,IS,NT,VN",place_refs,,,,,,,,,,,,,Adâncata,ro_village,RO,
administratiei,5,3,5,Administrației,"BR,GL,SV",name_categories,,,,,,,,,,,institutional,public_administration,,,,
adunati,5,4,4,Adunați,"DB,IS,IF,PH",place_refs,,,,,,,,,,,,,Adunați,ro_village,RO,
al.i. cuza,5,3,5,Al.I. Cuza,"BV,PH,VS",persons,Alexandru Ioan Cuza,M,1820,1873,1848,politician,RO,,,,,,,,,
albiei,5,4,5,Albiei,"AB,BN,BR,CJ",nature_terms,,,,,,,,,Albiei,water,,,,,,
albinutei,5,5,5,Albinuței,"BT,NT,PH,VS,VL",nature_terms,,,,,,,,,Albinuței,animal,,,,,,
aleea codrului,5,5,5,Aleea Codrului,"BC,CT,MH,OT,PH",nature_terms,,,,,,,,,Codrului,forest,,,,,,
aleea crizantemelor,5,5,5,Aleea Crizantemelor,"IL,CL,MH,PH,SB",nature_terms,,,,,,,,,Crizantemelor,flower,,,,,,
aleea fantanii,5,5,5,Aleea Fântânii,"CS,DJ,GJ,MH,OT",nature_terms,,,,,,,,,Fântânii,water,,,,,,
aleea magnoliei,5,5,5,Aleea Magnoliei,"AG,BT,GJ,MH,PH",nature_terms,,,,,,,,,Magnolia,flower,,,,,,
aleea salcamului,5,3,5,Strada Aleea Salcâmului,"DJ,GJ,MH",nature_terms,,,,,,,,,Salcâm,tree,,,,,,
aleea trandafirului,5,4,5,Aleea Trandafirului,"BT,GJ,MH,OT",nature_terms,,,,,,,,,Trandafir,flower,,,,,,
alesd,5,2,3,Aleea Aleșd,"CJ,B",place_refs,,,,,,,,,,,,,Aleșd,ro_city,RO,
alexa,5,2,4,Alexa,"NT,SV",persons,Alexa,M,,,premodern,cleric,RO,,,,,,,,,
alexandru boicescu,5,2,3,Aleea Dr. Alexandru Boicescu,"VL,B",persons,Alexandru Boicescu,M,1882,1953,interwar,physician,RO,,,,,,,,,
alexandru lahovari,5,3,5,Alexandru Lahovari,"AG,VL,B",persons,Alexandru Lahovari,M,1841,1897,premodern,politician,RO,,,,,,,,,
alexandru mocioni,5,1,5,Alexandru Mocioni,TM,persons,Alexandru Mocioni,M,1841,1909,premodern,politician,RO,,,,,,,,,
alexandru philippide,5,4,5,Alexandru Philippide,"IS,SJ,VS,B",persons,Alexandru Philippide,M,1859,1933,interwar,linguist,RO,,,,,,,,,
alexei mateevici,5,4,5,Alexei Mateevici,"BT,GL,IS,PH",persons,Alexei Mateevici,M,1888,1917,interwar,poet,MD,,,,,,,,,
ambroziei,5,5,5,Ambroziei,"BZ,CJ,PH,TM,IF",nature_terms,,,,,,,,,Ambrozie,plant,,,,,,
americii,5,3,4,Americii,"BH,MS,VL",place_refs,,,,,,,,,,,,,America,region,,
ampacarii,5,1,5,Strada Împăcării,IS,name_categories,,,,,,,,,,,abstract,ideological,,,,
amzacei,5,1,5,Amzacei,CT,place_refs,,,,,,,,,,,,,Amzacea,ro_village,RO,
an coasta,5,3,5,Strada În Coastă,"BZ,MM,SJ",nature_terms,,,,,,,,,În Coastă,geography,,,,,,
anasonului,5,4,5,Anasonului,"CT,MH,TL,B",nature_terms,,,,,,,,,Anason,plant,,,,,,
anastasie panu,5,3,5,Anastasie Panu,"IS,VS,B",persons,Anastasie Panu,M,1810,1867,1848,politician,RO,,,,,,,,,
andrei muresianu,5,4,4,Andrei Mureșianu,"BV,HD,MM,VL",persons,Andrei Mureșianu,M,1816,1863,1848,poet,RO,,,,,,,,,
anfratirea,5,5,5,Strada Înfrățirea,"BZ,CT,CL,PH,TM",name_categories,,,,,,,,,,,abstract,ideological,,,,
aninei,5,3,4,Aninei,"BZ,SJ,VS",place_refs,,,,,,,,,,,,,Anina,ro_city,RO,
anton cincu,5,1,5,Anton Cincu,GL,persons,Anton Cincu,M,1821,1899,premodern,politician,RO,,,,,,,,,
antre vii,5,3,5,Drumul Între Vii,"BC,IF,B",nature_terms,,,,,,,,,Între Vii,meadow,,,,,,
apolodor,5,3,5,Apolodor,"IL,PH,B",persons,Apolodor din Damasc,M,60,130,ancient,architect,GR,,,,,,,,,
argedava,5,4,5,Aleea Argedava,"AG,GR,B,IF",place_refs,,,,,,,,,,,,,Argedava,ancient_city,RO,
arheologilor,5,3,5,Aleea Arheologilor,"DJ,CL,B",name_categories,,,,,,,,,,,occupational,academic,,,,
arinoasa,5,3,5,Arinoasa,"AB,BC,SJ",nature_terms,,,,,,,,,Arinoasa,geography,,,,,,
armasi,5,1,5,Armași,PH,name_categories,,,,,,,,,,,occupational,historical_rank,,,,
armata romana,5,3,5,Armata Română,"BV,CV,IS",name_categories,,,,,,,,,,,institutional,military,,,,
artileriei,5,5,5,Artileriei,"CT,DJ,MH,OT,VN",name_categories,,,,,,,,,,,institutional,military,,,,
ascunsa,5,4,5,Ascunsa,"BT,BR,DJ,GJ",nature_terms,,,,,,,,,Ascunsă,geography,,,,,,
astronomului,5,3,5,Astronomului,"TM,B,IF",name_categories,,,,,,,,,,,occupational,scientific,,,,
autobuzului,5,4,5,Autobuzului,"BZ,IL,MS,TR",name_categories,,,,,,,,,,,infrastructure,transport,,,,
avionului,5,4,5,Avionului,"IS,GR,NT,B",name_categories,,,,,,,,,,,infrastructure,transport,,,,
bacalbasa anton,5,5,5,Bacalbașa Anton,"BH,BR,CJ,TM,B",persons,Anton Bacalbașa,M,1865,1899,premodern,journalist,RO,,,,,,,,,
balacenilor,5,4,5,Balacenilor,"CT,NT,PH,TR",persons,Familia Bălăceanu,collective,,,medieval,nobility,RO,,,,,,,,,
balanoaiei,5,1,2,Bălănoaiei,GR,nature_terms,,,,,,,,,Bălănoaiei,water,,,,,,
balanu,5,4,5,Balanu,"BZ,GL,NT,VN",nature_terms,,,,,,,,,Bălanu,geography,,,,,,
balta alba,5,3,5,Balta Albă,"BZ,IF,CL",place_refs,,,,,,,,,,,,,Balta Albă,ro_village,RO,
balta neagra,5,4,5,Balta Neagră,"CS,MM,SB,TM",nature_terms,,,,,,,,,Balta Neagră,water,,,,,,
baniei,5,3,5,Băniei,"VL,B,IF",place_refs,,,,,,,,,,,,,Bănie,region,RO,
banya,5,2,5,Bánya,"CV,HR",place_refs,,,,,,,,,,,,,Bánya,ro_village,RO,
barasti,5,5,5,Bărăști,"BH,BZ,OT,SV,VL",place_refs,,,,,,,,,,,,,Bărăști,ro_village,RO,
baratiei,5,3,4,Bărăției,"AG,DB,B",name_categories,,,,,,,,,,,religious,institutional,,,,
barsan,5,5,5,Bârsan,"BT,DB,NT,OT,VL",persons,Bârsan,M,,,medieval,nobleman,RO,,,,,,,,,
barsanesti,5,3,4,Aleea Bârsănești,"BZ,NT,B",place_refs,,,,,,,,,,,,,Bârsănești,ro_village,RO,
baseului,5,1,5,Baseului,BT,place_refs,,,,,,,,,,,,,Baseu,river,RO,
batozei,5,3,5,Batozei,"CJ,IL,CL",nature_terms,,,,,,,,,Batozei,plant,,,,,,
bechet,5,4,5,Bechet,"CL,OT,SV,VS",place_refs,,,,,,,,,,,,,Bechet,ro_city,RO,
beciul domnesc,5,3,4,Beciul Domnesc,"IS,GR,VN",name_categories,,,,,,,,,,,institutional,trade,,,,
beethoven ludwig van,5,5,5,Beethoven Ludwig van,"BV,CS,CJ,DJ,B",persons,Ludwig van Beethoven,M,1770,1827,premodern,composer,DE,,,,,,,,,
beldiceanu nicolae,5,5,5,Beldiceanu Nicolae,"BH,BR,BZ,IS,SB",persons,Nicolae Beldiceanu,M,1844,1896,premodern,poet,RO,,,,,,,,,
beldiman,5,4,5,Beldiman,"BT,IS,VS,VL",persons,Beldiman,M,,,medieval,boyar,RO,,,,,,,,,
benedek elek,5,2,5,Benedek Elek,"CV,HR",persons,Elek Benedek,M,1859,1929,interwar,writer,HU,,,,,,,,,
bihor,5,3,5,Bihor,"IF,TM,B",place_refs,,,,,,,,,,,,,Bihor,region,RO,
bisericii 2,5,4,5,Bisericii 2,"BZ,MH,OT,VL",name_categories,,,,,,,,,,,religious,institutional,,,,
bisericii catolice,5,4,4,Bisericii Catolice,"BT,NT,SV,TM",name_categories,,,,,,,,,,,religious,institutional,,,,
bocsa,5,3,5,Bocșa,"TM,VL,B",place_refs,,,,,,,,,,,,,Bocșa,ro_city,RO,
bocskai istvan,5,4,5,Bocskai Istvan,"BH,CJ,MS,SM",persons,István Bocskai,M,1557,1606,medieval,prince,HU,,,,,,,,,
bodesti,5,4,5,BODESTI,"BC,IS,B,IF",place_refs,,,,,,,,,,,,,Bodești,ro_village,RO,
boema,5,3,5,Boema,"IF,TM,TL",name_categories,,,,,,,,,,,abstract,commemorative,,,,
bogdan i,5,3,5,Bogdan I,"CL,PH,SV",persons,Bogdan I,M,,1367,medieval,voivode,RO,,,,,,,,,
bogdanesti,5,4,5,Bogdănești,"BC,DJ,IS,VL",place_refs,,,,,,,,,,,,,Bogdănești,ro_village,RO,
boiangiu,5,2,3,Boiangiu,"IS,DB",name_categories,,,,,,,,,,,occupational,trade,,,,
bolyai janos,5,4,5,Bolyai Janos,"BH,CJ,CV,MS",persons,Bolyai János,M,1802,1860,premodern,mathematician,HU,,,,,,,,,
borcutului,5,3,5,Borcutului,"BN,MM,SM",nature_terms,,,,,,,,,Borcutului,water,,,,,,
bordeie,5,4,5,Bordeie,"BC,BT,GJ,VS",nature_terms,,,,,,,,,Bordeie,geography,,,,,,
botorani,5,4,5,Aleea Botorani,"CL,GR,VL,B",place_refs,,,,,,,,,,,,,Botorani,ro_village,RO,
botosani,5,4,5,Botoșani,"BT,DJ,TM,B",place_refs,,,,,,,,,,,,,Botoșani,ro_city,RO,
brailita,5,3,4,Aleea Brăilița,"BR,IL,B",place_refs,,,,,,,,,,,,,Brăilița,ro_village,RO,
bratianu i.c.,5,5,5,Brătianu I.C.,"BV,HD,IS,SV,VS",persons,Ion C. Brătianu,M,1821,1891,premodern,politician,RO,,,,,,,,,
bratu,5,3,5,Bratu,"AG,DB,VL",persons,Bratu,M,,,medieval,historical figure,RO,,,,,,,,,
brebu,5,5,5,Brebu,"BZ,CS,PH,TM,B",place_refs,,,,,,,,,,,,,Brebu,ro_village,RO,
brigadierilor,5,4,5,Brigadierilor,"BR,CJ,GL,TM",name_categories,,,,,,,,,,,occupational,trade,,,,
bucatarului,5,4,5,Bucătarului,"BT,DJ,IS,CL",name_categories,,,,,,,,,,,occupational,trade,,,,
bucuresti-magurele,5,2,3,București-Măgurele,"B,IF",place_refs,,,,,,,,,,,,,București-Măgurele,ro_city,RO,
bucuresti-ploiesti,5,2,4,București-Ploiești,"IF,B",place_refs,,,,,,,,,,,,,București-Ploiești,ro_city,RO,
budailor,5,2,5,Budăilor,"BC,NT",nature_terms,,,,,,,,,Budăilor,geography,,,,,,
budiului,5,2,5,Budiului,"MM,MS",nature_terms,,,,,,,,,Budiului,water,,,,,,
buftea,5,2,4,Buftea,"CJ,PH",place_refs,,,,,,,,,,,,,Buftea,ro_city,RO,
buga,5,3,4,Aleea Buga,"DB,VL,B",persons,Buga,M,,,medieval,historical figure,RO,,,,,,,,,
bujac,5,2,4,Bujac,"AR,BH",place_refs,,,,,,,,,,,,,Bujac,ro_village,RO,
bulgariei,5,3,5,Bulgăriei,"AR,BT,IS",place_refs,,,,,,,,,,,,,Bulgaria,region,BG,
bulgarilor,5,5,5,Bulgarilor,"BH,CJ,DJ,MS,OT",name_categories,,,,,,,,,,,commemorative,ethnic_group,,,,
burlacului,5,5,5,Burlacului,"BT,BZ,IF,PH,SV",name_categories,,,,,,,,,,,abstract,social_status,,,,
c. i. parhon,5,5,5,C. I. Parhon,"BZ,DB,PH,SB,VS",persons,Constantin Ion Parhon,M,1874,1969,communist,physician/politician,RO,,,,,,,,,
cactusilor,5,5,5,CACTUSILOR,"BR,DB,GL,IL,B",nature_terms,,,,,,,,,Cactușilor,plant,,,,,,
calan,5,5,5,Călan,"CJ,SB,TM,B,IF",place_refs,,,,,,,,,,,,,Călan,ro_city,RO,
caldarari,5,4,5,Căldărari,"BZ,DB,OT,B",name_categories,,,,,,,,,,,occupational,trade,,,,
caldaruselor,5,3,4,Căldarușelor,"BZ,PH,VN",nature_terms,,,,,,,,,Căldărușelor,flower,,,,,,
calea eroilor,5,4,5,Calea Eroilor,"BZ,GJ,VL,VN",name_categories,,,,,,,,,,,commemorative,military,,,,
calin,5,5,5,Călin,"AG,BN,CV,DB,VN",nature_terms,,,,,,,,,Călin,tree,,,,,,
caltunasilor,5,2,5,Călțunașilor,"CL,PH",nature_terms,,,,,,,,,Călțunașilor,flower,,,,,,
calugaru,5,4,5,Călugăru,"CV,GJ,VL,VN",name_categories,,,,,,,,,,,occupational,religious,,,,
calul balan,5,3,5,Calul Bălan,"BC,CT,TL",name_categories,,,,,,,,,,,mythology,folklore,,,,
calusarilor,5,4,5,Aleea Călușarilor,"AG,CT,OT,B",name_categories,,,,,,,,,,,commemorative,cultural_tradition,,,,
caminului cultural,5,3,5,CĂMINULUI CULTURAL,"BC,IL,IF",name_categories,,,,,,,,,,,institutional,cultural,,,,
campeanu,5,3,5,Câmpeanu,"BZ,NT,TL",persons,Ion Câmpeanu,M,1923,2010,communist,politician,RO,,,,,,,,,
campenesti,5,2,4,Câmpenești,"CJ,B",place_refs,,,,,,,,,,,,,Câmpenești,ro_village,RO,
campia islaz,5,1,3,Aleea Câmpia Islaz,DJ,place_refs,,,,,,,,,,,,,Câmpia Islaz,battle_site,RO,
campul cu maci,5,3,4,Aleea Câmpul cu Maci,"AG,IF,B",nature_terms,,,,,,,,,Câmpul cu Maci,meadow,,,,,,
campul pipera,5,2,4,Câmpul Pipera,"B,IF",nature_terms,,,,,,,,,Câmpul Pipera,geography,,,,,,
campulung,5,3,4,Calea Câmpulung,"AG,DB,B",place_refs,,,,,,,,,,,,,Câmpulung,ro_city,RO,
canepisti,5,3,5,Cânepiști,"AB,CJ,OT",nature_terms,,,,,,,,,Cânepiști,plant,,,,,,
cantare auto,5,2,5,Cântare auto,"BR,BZ",name_categories,,,,,,,,,,,infrastructure,transport,,,,
caprei,5,2,4,Aleea Caprei,"BZ,TM",nature_terms,,,,,,,,,Caprei,animal,,,,,,
caprelor,5,3,4,Caprelor,"IS,SB,TL",nature_terms,,,,,,,,,Caprelor,animal,,,,,,
capricornului,5,3,5,Capricornului,"IF,SM,B",nature_terms,,,,,,,,,Capricornului,sky,,,,,,
capriorilor,5,3,5,Aleea Căpriorilor,"PH,SB,B",nature_terms,,,,,,,,,Căpriorilor,animal,,,,,,
capu satului,5,3,5,Capu Satului,"AB,MS,VL",name_categories,,,,,,,,,,,infrastructure,settlement,,,,
caramidei,5,4,5,Cărămidei,"CV,MS,PH,VS",name_categories,,,,,,,,,,,trade,construction,,,,
caramizii,5,5,5,Caramizii,"CJ,NT,OT,TR,B",name_categories,,,,,,,,,,,trade,construction,,,,
carbunelui,5,3,5,Cărbunelui,"HD,SB,VL",nature_terms,,,,,,,,,Cărbunelui,geography,,,,,,
cardinal hossu iuliu,5,5,5,"Hossu Iuliu, cardinal","BH,CJ,MS,SM,SB",persons,Iuliu Hossu,M,1885,1970,communist,cleric,RO,,,,,,,,,
carelor,5,3,5,Aleea Carelor,"BV,CL,B",name_categories,,,,,,,,,,,infrastructure,transport,,,,
caritas,5,3,5,Aleea Caritas,"IS,CL,SM",name_categories,,,,,,,,,,,abstract,social,,,,
carmen silva,5,5,5,Carmen Silva,"BH,CJ,CT,CV,PH",persons,Elisabeta a României,F,1843,1916,premodern,monarch/writer,RO,,,,,,,,,
carstea,5,5,5,Cârstea,"BT,MM,OT,SV,VL",,,,,,,,,,,,,,,,,
casimcei,5,2,3,Aleea Casimcei,"CT,TL",place_refs,,,,,,,,,,,,,Casimcea,ro_village,RO,
casinului,5,4,5,Casinului,"BC,CV,MS,SB",place_refs,,,,,,,,,,,,,Cașin,ro_village,RO,
castorului,5,5,5,Castorului,"BV,DJ,SB,TM,B",nature_terms,,,,,,,,,Castorului,animal,,,,,,
ceferistului,5,4,4,Ceferistului,"CT,GL,GJ,OT",name_categories,,,,,,,,,,,occupational,transport,,,,
centura de est,5,1,4,Centura de Est,PH,name_categories,,,,,,,,,,,infrastructure,road,,,,
ceres,5,5,5,Ceres,"AB,BN,BR,IF,TM",name_categories,,,,,,,,,,,mythology,roman,,,,
cetatea craciuna,5,2,4,Cetatea Crăciuna,"GL,VN",place_refs,,,,,,,,,,,,,Cetatea Crăciuna,battle_site,RO,
chilii,5,3,5,Chilii,"AG,BZ,PH",place_refs,,,,,,,,,,,,,Chilii,ro_village,RO,
chioarului,5,1,5,Chioarului,MM,place_refs,,,,,,,,,,,,,Chioar,region,RO,
chioveni,5,3,4,Chioveni,"BZ,GL,VN",place_refs,,,,,,,,,,,,,Chioveni,ro_village,RO,
cindrelului,5,2,5,Cindrelului,"PH,SB",place_refs,,,,,,,,,,,,,Cindrel,mountain,RO,
cioaca,5,4,5,Cioacă,"CS,CJ,GJ,MH",,,,,,,,,,,,,,,,,
ciobanu,5,4,5,Ciobanu,"BT,DB,IF,VN",name_categories,,,,,,,,,,,occupational,agriculture,,,,
ciocanesti,5,5,5,Ciocănești,"DB,SM,TR,B,IF",place_refs,,,,,,,,,,,,,Ciocănești,ro_village,RO,
ciocanitorii,5,4,5,Ciocănitorii,"BT,IS,IF,VL",nature_terms,,,,,,,,,Ciocănitoare,bird,,,,,,
ciocarlanului,5,3,5,Ciocârlanului,"BC,BR,GJ",name_categories,,,,,,,,,,,occupational,trade,,,,
ciocarlei,5,4,5,Ciocârlei,"CJ,CL,MM,VS",nature_terms,,,,,,,,,Ciocârlie,bird,,,,,,
ciocarlia,5,4,5,Ciocârlia,"AR,CT,DJ,GJ",nature_terms,,,,,,,,,Ciocârlie,bird,,,,,,
ciocarliilor,5,4,5,Ciocârliilor,"BC,CT,NT,VN",nature_terms,,,,,,,,,Ciocârlie,bird,,,,,,
cioplea,5,5,5,Aleea Cioplea,"BV,CJ,PH,SB,B",place_refs,,,,,,,,,,,,,Cioplea,ro_village,RO,
ciorogarla,5,2,5,Ciorogârla,"B,IF",place_refs,,,,,,,,,,,,,Ciorogârla,ro_village,RO,
ciresica,5,5,5,Cireșica,"CT,IS,IF,GR,SV",nature_terms,,,,,,,,,Cireș,fruit,,,,,,
ciuleandra,5,4,5,Aleea Ciuleandra,"AR,CT,TM,B",name_categories,,,,,,,,,,,abstract,culture,,,,
ciulinului,5,4,5,Ciulinului,"BC,MS,TM,B",nature_terms,,,,,,,,,Ciulinului,plant,,,,,,
coanda henry,5,5,5,Coandă Henry,"AG,GL,MS,VS,VL",persons,Henri Coandă,M,1886,1972,interwar,inventor/engineer,RO,,,,,,,,,
cobadin,5,2,3,Cobadin,"CT,B",place_refs,,,,,,,,,,,,,Cobadin,ro_village,RO,
cobzarului,5,4,5,Cobzarului,"NT,OT,SV,VS",name_categories,,,,,,,,,,,occupational,trade,,,,
cocostarcului,5,4,5,Cocostârcului,"SV,TM,B,IF",nature_terms,,,,,,,,,Cocostârcului,bird,,,,,,
comanestilor,5,4,5,Comăneștilor,"BT,OT,TR,VL",place_refs,,,,,,,,,,,,,Comănești,ro_city,RO,
confluentei,5,3,5,Confluenței,"BC,IS,PH",nature_terms,,,,,,,,,Confluenței,geography,,,,,,
constantin balacescu,5,3,5,Constantin Bălăcescu,"GJ,VS,B",persons,Constantin Bălăcescu,M,1865,1944,interwar,politician,RO,,,,,,,,,
constantin gherghina,5,3,5,Aleea Constantin Gherghina,"CS,DJ,MH",persons,Constantin Gherghina,M,1929,2004,communist,politician,RO,,,,,,,,,
constantin godeanu,5,5,5,Constantin Godeanu,"BZ,CT,PH,B,IF",persons,Constantin Godeanu,M,1906,1975,communist,biologist,RO,,,,,,,,,
constantin iotzu,5,3,5,Arh. Constantin Iotzu,"DJ,SB,TM",persons,Constantin Iotzu,M,1884,1962,interwar,architect,RO,,,,,,,,,
constantin radu,5,3,5,Constantin Radu,"BZ,TM,B",,,,,,,,,,,,,,,,,
constantin radulescu-motru,5,4,5,Constantin Rădulescu-Motru,"AG,DJ,MH,B",persons,Constantin Rădulescu-Motru,M,1868,1957,interwar,philosopher/psychologist,RO,,,,,,,,,
coralilor,5,4,5,Coralilor,"BH,CT,IL,B",nature_terms,,,,,,,,,Coralilor,nature,,,,,,
corhanei,5,3,5,Corhanei,"BT,IS,VN",nature_terms,,,,,,,,,Corhanei,geography,,,,,,
cornea,5,4,5,Cornea,"IS,CL,NT,TM",place_refs,,,,,,,,,,,,,Cornea,ro_village,RO,
cornis,5,4,5,Corniș,"DB,IF,NT,SJ",place_refs,,,,,,,,,,,,,Corniș,ro_village,RO,
cornu,5,5,5,Cornu,"DJ,GJ,IF,MH,TM",place_refs,,,,,,,,,,,,,Cornu,ro_village,RO,
coroanei,5,4,5,Coroanei,"MH,OT,SB,VS",name_categories,,,,,,,,,,,commemorative,institutional,,,,
corvinilor,5,3,5,Corvinilor,"HD,SM,B",name_categories,,,,,,,,,,,commemorative,institutional,,,,
cosbuc,5,5,5,Coșbuc,"AR,BH,CT,GJ,PH",persons,George Coșbuc,M,1866,1918,premodern,poet,RO,,,,,,,,,
coserului,5,3,5,Coserului,"BC,TL,VS",name_categories,,,,,,,,,,,occupational,trade,,,,
cosmesti,5,4,5,Cosmești,"BV,PH,VL,B",place_refs,,,,,,,,,,,,,Cosmești,ro_village,RO,
costachi negri,5,4,5,Costachi Negri,"BT,GL,IS,SV",persons,Costache Negri,M,1812,1876,1848,politician,RO,,,,,,,,,
costilei,5,1,5,Coștilei,PH,,,,,,,,,,,,,,,,,
cotnari,5,5,5,Cotnari,"BH,SJ,TM,B,IF",place_refs,,,,,,,,,,,,,Cotnari,ro_village,RO,
craiesti,5,4,5,Aleea Crăiești,"AB,BN,SB,B",place_refs,,,,,,,,,,,,,Crăiești,ro_village,RO,
cramelor,5,5,5,Cramelor,"BZ,GL,PH,SM,VN",name_categories,,,,,,,,,,,trade,industry,,,,
cremenea,5,4,5,Cremenea,"BC,BZ,PH,VN",nature_terms,,,,,,,,,Cremenea,geography,,,,,,
crihalei,5,1,5,Crihalei,MH,,,,,,,,,,,,,,,,,
cristofor columb,5,3,4,Cristofor Columb,"GL,TM,B",persons,Cristofor Columb,M,1451,1506,medieval,explorer,IT,,,,,,,,,
crivat,5,5,5,Crivăț,"AG,IS,PH,TL,DB",nature_terms,,,,,,,,,Crivăț,weather,,,,,,
csorgo,5,2,5,Csorgó,"HR,MS",nature_terms,,,,,,,,,Csorgó,water,,,,,,
cu plopi,5,5,5,Aleea cu Plopi,"BV,CL,IF,GR,TM",nature_terms,,,,,,,,,Plopi,tree,,,,,,
cugir,5,5,5,Cugir,"MS,SB,TM,B,IF",place_refs,,,,,,,,,,,,,Cugir,ro_city,RO,
cupidon,5,4,5,Cupidon,"IS,IF,TM,B",name_categories,,,,,,,,,,,mythology,deity,,,,
cupolei,5,2,5,Cupolei,"IF,B",name_categories,,,,,,,,,,,infrastructure,architecture,,,,
cuptoarelor,5,4,4,Cuptoarelor,"DJ,HD,IS,PH",name_categories,,,,,,,,,,,trade,industry,,,,
cuptorului,5,4,5,Cuptorului,"AR,MH,OT,SB",name_categories,,,,,,,,,,,trade,industry,,,,
curaturi,5,3,5,Curături,"PH,SJ,VL",nature_terms,,,,,,,,,Curături,geography,,,,,,
curburii,5,3,5,Curburii,"BC,GJ,MH",nature_terms,,,,,,,,,Curbură,geography,,,,,,
curmatura,5,4,5,Curmatura,"BC,CJ,MH,VL",nature_terms,,,,,,,,,Curmătură,geography,,,,,,
damaschin bojinca,5,2,5,Damaschin Bojinca,"CS,TM",persons,Damaschin Bojincă,M,1802,1869,premodern,jurist/historian,RO,,,,,,,,,
dambovnicului,5,3,5,Dâmbovnicului,"AG,GR,B",place_refs,,,,,,,,,,,,,Dâmbovnic,river,RO,
danko pista,5,2,5,Danko Pista,"BH,SM",persons,Dankó Pista,M,1858,1903,premodern,musician,HU,,,,,,,,,
daracului,5,4,5,DARACULUI,"IL,GR,TR,B",name_categories,,,,,,,,,,,occupational,trade,,,,
darniciei,5,3,5,Dărniciei,"BC,VL,B",name_categories,,,,,,,,,,,abstract,virtue,,,,
datinilor,5,4,5,Datinilor,"BT,TM,VS,B",name_categories,,,,,,,,,,,abstract,tradition,,,,
dealul negru,5,4,5,Dealul Negru,"IF,SV,VL,B",nature_terms,,,,,,,,,Dealul Negru,geography,,,,,,
dealul nou,5,4,5,Dealul Nou,"BH,CL,MS,SM",nature_terms,,,,,,,,,Dealul Nou,geography,,,,,,
defileului,5,4,5,Defileului,"BV,TL,VL,B",nature_terms,,,,,,,,,Defileu,geography,,,,,,
devei,5,3,4,Devei,"AB,AR,BH",place_refs,,,,,,,,,,,,,Deva,ro_city,RO,
diaconu,5,4,5,Aviator Diaconu,"GJ,CL,MH,VL",name_categories,,,,,,,,,,,occupational,religious,,,,
diamant,5,4,5,Diamant,"AR,BH,CT,TM",name_categories,,,,,,,,,,,abstract,precious_stone,,,,
dimitrie brandza,5,2,5,Aleea Dimitrie Brândză,"BT,B",persons,Dimitrie Brândză,M,1846,1897,premodern,botanist,RO,,,,,,,,,
dimitrie leonida,5,3,5,Dimitrie Leonida,"CL,NT,SV",persons,Dimitrie Leonida,M,1883,1965,interwar,engineer,RO,,,,,,,,,
dimitrie pompeiu,5,3,5,Bulevardul Dimitrie Pompeiu,"BH,BT,B",persons,Dimitrie Pompeiu,M,1873,1954,interwar,mathematician,RO,,,,,,,,,
dimitrie sturza,5,4,5,Dimitrie Sturza,"HD,IF,TL,VS",persons,Dimitrie Sturdza,M,1833,1914,premodern,politician,RO,,,,,,,,,
dimitrie tichindeal,5,3,5,Dimitrie Țichindeal,"AR,TM,B",persons,Dimitrie Țichindeal,M,1775,1818,premodern,cleric/educator,RO,,,,,,,,,
din jos,5,4,5,Din Jos,"MM,PH,SM,SJ",nature_terms,,,,,,,,,Din Jos,geography,,,,,,
din vale,5,5,5,Din Vale,"DJ,NT,PH,TR,TM",nature_terms,,,,,,,,,Din Vale,geography,,,,,,
dispensarului veterinar,5,3,5,Dispensarului Veterinar,"BC,IL,MM",name_categories,,,,,,,,,,,institutional,health,,,,
distilariei,5,4,5,Distilăriei,"BR,BZ,DB,OT",name_categories,,,,,,,,,,,trade,industry,,,,
doamna chiajna,5,3,5,Doamna Chiajna,"IF,TM,B",persons,Doamna Chiajna,F,1525,1588,medieval,noble,RO,,,,,,,,,
dobra,5,4,5,Dobra,"AG,BN,SB,TR",place_refs,,,,,,,,,,,,,Dobra,ro_village,RO,
dobreni,5,4,5,Dobreni,"AB,GJ,IF,B",place_refs,,,,,,,,,,,,,Dobreni,ro_village,RO,
dobrina,5,2,3,Aleea Dobrina,"VS,B",place_refs,,,,,,,,,,,,,Dobrina,ro_village,RO,
dobroesti,5,2,3,Dobroești,"B,IF",place_refs,,,,,,,,,,,,,Dobroești,ro_village,RO,
dochiei,5,5,5,Dochiei,"GL,IS,MM,SV,TL",persons,Baba Dochia,F,,,ancient,mythological figure,RO,,,,,,,,,
doftanei,5,1,5,Aleea Doftanei,PH,place_refs,,,,,,,,,,,,,Doftana,river,RO,
dragaicii,5,2,4,Drăgăicii,"BR,BZ",name_categories,,,,,,,,,,,commemorative,tradition,,,,
dragomiresti,5,3,5,Dragomirești,"MH,VL,B",place_refs,,,,,,,,,,,,,Dragomirești,ro_village,RO,
drobeta,5,5,5,Drobeta,"DJ,IS,MH,TM,B",place_refs,,,,,,,,,,,,,Drobeta,ancient_city,RO,
drum agricol,5,5,5,Drum Agricol,"AG,DB,IF,OT,VL",name_categories,,,,,,,,,,,infrastructure,transport,,,,
drumetului,5,4,5,Drumețului,"BC,BN,IF,B",name_categories,,,,,,,,,,,abstract,concept,,,,
drumul bisericii,5,2,5,Drumul Bisericii,"BC,IF",name_categories,,,,,,,,,,,religious,infrastructure,,,,
drumul targului,5,4,5,Drumul Târgului,"GL,IF,NT,VL",name_categories,,,,,,,,,,,trade,infrastructure,,,,
ds17,5,2,5,Ds17,"IS,TM",,,,,,,,,,,,,,,,,
ds9,5,2,5,Ds9,"IS,TM",,,,,,,,,,,,,,,,,
dsida jeno,5,4,5,Dsida Jeno,"BH,CJ,CV,SM",persons,Dsida Jenő,M,1907,1938,interwar,poet,RO,,,,,,,,,
dudariei,5,3,5,Dudăriei,"PH,TM,DB",nature_terms,,,,,,,,,Dudăriei,tree,,,,,,
dumbrava mica,5,2,5,Dumbrava Mică,"BC,GJ",nature_terms,,,,,,,,,Dumbrava Mică,forest,,,,,,
dunareni,5,2,5,Dunăreni,"DJ,TL",place_refs,,,,,,,,,,,,,Dunăreni,ro_village,RO,
dupa garduri,5,3,5,După Garduri,"BV,MS,SB",name_categories,,,,,,,,,,,infrastructure,topographic,,,,
edgar quinet,5,3,5,Edgar Quinet,"CJ,TM,B",persons,Edgar Quinet,M,1803,1875,premodern,historian/writer,FR,,,,,,,,,
eger,5,5,5,Eger,"BV,CJ,CV,HR,MS",place_refs,,,,,,,,,,,,,Eger,city,HU,
elanului,5,5,5,Elanului,"BH,BT,TM,B,IF",nature_terms,,,,,,,,,Elanului,animal,,,,,,
elekes,5,1,5,Elekes,HR,persons,Elekes,M,,,premodern,unknown,RO,,,,,,,,,
elena caragiani,5,3,5,Elena Caragiani,"BN,GL,B",persons,Elena Caragiani-Stoenescu,F,1887,1929,interwar,aviator,RO,,,,,,,,,
elevilor,5,4,4,Aleea Elevilor,"BT,CV,PH,VL",name_categories,,,,,,,,,,,institutional,education,,,,
elicei,5,4,5,Elicei,"CJ,GL,B,IF",name_categories,,,,,,,,,,,infrastructure,technical,,,,
eliza opran,5,1,3,Aleea Eliza Opran,DJ,persons,Eliza Opran,F,1936,2005,communist,architect,RO,,,,,,,,,
emanoil petrut,5,3,5,Emanoil Petruț,"VN,B,IF",persons,Emanoil Petruț,M,1932,1983,communist,actor,RO,,,,,,,,,
energeticienilor,5,5,5,Aleea Energeticienilor,"GJ,IL,IF,NT,B",name_categories,,,,,,,,,,,occupational,industry,,,,
epigonilor,5,2,4,Aleea Epigonilor,"IF,B",name_categories,,,,,,,,,,,abstract,literary,,,,
epurarii,5,3,5,Epurării,"BC,CL,VL",name_categories,,,,,,,,,,,infrastructure,utility,,,,
eremia movila,5,3,5,Eremia Movila,"CT,IS,VS",persons,Eremia Movilă,M,1555,1606,medieval,ruler,RO,,,,,,,,,
erkel ferenc,5,3,5,Erkel Ferenc,"BH,CJ,SM",persons,Erkel Ferenc,M,1810,1893,premodern,composer,HU,,,,,,,,,
eufrosin poteca,5,4,5,Eufrosin Poteca,"CJ,MH,PH,B",persons,Eufrosin Poteca,M,1786,1858,1848,theologian/philosopher,RO,,,,,,,,,
eugeniu carada,5,3,5,Eugeniu Carada,"BH,DJ,B",persons,Eugeniu Carada,M,1836,1910,premodern,economist/politician,RO,,,,,,,,,
fabrica de mobila,5,4,4,Fabrica de Mobilă,"AG,IF,IL,DB",name_categories,,,,,,,,,,,trade,industrial,,,,
fagurelui,5,3,5,Fagurelui,"BH,BT,CJ",nature_terms,,,,,,,,,Făgurelui,animal,,,,,,
fanfarei,5,4,5,Fanfarei,"BT,BZ,VS,B",name_categories,,,,,,,,,,,abstract,culture,,,,
fantana alba,5,2,5,Fântâna Albă,"SV,B",place_refs,,,,,,,,,,,,,Fântâna Albă,ro_village,RO,
fantana mireselor,5,4,5,Fântâna Mireselor,"DJ,MH,OT,TR",nature_terms,,,,,,,,,Fântâna Mireselor,water,,,,,,
fantana popii,5,3,5,Fântâna Popii,"BT,CJ,SJ",nature_terms,,,,,,,,,Fântâna Popii,water,,,,,,
fantana satului,5,4,5,Fântâna Satului,"BN,CJ,MM,SJ",nature_terms,,,,,,,,,Fântâna Satului,water,,,,,,
fata,5,5,5,Fața,"BN,CJ,GJ,MH,SJ",nature_terms,,,,,,,,,Fața,geography,,,,,,
fetitelor,5,3,5,Fetițelor,"PH,TL,B",name_categories,,,,,,,,,,,abstract,social,,,,
filantropiei,5,2,4,Filantropiei,"BZ,DJ",name_categories,,,,,,,,,,,abstract,social,,,,
filaret barbu,5,3,5,Filaret Barbu,"CT,SV,TM",persons,Filaret Barbu,M,1903,1962,communist,composer,RO,,,,,,,,,
finta,5,3,4,Finta,"HR,PH,B",place_refs,,,,,,,,,,,,,Finta,ro_village,RO,
flamurei,5,3,5,Aleea Flamurei,"BZ,PH,B",name_categories,,,,,,,,,,,ideological,symbolic,,,,
floarei,5,4,5,Floarei,"GJ,MM,PH,VN",nature_terms,,,,,,,,,Floarei,flower,,,,,,
florariei,5,3,5,Aleea Florăriei,"AG,BC,HR",name_categories,,,,,,,,,,,trade,retail,,,,
flori de camp,5,2,4,Flori de Câmp,"BR,IF",nature_terms,,,,,,,,,Flori de Câmp,flower,,,,,,
florii,5,4,4,Florii,"AG,CV,SJ,VS",name_categories,,,,,,,,,,,religious,holiday,,,,
fluieras,5,4,5,Aleea Fluieraș,"BZ,DB,IS,PH",name_categories,,,,,,,,,,,occupational,artistic,,,,
fluviului,5,4,5,Fluviului,"BH,CT,HR,B",nature_terms,,,,,,,,,Fluviului,water,,,,,,
fo utca,5,4,5,Fő utca,"AR,CV,SM,TM",name_categories,,,,,,,,,,,infrastructure,urban,,,,
focului,5,4,5,Focului,"AB,BT,CL,TR",nature_terms,,,,,,,,,Focului,weather,,,,,,
fortunei,5,5,5,Fortunei,"BZ,IF,PH,TL,B",name_categories,,,,,,,,,,,mythology,roman,,,,
fout,5,2,5,Főút,"HR,MS",name_categories,,,,,,,,,,,infrastructure,street,,,,
frasinet,5,5,5,Frăsinet,"BZ,GR,OT,PH,TR",nature_terms,,,,,,,,,Frăsinet,forest,,,,,,
fulgeresti,5,3,5,Fulgerești,"DB,GL,B",place_refs,,,,,,,,,,,,,Fulgerești,ro_village,RO,
fundatiei,5,3,5,Fundației,"BC,IS,NT",name_categories,,,,,,,,,,,abstract,concept,,,,
furtuna,5,4,5,FURTUNA,"BT,BZ,DB,CL",nature_terms,,,,,,,,,Furtună,weather,,,,,,
furtunei,5,3,5,Furtunei,"BT,MS,B",nature_terms,,,,,,,,,Furtunei,weather,,,,,,
g. cosbuc,5,5,5,G. Coșbuc,"AB,DJ,IF,CL,OT",persons,George Coșbuc,M,1866,1918,premodern,poet,RO,,,,,,,,,
gabor,5,5,5,Gabor,"HR,IS,MM,MS,SJ",persons,Gabor,M,,,medieval,name,,,,,,,,,,
gageni,5,1,4,Aleea Găgeni,PH,place_refs,,,,,,,,,,,,,Găgeni,ro_village,RO,
garla,5,3,5,Gârla,"BC,DB,IS",nature_terms,,,,,,,,,Gârla,water,,,,,,
garlisoara,5,4,5,Gârlișoara,"IS,PH,TR,TL",nature_terms,,,,,,,,,Gârlișoara,water,,,,,,
gavanului,5,3,4,Găvanului,"BT,BZ,VS",nature_terms,,,,,,,,,Găvanului,geography,,,,,,
gavril muzicescu,5,4,4,Gavril Muzicescu,"CS,CJ,CT,IS",persons,Gavril Muzicescu,M,1847,1903,premodern,composer,RO,,,,,,,,,
gazariei,5,2,5,Găzăriei,"BC,TL",name_categories,,,,,,,,,,,occupational,trade,,,,
george ranetti,5,3,5,George Ranetti,"PH,TM,B",persons,George Ranetti,M,1875,1928,interwar,writer,RO,,,,,,,,,
george valsan,5,3,4,Aleea George Vâlsan,"BH,DJ,B",persons,George Vâlsan,M,1885,1935,interwar,geographer,RO,,,,,,,,,
georges clemenceau,5,3,5,Georges Clemenceau,"CJ,TM,B",persons,Georges Clemenceau,M,1841,1929,interwar,politician,FR,,,,,,,,,
gheorghe anghel,5,3,5,Gheorghe Anghel,"BZ,MH,B",persons,Gheorghe Anghel,M,1904,1966,communist,sculptor,RO,,,,,,,,,
gheorghe anghelescu,5,5,5,General Gheorghe Anghelescu,"CJ,CT,DJ,SB,TM",persons,Gheorghe Anghelescu,M,1873,1948,interwar,general,RO,,,,,,,,,
gheorghe bratianu,5,4,5,Gheorghe Brătianu,"IS,PH,VS,B",persons,Gheorghe Brătianu,M,1898,1953,interwar,historian,RO,,,,,,,,,
gheorghe costa-foru,5,3,4,Dr. Gheorghe Costa-Foru,"BH,B,IF",persons,Gheorghe Costa-Foru,M,1820,1876,premodern,jurist,RO,,,,,,,,,
gheorghe ionescu,5,3,5,Gheorghe Ionescu,"GJ,PH,TM",persons,Gheorghe Ionescu,M,,,interwar,politician,RO,,,,,,,,,
gheorghe patrascu,5,5,5,Gheorghe Pătrașcu,"AG,GL,IS,SB,TR",persons,Gheorghe Pătrașcu,M,1872,1961,interwar,painter,RO,,,,,,,,,
gheorghe popovici,5,4,5,Dr. Gheorghe Popovici,"IS,NT,SV,TM",persons,Gheorghe Popovici,M,1859,1933,interwar,painter,RO,,,,,,,,,
gheorghe tatarascu,5,2,5,Gheorghe Tătărăscu,"CS,GJ",persons,Gheorghe Tătărăscu,M,1886,1957,interwar,politician,RO,,,,,,,,,
gheorghe vranceanu,5,2,5,Gheorghe Vrânceanu,"BC,VS",persons,Gheorghe Vrânceanu,M,1900,1979,communist,mathematician,RO,,,,,,,,,
gherman,5,3,5,Gherman,"NT,OT,TM",place_refs,,,,,,,,,,,,,Gherman,ro_village,RO,
ghimbavului,5,1,4,Ghimbavului,BV,place_refs,,,,,,,,,,,,,Ghimbav,ro_city,RO,
giuseppe garibaldi,5,5,5,Giuseppe Garibaldi,"CJ,GL,MM,SB,B",persons,Giuseppe Garibaldi,M,1807,1882,premodern,general,IT,,,,,,,,,
glodeni,5,3,4,Glodeni,"DB,IS,B",place_refs,,,,,,,,,,,,,Glodeni,ro_village,RO,
glodu,5,5,5,Glodu,"IS,MH,NT,SV,VL",nature_terms,,,,,,,,,Glod,geography,,,,,,
golasei,5,5,5,Golașei,"BC,DB,GL,VN,B",nature_terms,,,,,,,,,Golașă,geography,,,,,,
govorei,5,3,5,Govorei,"BH,MH,VL",place_refs,,,,,,,,,,,,,Govora,ro_city,RO,
graurilor,5,3,5,Graurilor,"BH,CJ,SJ",nature_terms,,,,,,,,,Graur,bird,,,,,,
greaca,5,3,5,Greaca,"VL,B,IF",place_refs,,,,,,,,,,,,,Greaca,ro_village,RO,
greierilor,5,4,5,Greierilor,"AR,BV,PH,TL",nature_terms,,,,,,,,,Greier,animal,,,,,,
grigoras,5,2,5,Grigoraș,"SV,VN",persons,Grigoraș,M,,,premodern,musician,RO,,,,,,,,,
grivita rosie,5,5,5,Grivița Roșie,"BV,CT,DJ,HD,OT",name_categories,,,,,,,,,,,commemorative,battle_site,,,,
grozesti,5,5,5,Grozești,"CT,DB,GL,VL,VN",place_refs,,,,,,,,,,,,,Grozești,ro_village,RO,
haralambie botescu,5,2,5,Dr. Haralambie Botescu,"AG,B",persons,Haralambie Botescu,M,1870,1934,interwar,medic,RO,,,,,,,,,
helesteu,5,4,5,Heleșteu,"BC,IL,PH,VL",nature_terms,,,,,,,,,Heleșteu,water,,,,,,
helsinki,5,3,5,Helsinki,"CT,TM,IF",place_refs,,,,,,,,,,,,,Helsinki,city,FI,
henry coanda,5,3,5,Henry Coandă,"CT,MS,TR",persons,Henri Coandă,M,1886,1972,interwar,inventor,RO,,,,,,,,,
"horea,closca si crisan",5,4,5,"Horea,Cloșca și Crișan","CJ,CV,TR,VN",persons,"Horea, Cloșca și Crișan",collective,,1785,premodern,revolutionaries,RO,,,,,,,,,
"horia, closca si crisan",5,5,5,"Horia, Cloșca Și Crișan","CT,DB,OT,TR,VN",persons,"Horea, Cloșca și Crișan",collective,,1785,premodern,revolutionaries,RO,,,,,,,,,
hortensia papadat bengescu,5,3,5,Hortensia Papadat Bengescu,"BZ,CT,GL",persons,Hortensia Papadat-Bengescu,F,1876,1955,interwar,writer,RO,,,,,,,,,
huci,5,4,5,Huci,"BT,MM,NT,SV",nature_terms,,,,,,,,,Huci,forest,,,,,,
humarie,5,4,5,Humărie,"BC,BT,SV,VS",nature_terms,,,,,,,,,Humărie,geography,,,,,,
hunyadi utca,5,3,5,Hunyadi utca,"BH,SM,TM",persons,Ioan de Hunedoara,M,1406,1456,medieval,voivode,HU,,,,,,,,,
i. g. duca,5,5,5,I. G. Duca,"CS,GL,OT,VS,IF",persons,Ion G. Duca,M,1879,1933,interwar,politician,RO,,,,,,,,,
i.c.bratianu,5,5,5,I.C.Bratianu,"BV,CT,IL,TR,IF",persons,Ion C. Brătianu,M,1821,1891,premodern,politician,RO,,,,,,,,,
iarmarocului,5,3,5,Iarmarocului,"IS,VS,B",name_categories,,,,,,,,,,,trade,market,,,,
iedului,5,4,5,Iedului,"CJ,PH,TL,B",nature_terms,,,,,,,,,Iedului,animal,,,,,,
ii. rakoczi ferenc,5,3,5,II. Rákóczi Ferenc,"BH,CV,HR",persons,Francisc Rákóczi al II-lea,M,1676,1735,medieval,nobleman,HU,,,,,,,,,
ineului,5,3,5,Ineului,"AR,BN,DJ",place_refs,,,,,,,,,,,,,Ineul,mountain_peak,RO,
infundata,5,5,5,INFUNDATA,"BN,BT,CL,MH,OT",name_categories,,,,,,,,,,,infrastructure,dead-end,,,,
inocentei,5,5,5,Inocenței,"BZ,IS,TM,B,IF",name_categories,,,,,,,,,,,abstract,virtue,,,,
inocentiu micu klein,5,5,5,Inocențiu Micu Klein,"BV,CJ,HD,MM,SB",persons,Inocențiu Micu-Klein,M,1692,1768,premodern,cleric,RO,,,,,,,,,
inuri,5,4,4,Intrarea Inuri,"AB,AG,GR,PH",nature_terms,,,,,,,,,Inuri,plant,,,,,,
investitorilor,5,5,5,Investitorilor,"AB,BV,CL,TM,IF",name_categories,,,,,,,,,,,trade,economic,,,,
ioan ursu,5,3,4,Aleea Ioan Ursu,"AG,BV,CT",persons,Ioan Ursu,M,1875,1939,interwar,historian,RO,,,,,,,,,
ion bogdan,5,3,5,Ion Bogdan,"BH,BZ,B",persons,Ion Bogdan,M,1864,1919,interwar,historian,RO,,,,,,,,,
ion borcea,5,3,5,Ion Borcea,"BC,CT,IS",persons,Ion Borcea,M,1879,1936,interwar,biologist,RO,,,,,,,,,
ion budai-deleanu,5,5,5,Ion Budai-Deleanu,"AB,CT,IS,PH,SB",persons,Ion Budai-Deleanu,M,1760,1820,premodern,writer,RO,,,,,,,,,
ion buteanu,5,4,5,Ion Buteanu,"AB,BH,HD,MS",persons,Ion Buteanu,M,1821,1849,1848,revolutionary,RO,,,,,,,,,
ion buzoianu,5,4,5,Colonel Ion Buzoianu,"BH,BV,BZ,B",persons,Ion Buzoianu,M,1830,1900,premodern,military,RO,,,,,,,,,
ion conea,5,3,4,Ion Conea,"OT,VL,B",persons,Ion Conea,M,1902,1974,communist,geographer,RO,,,,,,,,,
ion vlad,5,3,5,Colonel Ion Vlad,"AB,BZ,IF",persons,Ion Vlad,M,1920,1992,communist,sculptor,RO,,,,,,,,,
iordache,5,5,5,Iordache,"DB,DJ,GJ,MH,VL",persons,Iordache,M,,,premodern,historical figure,RO,,,,,,,,,
iosif iser,5,4,5,Iosif Iser,"BR,CT,GL,B",persons,Iosif Iser,M,1881,1958,communist,painter,RO,,,,,,,,,
iulia,5,4,5,Iulia,"AR,BZ,CT,TL",persons,Iulia,F,,,ancient,historical figure,RO,,,,,,,,,
iuliu hossu,5,4,5,Iuliu Hossu,"AR,BN,CJ,SV",persons,Iuliu Hossu,M,1885,1970,communist,cleric,RO,,,,,,,,,
ivan,5,5,5,Ivan,"BC,BH,GJ,VL,VN",persons,Ivan,M,,,medieval,historical figure,RO,,,,,,,,,
izvorani,5,3,5,Intrarea Izvorani,"AG,PH,B",place_refs,,,,,,,,,,,,,Izvorani,ro_village,RO,
jean calvin,5,2,5,Jean Calvin,"BH,SM",persons,Jean Calvin,M,1509,1564,medieval,theologian,FR,,,,,,,,,
jieni,5,3,5,Jieni,"BZ,DJ,GJ",place_refs,,,,,,,,,,,,,Jieni,ro_village,RO,
johann sebastian bach,5,4,5,Johann Sebastian Bach,"CJ,SB,TM,B",persons,Johann Sebastian Bach,M,1685,1750,medieval,composer,DE,,,,,,,,,
joita,5,5,5,Caporal Joița,"HR,CL,TR,B,IF",persons,Joița,M,,,premodern,military,RO,,,,,,,,,
kandia,5,4,5,Kandia,"CV,MS,SM,SJ",,,,,,,,,,,,,,,,,
kiraly,5,3,5,Kiraly,"CV,HR,MS",name_categories,,,,,,,,,,,occupational,trade,,,,
kodaly zoltan,5,4,5,Intrarea Kodály Zoltán,"BH,CV,SM,TM",persons,Kodály Zoltán,M,1882,1967,interwar,composer,HU,,,,,,,,,
kovacs,5,3,5,Kovacs,"CV,HR,MS",name_categories,,,,,,,,,,,occupational,trade,,,,
kriza janos,5,2,5,Kriza Janos,"CV,HR",persons,Kriza János,M,1811,1875,premodern,poet/folklorist,HU,,,,,,,,,
la biserica,5,4,5,La Biserică,"DB,MM,SJ,VL",name_categories,,,,,,,,,,,religious,institutional,,,,
la cazan,5,4,5,La Cazan,"BT,DB,NT,VL",name_categories,,,,,,,,,,,infrastructure,infrastructure,,,,
la cimitir,5,3,5,La Cimitir,"NT,SJ,VL",name_categories,,,,,,,,,,,commemorative,institutional,,,,
lac,5,3,5,Aleea Lac,"AB,BC,CJ",nature_terms,,,,,,,,,Lac,water,,,,,,
lacatusilor,5,4,5,Lăcătușilor,"AB,GL,HR,SB",name_categories,,,,,,,,,,,occupational,trade,,,,
lagunei,5,3,5,Lagunei,"BZ,CT,B",nature_terms,,,,,,,,,Lagunei,water,,,,,,
lahovari,5,5,5,Lahovari,"AG,CL,IF,NT,VL",persons,Alexandru Lahovari,M,1841,1897,premodern,politician,RO,,,,,,,,,
laptelui,5,4,5,Laptelui,"AR,NT,PH,B",nature_terms,,,,,,,,,Laptelui,food,,,,,,
lastaris,5,5,5,Aleea Lăstăriș,"CT,DB,DJ,OT,PH",nature_terms,,,,,,,,,Lăstăriș,forest,,,,,,
lastun,5,3,5,Fundătura Lăstun,"BZ,HD,TL",nature_terms,,,,,,,,,Lăstun,bird,,,,,,
legumicultorului,5,5,5,Legumicultorului,"BT,DB,GL,TM,VN",name_categories,,,,,,,,,,,occupational,trade,,,,
legumiculturii,5,3,5,Legumiculturii,"BZ,MH,TM",name_categories,,,,,,,,,,,occupational,trade,,,,
lehliu,5,2,4,Lehliu,"CL,B",place_refs,,,,,,,,,,,,,Lehliu,ro_city,RO,
leresti,5,2,3,Aleea Lerești,"AG,B",place_refs,,,,,,,,,,,,,Lerești,ro_village,RO,
lespezi,5,4,5,Lespezi,"MM,VL,VN,B",place_refs,,,,,,,,,,,,,Lespezi,ro_village,RO,
leu,5,4,5,Fundătura Leu,"BZ,GJ,MS,PH",nature_terms,,,,,,,,,Leu,animal,,,,,,
licuriciului,5,4,5,Aleea Licuriciului,"BC,MH,NT,TR",nature_terms,,,,,,,,,Licurici,animal,,,,,,
liliac,5,4,5,Liliac,"AR,MS,SM,VS",nature_terms,,,,,,,,,Liliac,flower,,,,,,
lisa,5,5,5,Lisa,"AG,BV,OT,SB,TR",place_refs,,,,,,,,,,,,,Lisa,ro_village,RO,
liszt ferenc,5,2,5,Liszt Ferenc,"BH,SM",persons,Franz Liszt,M,1811,1886,premodern,compozitor,HU,,,,,,,,,
liszt ferencz,5,4,5,Liszt Ferencz,"AR,BH,TM,MM",persons,Franz Liszt,M,1811,1886,premodern,compozitor,HU,,,,,,,,,
lok,5,1,5,Lok,HR,place_refs,,,,,,,,,,,,,Locodeni,ro_village,RO,
lozovita,5,1,4,Aleea Lozovița,GL,nature_terms,,,,,,,,,Lozovița,plant,,,,,,
ludus,5,4,5,Luduș,"CJ,SB,TM,B",place_refs,,,,,,,,,,,,,Luduș,ro_city,RO,
lunca bisericii,5,4,5,Drumul Lunca Bisericii,"AB,NT,B,IF",nature_terms,,,,,,,,,Lunca Bisericii,meadow,,,,,,
lunca prutului,5,5,5,Drumul Lunca Prutului,"BT,IS,PH,B,IF",place_refs,,,,,,,,,,,,,Lunca Prutului,region,RO,
luncutei,5,2,5,Luncuței,"BC,CJ",nature_terms,,,,,,,,,Luncuța,meadow,,,,,,
luxemburg,5,3,5,Luxemburg,"MS,SB,TM",place_refs,,,,,,,,,,,,,Luxemburg,city,LU,
lyon,5,3,5,Lyon,"CT,DJ,SB",place_refs,,,,,,,,,,,,,Lyon,city,FR,
m. kogalniceanu,5,5,5,M. Kogalniceanu,"AR,CT,GL,MH,VN",persons,Mihail Kogălniceanu,M,1817,1891,premodern,om politic,RO,,,,,,,,,
m. sadoveanu,5,5,5,M. SADOVEANU,"AB,CT,MH,TM,VS",persons,Mihail Sadoveanu,M,1880,1961,interwar,scriitor,RO,,,,,,,,,
macelarului,5,4,4,Măcelarului,"AB,IF,CL,GR",name_categories,,,,,,,,,,,occupational,trade,,,,
maghiara,5,2,4,Maghiară,"HR,SM",name_categories,,,,,,,,,,,commemorative,ethnic,,,,
magnetului,5,3,4,Magnetului,"IS,B,IF",name_categories,,,,,,,,,,,abstract,scientific,,,,
magnolia,5,4,5,Magnolia,"DJ,HR,IF,MS",nature_terms,,,,,,,,,Magnolia,flower,,,,,,
magurele,5,4,5,Măgurele,"AR,HD,VN,IF",place_refs,,,,,,,,,,,,,Măgurele,ro_city,RO,
magureni,5,3,4,Măgureni,"CL,TR,VL",place_refs,,,,,,,,,,,,,Măgureni,ro_village,RO,
maguri,5,5,5,Maguri,"AG,CJ,MH,OT,TM",place_refs,,,,,,,,,,,,,Măguri,ro_village,RO,
maicutelor,5,3,5,Măicuțelor,"BC,BR,VL",name_categories,,,,,,,,,,,religious,clerical,,,,
manastirea putna,5,4,5,Mânăstirea Putna,"GL,IS,TR,B",place_refs,,,,,,,,,,,,,Mănăstirea Putna,ro_monastery,RO,
mandesti,5,4,5,Fundătura Măndești,"GJ,PH,TR,VL",place_refs,,,,,,,,,,,,,Măndești,ro_village,RO,
mandriei,5,3,5,Aleea Mândriei,"AG,B,IF",name_categories,,,,,,,,,,,abstract,virtue,,,,
mangalia,5,3,5,Intrarea Mangalia,"TM,B,IF",place_refs,,,,,,,,,,,,,Mangalia,ro_city,RO,
manta rosie,5,1,2,Manta Roșie,IS,place_refs,,,,,,,,,,,,,Manta Roșie,ro_village,RO,
manu,5,4,5,General Manu,"CT,CL,PH,IF",persons,Gheorghe Manu,M,1833,1911,premodern,general/politician,RO,,,,,,,,,
maria tereza,5,3,5,Maria Tereza,"CS,CT,TM",persons,Maria Tereza,F,1717,1780,premodern,monarch,AT,,,,,,,,,
marisel,5,3,5,Fundătura Mărișel,"AB,BZ,CJ",place_refs,,,,,,,,,,,,,Mărișel,ro_village,RO,
martin luther,5,5,5,Dr. Martin Luther,"AR,BV,CV,MS,TM",persons,Martin Luther,M,1483,1546,medieval,theologian,DE,,,,,,,,,
matasii,5,5,5,Mătăsii,"CJ,MM,OT,TR,VL",name_categories,,,,,,,,,,,trade,textiles,,,,
matei,5,4,5,Matei,"BT,PH,TM,VL",persons,Matei Basarab,M,1580,1654,medieval,ruler,RO,,,,,,,,,
medgidiei,5,1,5,Medgidiei,CT,place_refs,,,,,,,,,,,,,Medgidia,ro_city,RO,
meilor,5,3,5,Meilor,"CT,GL,VN",nature_terms,,,,,,,,,Mei,plant,,,,,,
melodiilor,5,4,5,Melodiilor,"BZ,DB,OT,VL",name_categories,,,,,,,,,,,abstract,art,,,,
merelor,5,4,5,Intrarea Merelor,"GJ,DB,SV,B",nature_terms,,,,,,,,,Măr,fruit,,,,,,
meseriasului,5,4,5,Meseriașului,"BT,IS,CL,OT",name_categories,,,,,,,,,,,occupational,crafts,,,,
micu,5,5,5,Aleea Micu,"AG,GJ,NT,PH,VL",persons,Micu,M,,,premodern,nobil/boier,RO,,,,,,,,,
midia,5,3,5,Drumul Midia,"CT,TL,B",place_refs,,,,,,,,,,,,,Midia,ro_city,RO,
mierii,5,5,5,Mierii,"DB,GR,PH,TM,IF",nature_terms,,,,,,,,,Mierii,food,,,,,,
mihai ciuca,5,3,5,Dr. Mihai Ciucă,"BT,IS,B",persons,Mihai Ciucă,M,1883,1969,interwar,medic,RO,,,,,,,,,
mihai voda,5,3,5,Mihai Vodă,"GL,CL,B",persons,Mihai Viteazul,M,1558,1601,medieval,domnitor,RO,,,,,,,,,
mihail cerchez,5,5,5,General Mihail Cerchez,"DJ,PH,SB,VS,B",persons,Mihail Cerchez,M,1839,1920,premodern,general,RO,,,,,,,,,
mikszath kalman,5,4,5,Mikszath Kalman,"BH,CJ,CV,TM",persons,Mikszáth Kálmán,M,1847,1910,premodern,scriitor,HU,,,,,,,,,
militaru,5,3,5,Militaru,"DB,IF,VL",name_categories,,,,,,,,,,,occupational,military,,,,
miron,5,4,5,Miron,"AG,IS,OT,TL",persons,Miron,M,,,medieval,cleric,RO,,,,,,,,,
miron pompiliu,5,1,4,Aleea Miron Pompiliu,BH,persons,Miron Pompiliu,M,1847,1907,premodern,scriitor,RO,,,,,,,,,
mitrut,5,5,5,Mitrut,"BH,GJ,MM,MH,SJ",persons,Mitrut,M,,,premodern,nume propriu,RO,,,,,,,,,
moara,5,4,5,Moara,"BT,CJ,IS,MH",name_categories,,,,,,,,,,,trade,industrial,,,,
moara de vant,5,3,4,Moara de Vânt,"BC,IS,VS",name_categories,,,,,,,,,,,trade,industrial,,,,
mociulschi leonard,5,5,5,"Mociulschi Leonard, general","BH,BT,BV,CT,CL",persons,Leonard Mociulschi,M,1889,1979,interwar,general,RO,,,,,,,,,
modestiei,5,4,5,Modestiei,"BZ,DB,IF,B",name_categories,,,,,,,,,,,abstract,virtue,,,,
moeciu,5,2,3,Intrarea Moeciu,"AG,B",place_refs,,,,,,,,,,,,,Moeciu,ro_village,RO,
monument,5,3,5,Aleea Monument,"DB,SB,TL",name_categories,,,,,,,,,,,commemorative,monument,,,,
monumentul eroilor,5,3,5,Monumentul Eroilor,"GJ,IF,OT",name_categories,,,,,,,,,,,commemorative,monument,,,,
moraru,5,5,5,Moraru,"AG,DB,NT,SV,VN",name_categories,,,,,,,,,,,occupational,trade,,,,
motorului,5,4,5,Motorului,"BT,MM,SJ,B",name_categories,,,,,,,,,,,infrastructure,industrial,,,,
mozaicului,5,3,4,Aleea Mozaicului,"IS,SB,B",name_categories,,,,,,,,,,,abstract,artistic,,,,
mugurel,5,5,5,Aleea Mugurel,"AB,CT,MM,TL,B",nature_terms,,,,,,,,,Mugurel,plant,,,,,,
muncei,5,3,5,Muncei,"BC,GJ,VN",nature_terms,,,,,,,,,Muncei,geography,,,,,,
munteanu,5,5,5,Maior Munteanu,"GJ,NT,OT,VS,VL",persons,Munteanu,M,,,premodern,militar,RO,,,,,,,,,
muntele gaina,5,5,5,Drumul Muntele Găina,"AR,BH,HD,B,IF",place_refs,,,,,,,,,,,,,Muntele Găina,mountain_peak,RO,
muntele mic,5,2,4,Muntele Mic,"CS,TM",place_refs,,,,,,,,,,,,,Muntele Mic,mountain,RO,
muntii apuseni,5,4,5,Munții Apuseni,"CJ,IF,PH,B",place_refs,,,,,,,,,,,,,Munții Apuseni,mountain,RO,
murfatlar,5,3,4,Intrarea Murfatlar,"CT,TM,B",place_refs,,,,,,,,,,,,,Murfatlar,ro_city,RO,
muzicienilor,5,3,5,Muzicienilor,"IF,CL,TR",name_categories,,,,,,,,,,,occupational,arts,,,,
nades,5,3,3,Intrarea Nadeș,"CV,B,IF",place_refs,,,,,,,,,,,,,Nadeș,ro_village,RO,
nae ionescu,5,4,5,Filozof Nae Ionescu,"BC,BR,IS,OT",persons,Nae Ionescu,M,1890,1940,interwar,filozof,RO,,,,,,,,,
nazarcea,5,2,4,Fundătura Nazarcea,"CT,B",place_refs,,,,,,,,,,,,,Nazarcea,ro_village,RO,
neagra,5,4,5,Neagra,"BV,BR,CJ,SV",nature_terms,,,,,,,,,Neagră,water,,,,,,
necunoscut,5,5,5,Eroul Necunoscut,"AR,BH,DJ,PH,VS",name_categories,,,,,,,,,,,commemorative,military,,,,
nedelcu,5,5,5,Maior Nedelcu,"BZ,DB,PH,SV,VS",persons,Nedelcu,M,,,premodern,militar,RO,,,,,,,,,
negoi,5,3,5,Negoi,"AR,GR,SB",place_refs,,,,,,,,,,,,,Negoi,mountain_peak,RO,
negru,5,3,5,Drumul Negru,"IS,IF,TM",nature_terms,,,,,,,,,Negru,geography,,,,,,
nicodim,5,3,5,Nicodim,"MH,PH,B",persons,Nicodim Munteanu,M,1864,1948,interwar,patriarh,RO,,,,,,,,,
nicolae,5,4,4,Nicolae,"CJ,SV,TM,VN",persons,Nicolae,M,,,medieval,sfânt,,,,,,,,,,
nicolae boboc,5,4,5,Aleea Nicolae Boboc,"AR,BV,HD,TM",persons,Nicolae Boboc,M,1920,1999,communist,aviator,RO,,,,,,,,,
nicolae costin,5,3,5,Nicolae Costin,"GL,IS,SV",persons,Nicolae Costin,M,1660,1712,medieval,"cronicar, logofăt",RO,,,,,,,,,
nicolae dascalescu,5,4,5,Bulevardul General Nicolae Dăscălescu,"CJ,HD,NT,TR",persons,Nicolae Dăscălescu,M,1884,1969,interwar,general,RO,,,,,,,,,
nicu enea,5,1,5,Nicu Enea,BC,persons,Nicu Enea,M,1897,1946,interwar,pictor,RO,,,,,,,,,
nikolaus lenau,5,4,5,Nikolaus Lenau,"AR,CS,SB,TM",persons,Nikolaus Lenau,M,1802,1850,premodern,poet,AT,,,,,,,,,
nirajului,5,2,5,Nirajului,"CJ,MS",place_refs,,,,,,,,,,,,,Niraj,river,RO,
nisip,5,5,5,Aleea Nisip,"BZ,DB,DJ,TM,VL",nature_terms,,,,,,,,,Nisip,geography,,,,,,
nistru,5,3,5,Nistru,"CJ,MH,TM",place_refs,,,,,,,,,,,,,Nistru,river,MD,
nr. 52,5,5,5,Nr. 52,"DJ,MH,NT,PH,VS",name_categories,,,,,,,,,,,infrastructure,numeric,,,,
nr. 58,5,5,5,Strada Nr. 58,"DJ,MH,NT,PH,VS",name_categories,,,,,,,,,,,infrastructure,numeric,,,,
nr. 60,5,5,5,Strada Nr. 60,"AR,DJ,MH,PH,VS",name_categories,,,,,,,,,,,infrastructure,numeric,,,,
nucet,5,5,5,Nucet,"AB,AR,BZ,GJ,HD",place_refs,,,,,,,,,,,,,Nucet,ro_city,RO,
oancea,5,5,5,OANCEA,"AG,BZ,IS,MM,VN",place_refs,,,,,,,,,,,,,Oancea,ro_village,RO,
octav onicescu,5,1,5,Octav Onicescu,BT,persons,Octav Onicescu,M,1892,1983,communist,matematician,RO,,,,,,,,,
octavian raianu,5,1,3,Aleea Octavian Raianu,IS,persons,Octavian Raianu,M,1905,1985,communist,profesor,RO,,,,,,,,,
odei,5,3,4,Odei,"VS,B,IF",nature_terms,,,,,,,,,Odei,geography,,,,,,
ogradei,5,3,4,Intrarea Ogradei,"GR,IF,B",nature_terms,,,,,,,,,Ogradă,geography,,,,,,
oituzului,5,5,5,Oituzului,"BN,BT,MS,TM,VS",place_refs,,,,,,,,,,,,,Oituz,ro_village,RO,
olimpia,5,4,5,Olimpia,"IL,SM,TR,TM",name_categories,,,,,,,,,,,mythology,ancient,,,,
oltea doamna,5,3,5,Oltea Doamna,"IS,SV,VS",persons,Oltea Doamna,F,,1505,medieval,nobilă,RO,,,,,,,,,
operei,5,5,5,Aleea Operei,"CT,DJ,HD,TM,B",name_categories,,,,,,,,,,,institutional,cultural,,,,
opresti,5,3,4,Oprești,"DB,OT,VL",place_refs,,,,,,,,,,,,,Oprești,ro_village,RO,
oravita,5,4,5,Oravița,"CJ,TM,B,IF",place_refs,,,,,,,,,,,,,Oravița,ro_city,RO,
orhideiei,5,4,5,Orhideiei,"GJ,NT,OT,TM",nature_terms,,,,,,,,,Orhideei,flower,,,,,,
ovidiu cotrus,5,2,5,Ovidiu Cotrus,"BH,TM",persons,Ovidiu Cotruș,M,1913,1977,interwar,poet,RO,,,,,,,,,
paharnicului,5,3,5,Paharnicului,"BT,NT,B",name_categories,,,,,,,,,,,occupational,trade,,,,
pal,5,2,5,Pal,"CV,HR",,,,,,,,,,,,,,,,,
panait donici,5,2,4,PANAIT DONICI,"NT,VL",persons,Panait Donici,M,1824,1873,premodern,general,RO,,,,,,,,,
pandurului,5,4,4,Aleea Pandurului,"BT,CT,MH,OT",name_categories,,,,,,,,,,,commemorative,military,,,,
paradisul verde,5,3,4,Bulevardul Paradisul Verde,"CJ,IS,IF",name_categories,,,,,,,,,,,abstract,ideological,,,,
paraiasului,5,2,5,Aleea Pârâiașului,"BN,VL",nature_terms,,,,,,,,,Pârâiașului,water,,,,,,
parasutistilor,5,4,4,Parașutiștilor,"BZ,CJ,IF,PH",name_categories,,,,,,,,,,,occupational,military,,,,
paraul soci,5,3,5,Pârâul Soci,"BC,NT,VN",nature_terms,,,,,,,,,Pârâul Soci,water,,,,,,
parc industrial,5,4,5,Parc Industrial,"SM,SJ,SB,VL",name_categories,,,,,,,,,,,infrastructure,institutional,,,,
parloage,5,5,5,Drumul Pârloage,"AB,OT,SV,VL,VN",nature_terms,,,,,,,,,Pârloage,geography,,,,,,
paroseni,5,4,5,Paroșeni,"AR,DJ,HD,B",place_refs,,,,,,,,,,,,,Paroșeni,ro_village,RO,
partizani,5,3,5,Partizani,"GR,MH,TL",name_categories,,,,,,,,,,,commemorative,military,,,,
pasarea,5,4,5,Pasărea,"IF,TR,B,GR",nature_terms,,,,,,,,,Pasărea,geography,,,,,,
pascului,5,4,5,PASCULUI,"BC,BN,SJ,VN",nature_terms,,,,,,,,,Pășunii,meadow,,,,,,
pastorel teodoreanu,5,2,5,Păstorel Teodoreanu,"BT,IS",persons,Păstorel Teodoreanu,M,1894,1964,interwar,writer,RO,,,,,,,,,
paul constantinescu,5,4,4,Paul Constantinescu,"AR,CT,PH,TM",persons,Paul Constantinescu,M,1909,1963,interwar,composer,RO,,,,,,,,,
pavelescu cincinat,5,5,5,Pavelescu Cincinat,"AR,BV,CT,TM,VN",persons,Cincinat Pavelescu,M,1872,1934,interwar,poet,RO,,,,,,,,,
pe fata,5,5,5,Pe Față,"DJ,MM,MH,PH,SJ",name_categories,,,,,,,,,,,abstract,toponymic,,,,
peleaga,5,3,4,Peleaga,"AB,CS,B",place_refs,,,,,,,,,,,,,Peleaga,mountain_peak,RO,
peles,5,5,5,Peleș,"CT,CV,SM,B,IF",place_refs,,,,,,,,,,,,,Peleș,river,RO,
penteleu,5,2,4,Calea Penteleu,"BZ,B",place_refs,,,,,,,,,,,,,Penteleu,mountain,RO,
perelor,5,4,5,Intrarea Perelor,"GJ,IF,SB,B",nature_terms,,,,,,,,,Perelor,fruit,,,,,,
peri,5,4,5,Peri,"BT,GL,HD,TR",nature_terms,,,,,,,,,Peri,tree,,,,,,
perjului,5,2,5,Perjului,"BC,VS",nature_terms,,,,,,,,,Perjului,fruit,,,,,,
pescari,5,5,5,Pescari,"DB,GL,IL,IF,OT",name_categories,,,,,,,,,,,occupational,trade,,,,
petofi sandor utca,5,4,5,Petőfi Sándor utca,"AR,BH,SM,TM",persons,Petőfi Sándor,M,1823,1849,1848,poet,HU,,,,,,,,,
petre antonescu,5,3,4,Arh. Petre Antonescu,"BZ,SB,B",persons,Petre Antonescu,M,1873,1965,communist,architect,RO,,,,,,,,,
petre dulfu,5,3,5,Petre Dulfu,"CJ,MM,SJ",persons,Petre Dulfu,M,1856,1953,communist,writer,RO,,,,,,,,,
petrila,5,5,5,Bulevardul Petrila,"DJ,MS,SB,B,IF",place_refs,,,,,,,,,,,,,Petrila,ro_city,RO,
pianului,5,4,5,Pianului,"BT,OT,TR,TM",name_categories,,,,,,,,,,,abstract,cultural,,,,
piata garii,5,5,5,Piața Gării,"CT,DJ,MS,OT,TR",name_categories,,,,,,,,,,,infrastructure,transport,,,,
piata veche,5,3,5,Aleea Piața Veche,"GL,SB,TL",name_categories,,,,,,,,,,,infrastructure,urban,,,,
piatra,5,4,5,Aleea Piatra,"AB,SV,TL,VL",nature_terms,,,,,,,,,Piatra,geography,,,,,,
pieptanari,5,4,5,Bulevardul Pieptănari,"IS,GR,PH,B",name_categories,,,,,,,,,,,occupational,trade,,,,
pietrenilor,5,3,5,Pietrenilor,"CT,TR,VL",name_categories,,,,,,,,,,,commemorative,demonym,,,,
pietroasei,5,5,5,Pietroasei,"CS,MM,MS,OT,VN",nature_terms,,,,,,,,,Pietroasei,geography,,,,,,
piscicolei,5,4,5,PISCICOLEI,"BT,CL,TR,TL",name_categories,,,,,,,,,,,occupational,trade,,,,
pitagora,5,2,5,Pitagora,"BH,B",persons,Pitagora,M,-570,-495,ancient,filozof,GR,,,,,,,,,
pitigoilor,5,4,4,Pitigoilor,"CJ,DJ,IF,OT",nature_terms,,,,,,,,,Pitiigoi,bird,,,,,,
plopis,5,3,5,Plopiș,"AG,CJ,VL",place_refs,,,,,,,,,,,,,Plopiș,ro_village,RO,
poarta luncii,5,2,3,Poarta Luncii,"GR,VL",nature_terms,,,,,,,,,Poarta Luncii,geography,,,,,,
podiac,5,2,4,Aleea Podiac,"BZ,VN",,,,,,,,,,,,,,,,,
podu analt,5,3,5,Podu Înalt,"BT,IS,VS",place_refs,,,,,,,,,,,,,Podu Înalt,battle_site,RO,
podul nou,5,5,5,Podul Nou,"HR,IL,NT,SB,VS",name_categories,,,,,,,,,,,infrastructure,commemorative,,,,
poienarilor,5,4,5,Poienarilor,"BV,CJ,GJ,GR",nature_terms,,,,,,,,,Poiană,meadow,,,,,,
pop de basesti gheorghe,5,5,5,Pop de Băsești Gheorghe,"AB,BH,MS,SB,TM",persons,Gheorghe Pop de Băsești,M,1835,1919,premodern,politician,RO,,,,,,,,,
pop gheorghe de basesti,5,5,5,Pop Gheorghe de Băsești,"BN,CJ,MM,SJ,B",persons,Gheorghe Pop de Băsești,M,1835,1919,premodern,politician,RO,,,,,,,,,
popinei,5,2,5,Popinei,"IL,TL",nature_terms,,,,,,,,,Popină,geography,,,,,,
popovici,5,5,5,Maior Popovici,"AR,IS,IL,PH,VS",persons,Popovici,M,,,interwar,militar,RO,,,,,,,,,
portile de fier,5,3,4,Bulevardul Porțile de Fier,"CJ,MH,B",place_refs,,,,,,,,,,,,,Porțile de Fier,geography,RO,
portocalului,5,3,5,PORTOCALULUI,"GR,MH,TM",nature_terms,,,,,,,,,Portocal,tree,,,,,,
porumbacu,5,3,4,Porumbacu,"GL,PH,B",place_refs,,,,,,,,,,,,,Porumbacu,ro_village,RO,
porumbei,5,4,5,Porumbei,"DB,HD,MS,NT",nature_terms,,,,,,,,,Porumbel,bird,,,,,,
porumbitei,5,4,4,Intrarea Porumbiței,"AR,DJ,IS,PH",nature_terms,,,,,,,,,Porumbiță,bird,,,,,,
postalionului,5,3,4,Drumul Poștalionului,"BT,B,IF",name_categories,,,,,,,,,,,infrastructure,trade,,,,
potcovari,5,4,5,Potcovari,"DB,PH,TR,TL",name_categories,,,,,,,,,,,occupational,trade,,,,
potopului,5,2,5,Potopului,"DB,MS",nature_terms,,,,,,,,,Potopului,weather,,,,,,
praporgescu david,5,5,5,"Praporgescu David, g-ral.","BH,BR,GL,SB,B",persons,David Praporgescu,M,1873,1916,interwar,general,RO,,,,,,,,,
pravat,5,2,3,Aleea Pravăț,"AG,B",nature_terms,,,,,,,,,Pravăț,geography,,,,,,
preciziei,5,4,5,Preciziei,"DJ,GJ,B,IF",name_categories,,,,,,,,,,,abstract,concept,,,,
prigoriei,5,2,4,Prigoriei,"PH,IF",nature_terms,,,,,,,,,Prigoriei,bird,,,,,,
primarie,5,3,5,Primărie,"GJ,VL,DB",name_categories,,,,,,,,,,,institutional,administration,,,,
primarilor,5,4,5,Primarilor,"CT,DJ,GJ,TR",name_categories,,,,,,,,,,,occupational,administration,,,,
principala b,5,4,5,Principală B,"BZ,MS,PH,SJ",name_categories,,,,,,,,,,,infrastructure,street_naming,,,,
proiectantului,5,2,4,Aleea Proiectantului,"BC,SM",name_categories,,,,,,,,,,,occupational,technical,,,,
providentei,5,2,5,Providenței,"BC,NT",name_categories,,,,,,,,,,,religious,theological,,,,
prundeni,5,2,3,Intrarea Prundeni,"MH,B",place_refs,,,,,,,,,,,,,Prundeni,ro_village,RO,
prundisului,5,5,5,Prundișului,"GJ,IS,PH,SM,VL",nature_terms,,,,,,,,,Prundișului,geography,,,,,,
prunelor,5,4,5,Aleea Prunelor,"AB,GJ,HR,SB",nature_terms,,,,,,,,,Prunelor,fruit,,,,,,
puietilor,5,3,3,Intrarea Puieților,"CJ,B,IF",nature_terms,,,,,,,,,Puieților,tree,,,,,,
puscasului,5,4,5,Pușcașului,"IS,SB,B,IF",name_categories,,,,,,,,,,,occupational,military,,,,
rachitis,5,3,5,Răchitis,"BC,BN,SV",nature_terms,,,,,,,,,Răchitiș,geography,,,,,,
radarului,5,3,5,Radarului,"CT,IF,B",name_categories,,,,,,,,,,,infrastructure,technology,,,,
radu,5,3,4,Episcopul Radu,"IL,IF,B",persons,Radu,M,,,medieval,cleric,RO,,,,,,,,,
radu greceanu,5,4,5,Radu Greceanu,"BH,DB,SV,B",persons,Radu Greceanu,M,1651,1710,medieval,chronicler,RO,,,,,,,,,
radu popescu,5,4,5,Radu Popescu,"BR,DB,OT,B",persons,Radu Popescu,M,1655,1729,medieval,chronicler,RO,,,,,,,,,
radu rosetti,5,4,5,General Radu Rosetti,"BC,GL,IS,TM",persons,Radu Rosetti,M,1877,1949,interwar,"General, historian",RO,,,,,,,,,
radulescu,5,4,5,Rădulescu,"AG,BT,DB,VL",persons,Ilie Rădulescu,M,,,premodern,General,RO,,,,,,,,,
radulesti,5,5,5,Rădulești,"AG,DB,GR,PH,VL",place_refs,,,,,,,,,,,,,Rădulești,ro_village,RO,
rafinariei,5,4,5,Rafinăriei,"AG,BC,PH,SB",name_categories,,,,,,,,,,,infrastructure,industrial,,,,
ramnic,5,4,4,Intrarea Râmnic,"BT,NT,B,IF",place_refs,,,,,,,,,,,,,Râmnic,ro_city,RO,
ramurele,5,3,5,Rămurele,"IF,MS,B",nature_terms,,,,,,,,,Rămurele,geography,,,,,,
randunele,5,3,5,Rândunele,"BV,MS,TR",nature_terms,,,,,,,,,Rândunele,bird,,,,,,
raraului,5,3,5,Rarăului,"GR,PH,SV",place_refs,,,,,,,,,,,,,Rarău,mountain,RO,
raristei,5,5,5,Fundătura Rariștei,"AB,CT,PH,TR,B",nature_terms,,,,,,,,,Rariște,meadow,,,,,,
rasnov,5,5,5,Râsnov,"AB,AR,DJ,SB,B",place_refs,,,,,,,,,,,,,Râșnov,ro_city,RO,
rasuri,5,3,4,Intrarea Răsuri,"CT,OT,B",nature_terms,,,,,,,,,Răsuri,geography,,,,,,
rat,5,4,5,Rât,"BH,CJ,MS,SM",nature_terms,,,,,,,,,Rât,meadow,,,,,,
ratesti,5,5,5,Rațești,"BZ,CJ,GR,PH,SM",place_refs,,,,,,,,,,,,,Rațești,ro_village,RO,
ratiu,5,3,4,Dr. Rațiu,"CT,VS,B",persons,Ioan Rațiu,M,1828,1902,premodern,Politician,RO,,,,,,,,,
ratiu ion,5,4,5,Rațiu Ion,"BV,CJ,SB,TM",persons,Ion Rațiu,M,1917,2000,communist,Politician,RO,,,,,,,,,
raul doamnei,5,3,5,Râul Doamnei,"AG,B,IF",place_refs,,,,,,,,,,,,,Râul Doamnei,river,RO,
raul vedea,5,3,5,Râul Vedea,"TR,B,IF",place_refs,,,,,,,,,,,,,Vedea,river,RO,
razei,5,3,5,Intrarea Razei,"BZ,GL,OT",nature_terms,,,,,,,,,Rază,sky,,,,,,
resitei,5,3,5,Reșiței,"AR,CS,TM",place_refs,,,,,,,,,,,,,Reșița,ro_city,RO,
rezervorului de apa,5,3,5,Rezervorului de Apă,"BC,BZ,PH",name_categories,,,,,,,,,,,infrastructure,utility,,,,
rocilor,5,4,5,Intrarea Rocilor,"PH,TM,B,IF",nature_terms,,,,,,,,,Roci,geography,,,,,,
rodna,5,5,5,Rodna,"BV,CJ,DJ,MH,SB",place_refs,,,,,,,,,,,,,Rodna,ro_village,RO,
rogoaza,5,4,5,Rogoaza,"GJ,SJ,VS,VN",nature_terms,,,,,,,,,Rogoază,plant,,,,,,
rogoz,5,4,5,Rogoz,"AG,OT,SM,VL",nature_terms,,,,,,,,,Rogoz,plant,,,,,,
romei,5,4,5,Romei,"AR,PH,VS,VN",place_refs,,,,,,,,,,,,,Roma,city,IT,
romul ladea,5,4,5,Romul Ladea,"AR,CS,CJ,TM",persons,Romul Ladea,M,1901,1970,communist,sculptor,RO,,,,,,,,,
rotaru,5,5,5,ROTARU,"GJ,IF,NT,TR,VN",name_categories,,,,,,,,,,,occupational,trade,,,,
rovina,5,3,5,Rovina,"DB,TM,VL",nature_terms,,,,,,,,,Rovină,geography,,,,,,
rozsa,5,2,5,Rózsa,"HR,MS",name_categories,,,,,,,,,,,commemorative,commemorative,,,,
rozsa utca,5,4,5,Rozsa utca,"AR,HR,MS,TM",name_categories,,,,,,,,,,,commemorative,commemorative,,,,
rubin,5,4,5,Rubin,"BH,CT,PH,TM",nature_terms,,,,,,,,,Rubin,geography,,,,,,
ruginoasa,5,4,5,Ruginoasa,"PH,VS,VL,B",place_refs,,,,,,,,,,,,,Ruginoasa,ro_village,RO,
rulmentului,5,4,5,Rulmentului,"SB,SV,B,IF",name_categories,,,,,,,,,,,infrastructure,institutional,,,,
rusciori,5,3,5,Rusciori,"OT,SB,SV",place_refs,,,,,,,,,,,,,Rusciori,ro_village,RO,
s.m.a.,5,5,5,Aleea S.M.A.,"IL,MM,NT,SV,TR",name_categories,,,,,,,,,,,institutional,institutional,,,,
sabareni,5,2,3,Drumul Săbăreni,"IF,B",place_refs,,,,,,,,,,,,,Săbăreni,ro_village,RO,
safir,5,4,5,Safir,"BH,CT,PH,VS",nature_terms,,,,,,,,,Safir,geography,,,,,,
sagetii,5,5,5,Aleea Săgeții,"GL,IS,TM,VN,B",name_categories,,,,,,,,,,,abstract,abstract,,,,
salcilor,5,5,5,Strada Sălcilor,"BN,MS,SM,SB,TM",nature_terms,,,,,,,,,Sălcii,tree,,,,,,
salcutei,5,2,5,Strada Salcutei,"MH,B",place_refs,,,,,,,,,,,,,Sălcuța,ro_village,RO,
salistea,5,3,5,Strada Săliștea,"DJ,OT,VL",place_refs,,,,,,,,,,,,,Săliștea,ro_village,RO,
salzburg,5,3,5,Salzburg,"GL,SB,TM",place_refs,,,,,,,,,,,,,Salzburg,city,AT,
saniutei,5,5,5,Strada Săniuței,"CT,CL,IL,NT,VN",name_categories,,,,,,,,,,,abstract,recreation,,,,
santana,5,2,5,Drumul Sântana,"MS,B",place_refs,,,,,,,,,,,,,Sântana,ro_city,RO,
sapunari,5,3,5,Strada Săpunari,"PH,VN,B",place_refs,,,,,,,,,,,,,Săpunari,ro_village,RO,
saratii,5,4,4,Prelungirea Sărății,"BC,BZ,CJ,PH",nature_terms,,,,,,,,,Sărata,water,,,,,,
satmarel,5,1,4,Sătmărel,SM,place_refs,,,,,,,,,,,,,Sătmărel,ro_village,RO,
scatiului,5,5,5,Scatiului,"BR,CL,TM,VS,IF",nature_terms,,,,,,,,,Scatiu,bird,,,,,,
scoicilor,5,5,5,Scoicilor,"CT,IL,TL,B,IF",nature_terms,,,,,,,,,Scoică,animal,,,,,,
scolarilor,5,4,5,Aleea Școlarilor,"BT,CT,GJ,B",name_categories,,,,,,,,,,,institutional,education,,,,
scolii noi,5,4,5,Strada Școlii Noi,"BC,IL,SJ,SV",name_categories,,,,,,,,,,,institutional,education,,,,
scolii vechi,5,5,5,Strada Școlii Vechi,"DJ,IL,NT,SV,TM",name_categories,,,,,,,,,,,institutional,education,,,,
seci,5,4,5,Seci,"GJ,MM,PH,VL",nature_terms,,,,,,,,,Seci,geography,,,,,,
secu,5,4,5,Secu,"HR,IF,NT,SV",place_refs,,,,,,,,,,,,,Secu,ro_village,RO,
sediului,5,4,5,Sediului,"BT,BZ,CS,SJ",name_categories,,,,,,,,,,,infrastructure,administrative,,,,
selari,5,4,5,Strada Șelari,"AR,AG,GR,B",name_categories,,,,,,,,,,,trade,crafts,,,,
selena,5,4,5,Selena,"AB,CT,OT,TM",name_categories,,,,,,,,,,,mythology,astronomy,,,,
semnalului,5,3,4,Semnalului,"PH,SV,B",name_categories,,,,,,,,,,,infrastructure,communication,,,,
sextil puscariu,5,4,5,Acad. Sextil Pușcariu,"BH,BV,CJ,TM",persons,Sextil Pușcariu,M,1877,1948,interwar,linguist,RO,,,,,,,,,
sfantul nicolae,5,4,4,Sfîntul Nicolae,"DJ,CL,OT,SV",name_categories,,,,,,,,,,,religious,saints,,,,
sferei,5,4,5,Sferei,"GL,PH,TM,IF",name_categories,,,,,,,,,,,abstract,geometry,,,,
sibiel,5,4,4,Aleea Sibiel,"AB,SB,TM,B",place_refs,,,,,,,,,,,,,Sibiel,ro_village,RO,
sighisoara,5,4,5,Sighișoara,"AR,IF,SM,B",place_refs,,,,,,,,,,,,,Sighișoara,ro_city,RO,
sikator,5,5,5,Sikátor,"BN,CJ,HR,SM,SJ",place_refs,,,,,,,,,,,,,Sikátor,city,HU,
silvestru,5,4,4,Silvestru,"DJ,IS,TL,B",persons,Silvestru,M,,335,ancient,Pope,IT,,,,,,,,,
sipetului,5,3,5,Intrarea Sipetului,"TM,B,IF",nature_terms,,,,,,,,,Sipet,geography,,,,,,
sipotel,5,2,4,Fundătura Șipoțel,"AG,IS",nature_terms,,,,,,,,,Șipoțel,water,,,,,,
siriului,5,4,5,Siriului,"BZ,CL,PH,B",place_refs,,,,,,,,,,,,,Siriu,mountain,RO,
sistemului,5,2,5,Sistemului,"DJ,CL",name_categories,,,,,,,,,,,abstract,technical,,,,
sitarilor,5,4,5,Sitarilor,"CJ,MS,PH,SV",nature_terms,,,,,,,,,Sitar,bird,,,,,,
slatioara,5,4,5,Aleea Slătioara,"BC,CL,SV,B",place_refs,,,,,,,,,,,,,Slătioara,ro_village,RO,
smarald,5,4,5,Smarald,"BH,CT,PH,TM",nature_terms,,,,,,,,,Smarald,geography,,,,,,
smirdan,5,5,5,Smirdan,"BV,CT,NT,TM,VN",place_refs,,,,,,,,,,,,,Smârdan,battle_site,RO,
smochinelor,5,3,5,Smochinelor,"BT,IF,MH",nature_terms,,,,,,,,,Smochin,fruit,,,,,,
sobarilor,5,4,5,Sobarilor,"BZ,CJ,GR,PH",name_categories,,,,,,,,,,,occupational,trade,,,,
soferilor,5,4,5,Strada Șoferilor,"AB,CJ,IL,PH",name_categories,,,,,,,,,,,occupational,transport,,,,
soferului,5,5,5,Șoferului,"DB,NT,SJ,SV,VS",name_categories,,,,,,,,,,,occupational,transport,,,,
somuz,5,1,5,Șomuz,SV,place_refs,,,,,,,,,,,,,Șomuz,river,RO,
sorin titel,5,3,5,Sorin Titel,"CS,CT,TM",persons,Sorin Titel,M,1935,1985,communist,writer,RO,,,,,,,,,
soskut,5,2,5,Sóskút,"HR,MS",place_refs,,,,,,,,,,,,,Sóskút,city,HU,
spulber,5,2,5,Fundătura Spulber,"VN,B",place_refs,,,,,,,,,,,,,Spulber,ro_village,RO,
stalpului,5,3,5,Strada Stâlpului,"BT,BZ,VN",nature_terms,,,,,,,,,Stâlpului,geography,,,,,,
stana de vale,5,4,5,Strada Stâna de Vale,"AB,BH,MS,B",place_refs,,,,,,,,,,,,,Stâna de Vale,resort,RO,
stanculesti,5,1,5,Strada Stănculești,VL,place_refs,,,,,,,,,,,,,Stănculești,ro_village,RO,
stancutei,5,5,5,Strada Stăncuței,"BT,BR,IS,TM,IF",nature_terms,,,,,,,,,Stăncuței,bird,,,,,,
stanelor,5,4,5,Strada Stânelor,"CT,IS,PH,TL",nature_terms,,,,,,,,,Stânelor,geography,,,,,,
staruintei,5,4,4,Strada Stăruinței,"CJ,IS,IF,PH",name_categories,,,,,,,,,,,abstract,virtue,,,,
statiei de epurare,5,4,5,Stației De Epurare,"CJ,OT,SJ,VL",name_categories,,,,,,,,,,,infrastructure,utility,,,,
steaua,5,2,5,Intrarea Steaua,"CL,TM",nature_terms,,,,,,,,,Steaua,sky,,,,,,
stefan constantin,5,4,4,Prof. Ștefan Constantin,"AG,DJ,TR,B",persons,Ștefan Constantin,M,,,interwar,professor,RO,,,,,,,,,
stefan stanca,5,5,5,Doctor Ștefan Stîncă,"CT,DB,HD,IS,SB",persons,Ștefan Stâncă,M,1865,1897,premodern,physician/socialist activist,RO,,,,,,,,,
stejaru,5,5,5,Fundătura Stejaru,"GL,GR,SB,TR,VN",nature_terms,,,,,,,,,Stejaru,tree,,,,,,
stiubei,5,5,5,Strada Știubei,"BN,BZ,NT,SV,B",nature_terms,,,,,,,,,Știubei,geography,,,,,,
stockholm,5,3,5,Stockholm,"CL,TM,B",place_refs,,,,,,,,,,,,,Stockholm,city,SE,
stoicanesti,5,3,5,Stoicănești,"BZ,VL,B",place_refs,,,,,,,,,,,,,Stoicănești,ro_village,RO,
str. 1,5,4,5,Str. 1,"AR,MM,MS,SM",name_categories,,,,,,,,,,,infrastructure,numeric,,,,
str. 2,5,4,5,Str. 2,"AR,MM,MS,SM",name_categories,,,,,,,,,,,infrastructure,numeric,,,,
strada 2,5,4,5,Strada 2,"AR,BH,BV,VS",name_categories,,,,,,,,,,,infrastructure,numeric,,,,
strada 3,5,4,5,Strada 3,"AR,BH,BV,VS",name_categories,,,,,,,,,,,infrastructure,numeric,,,,
strada 5,5,5,5,Strada 5,"AR,BH,BV,TM,VS",name_categories,,,,,,,,,,,infrastructure,numeric,,,,
strapungerii,5,2,5,Strada Străpungerii,"IS,VN",name_categories,,,,,,,,,,,infrastructure,urban_planning,,,,
stroe belloescu,5,1,3,Fundătura Stroe Belloescu,VS,persons,Stroe Belloescu,M,1848,1912,premodern,philanthropist and teacher,RO,,,,,,,,,
sudorului,5,3,5,Aleea Sudorului,"GR,PH,VN",name_categories,,,,,,,,,,,occupational,trade,,,,
suhatului,5,3,5,Strada Suhatului,"BC,SV,VS",nature_terms,,,,,,,,,Suhat,meadow,,,,,,
suisului,5,2,5,Strada Suișului,"BH,IS",name_categories,,,,,,,,,,,infrastructure,topography,,,,
szabadsag utca,5,4,5,Szabadság utca,"AR,BH,SM,TM",name_categories,,,,,,,,,,,abstract,ideological,,,,
tabacului,5,2,5,Strada Tabacului,"IS,VL",name_categories,,,,,,,,,,,occupational,trade,,,,
tablei,5,4,5,Strada Tablei,"BC,BT,BV,CT",name_categories,,,,,,,,,,,infrastructure,topography,,,,
tamas,5,4,5,Tamas,"BV,CV,HR,IF",persons,Tamas,M,,,medieval,historical figure,HU,,,,,,,,,
tanase constantin,5,5,5,Strada Tănase Constantin,"BH,OT,VS,B,IF",persons,Constantin Tănase,M,1880,1945,interwar,actor,RO,,,,,,,,,
tarafului,5,4,5,Intrarea Tarafului,"AR,GR,TR,B",name_categories,,,,,,,,,,,abstract,cultural,,,,
targu jiu,5,3,5,Strada Târgu Jiu,"GJ,IF,B",place_refs,,,,,,,,,,,,,Târgu Jiu,ro_city,RO,
tarsa,5,3,5,Strada Târsa,"AB,HD,VL",place_refs,,,,,,,,,,,,,Târsa,ro_village,RO,
tazlau,5,4,5,Aleea Tazlău,"CJ,PH,TM,B",place_refs,,,,,,,,,,,,,Tazlău,river,RO,
teascului,5,4,5,Strada Teascului,"IS,TM,B,IF",name_categories,,,,,,,,,,,occupational,trade,,,,
teisani,5,3,5,Aleea Teișani,"DB,IF,B",place_refs,,,,,,,,,,,,,Teișani,ro_village,RO,
teiul doamnei,5,2,3,Aleea Teiul Doamnei,"DB,B",nature_terms,,,,,,,,,Teiul Doamnei,tree,,,,,,
teleorman,5,5,5,Strada Teleorman,"AG,CJ,SB,TR,IF",place_refs,,,,,,,,,,,,,Teleorman,region,RO,
telita,5,2,3,Strada Telița,"CT,B",place_refs,,,,,,,,,,,,,Telița,ro_village,RO,
temeto utca,5,3,5,Temető utca,"BH,SM,TM",name_categories,,,,,,,,,,,infrastructure,institutional,,,,
teodorescu,5,4,5,Căpitan Teodorescu,"AG,BT,DB,IL",persons,Teodorescu,M,,,premodern,military,RO,,,,,,,,,
tiberiu olah,5,4,5,Strada Tiberiu Olah,"AR,IF,PH,B",persons,Tiberiu Olah,M,1928,2002,communist,composer,RO,,,,,,,,,
tiglina,5,4,4,Strada Țiglina,"DJ,GL,MM,B",place_refs,,,,,,,,,,,,,Țiglina,ro_city,RO,
tihuta,5,5,5,Aleea Tihuța,"AB,BN,CL,MH,B",place_refs,,,,,,,,,,,,,Tihuța,mountain,RO,
timotei popovici,5,3,5,Intrarea Timotei Popovici,"CS,SB,TM",persons,Timotei Popovici,M,1870,1950,interwar,composer,RO,,,,,,,,,
timpuri noi,5,3,5,Strada Timpuri Noi,"CT,TR,TL",name_categories,,,,,,,,,,,ideological,communist,,,,
tinca,5,3,5,Strada Tinca,"BT,MH,VL",place_refs,,,,,,,,,,,,,Tinca,ro_village,RO,
tincani,5,2,3,Aleea Țincani,"HR,B",place_refs,,,,,,,,,,,,,Țincani,ro_village,RO,
tiparnitei,5,2,3,Intrarea Tiparniței,"B,IF",name_categories,,,,,,,,,,,trade,printing,,,,
tocila,5,4,5,Strada Tocila,"AG,BC,MM,SV",nature_terms,,,,,,,,,Tocila,geography,,,,,,
toma ionescu,5,4,5,Doctor Toma Ionescu,"BT,BV,PH,SB",persons,Toma Ionescu,M,1860,1926,interwar,physician,RO,,,,,,,,,
tonitza,5,3,4,Strada Pictor Tonitza,"CT,HD,SB",persons,Nicolae Tonitza,M,1886,1940,interwar,painter,RO,,,,,,,,,
topitoriei,5,4,5,Strada Topitoriei,"MM,MS,SB,SV",name_categories,,,,,,,,,,,trade,industrial,,,,
topologului,5,4,5,Intrarea Topologului,"BR,TM,VL,B",place_refs,,,,,,,,,,,,,Topolog,river,RO,
torino,5,2,5,Strada Torino,"CT,TM",place_refs,,,,,,,,,,,,,Torino,city,IT,
trandafir,5,4,5,Trandafir,"BT,BV,HR,VN",nature_terms,,,,,,,,,Trandafir,flower,,,,,,
trandafirul rosu,5,4,5,Strada Trandafirul Roșu,"AG,IF,SM,B",nature_terms,,,,,,,,,Trandafirul Roșu,flower,,,,,,
transfagarasan,5,4,5,Transfăgărășan,"AG,BV,SB,VL",place_refs,,,,,,,,,,,,,Transfăgărășan,infrastructure,RO,
transrarau,5,1,5,Transrarău,SV,place_refs,,,,,,,,,,,,,Transrarău,infrastructure,RO,
trecatorii,5,4,5,Intrarea Trecătorii,"CJ,PH,VS,B",nature_terms,,,,,,,,,Trecători,geography,,,,,,
trei cruci,5,2,5,Strada Trei Cruci,"BC,VN",name_categories,,,,,,,,,,,religious,symbolic,,,,
treptelor,5,4,4,Treptelor,"CS,GL,HD,MH",name_categories,,,,,,,,,,,infrastructure,urban_feature,,,,
trestioara,5,2,5,Strada Trestioara,"BZ,PH",nature_terms,,,,,,,,,Trestioara,plant,,,,,,
trestioarei,5,3,5,Strada Trestioarei,"GJ,CL,PH",nature_terms,,,,,,,,,Trestioarei,plant,,,,,,
triaj,5,4,5,Intrarea Triaj,"AR,CJ,OT,PH",name_categories,,,,,,,,,,,infrastructure,transport,,,,
trifoi,5,5,5,Strada Trifoi,"BT,IS,PH,VS,B",nature_terms,,,,,,,,,Trifoi,plant,,,,,,
trovantilor,5,2,5,Strada Trovanților,"BV,VL",nature_terms,,,,,,,,,Trovanților,geography,,,,,,
tudor,5,4,5,Strada Tudor,"AR,DB,VS,VL",persons,Tudor Vladimirescu,M,1780,1821,1848,revolutionary,RO,,,,,,,,,
tudor neculai,5,1,3,Aleea Tudor Neculai,IS,persons,Tudor Neculai,M,1930,2005,communist,engineer,RO,,,,,,,,,
tudor pamfile,5,2,5,Strada Locotenent Colonel Tudor Pamfile,"GL,VS",persons,Tudor Pamfile,M,1883,1921,interwar,folklorist,RO,,,,,,,,,
tufari,5,3,5,Strada Tufari,"GJ,MH,SB",nature_terms,,,,,,,,,Tufari,plant,,,,,,
tulpinei,5,3,5,Strada Tulpinei,"IS,IF,B",nature_terms,,,,,,,,,Tulpinei,plant,,,,,,
turistilor,5,4,5,Strada Turiștilor,"BV,HR,TL,B",name_categories,,,,,,,,,,,abstract,social,,,,
turturicii,5,5,5,Strada Turturicii,"AR,BT,CJ,IS,TM",nature_terms,,,,,,,,,Turturicii,bird,,,,,,
tuzla,5,4,5,Strada Tuzla,"CT,CL,MS,B",place_refs,,,,,,,,,,,,,Tuzla,ro_city,RO,
umbroasa,5,4,5,Intrarea Umbroasă,"BN,PH,TR,TM",nature_terms,,,,,,,,,Umbroasă,geography,,,,,,
ungherului,5,3,5,Intrarea Ungherului,"BC,BV,B",name_categories,,,,,,,,,,,abstract,topographic,,,,
unirea principatelor,5,4,5,Strada Unirea Principatelor,"GL,IF,SV,VN",name_categories,,,,,,,,,,,commemorative,historical_event,,,,
uscatoriei,5,4,5,Strada Uscătoriei,"AG,DJ,MS,OT",name_categories,,,,,,,,,,,trade,industrial,,,,
v,5,4,5,Strada V,"MS,SB,TM,TL",,,,,,,,,,,,,,,,,
vacarescu,5,3,3,Aleea Văcărescu,"GJ,SM,TL",persons,Familia Văcărescu,collective,,,premodern,"boieri, scriitori, diplomați",RO,,,,,,,,,
vacarestilor,5,4,4,Intrarea Văcăreștilor,"DB,DJ,IL,VL",persons,Familia Văcărescu,collective,,,premodern,"boieri, scriitori, diplomați",RO,,,,,,,,,
valcel,5,3,5,Strada Vâlcel,"BZ,PH,SB",nature_terms,,,,,,,,,Vâlcel,geography,,,,,,
valcelii,5,4,5,Strada Valcelii,"DB,OT,SB,VL",nature_terms,,,,,,,,,Vâlcelii,geography,,,,,,
valea borcutului,5,2,4,Strada Valea Borcutului,"BN,MM",place_refs,,,,,,,,,,,,,Valea Borcutului,ro_village,RO,
valea bradului,5,4,5,Strada Valea Bradului,"DB,MM,PH,VL",place_refs,,,,,,,,,,,,,Valea Bradului,ro_village,RO,
valea calmatuiului,5,4,4,Strada Valea Călmăţuiului,"GL,OT,TR,B",place_refs,,,,,,,,,,,,,Călmățui,river,RO,
valea cernei,5,4,5,Strada Valea Cernei,"CS,HD,IF,MH",place_refs,,,,,,,,,,,,,Cerna,river,RO,
valea cu tei,5,3,4,Strada Valea cu Tei,"AG,IF,TL",nature_terms,,,,,,,,,Valea cu Tei,geography,,,,,,
valea danului,5,3,5,Drumul Valea Danului,"AG,IF,B",place_refs,,,,,,,,,,,,,Valea Danului,ro_village,RO,
valea muntelui,5,3,5,Strada Valea Muntelui,"BN,CJ,MM",nature_terms,,,,,,,,,Valea Muntelui,geography,,,,,,
valea nucilor,5,5,5,Strada Valea Nucilor,"IS,MM,OT,PH,TM",nature_terms,,,,,,,,,Valea Nucilor,geography,,,,,,
valea pietrei,5,3,5,Strada Valea Pietrei,"DB,GJ,PH",nature_terms,,,,,,,,,Valea Pietrei,geography,,,,,,
valea pietrii,5,3,5,Strada Valea Pietrii,"GJ,MH,PH",nature_terms,,,,,,,,,Valea Pietrii,geography,,,,,,
valea stejarului,5,3,5,Strada Valea Stejarului,"IF,MM,VL",nature_terms,,,,,,,,,Valea Stejarului,geography,,,,,,
valea vlaicii,5,1,4,Strada Valea Vlaicii,DJ,place_refs,,,,,,,,,,,,,Valea Vlaicii,ro_village,RO,
valencia,5,2,4,Aleea Valencia,"CT,TM",place_refs,,,,,,,,,,,,,Valencia,city,ES,
valul lui traian,5,4,5,Strada Valul lui Traian,"CT,GL,VS,IF",place_refs,,,,,,,,,,,,,Valul lui Traian,battle_site,RO,
vama,5,4,5,Ulița Vama,"AB,BT,BV,SM",name_categories,,,,,,,,,,,infrastructure,institutional,,,,
vararilor,5,4,5,Strada Vărarilor,"BZ,HR,NT,VL",name_categories,,,,,,,,,,,occupational,trade,,,,
varful dealului,5,4,5,Strada Vârful Dealului,"DJ,GJ,IS,MM",nature_terms,,,,,,,,,Vârful Dealului,geography,,,,,,
varului,5,3,5,Strada Varului,"BT,CV,SB",name_categories,,,,,,,,,,,trade,material,,,,
vasilari,5,1,4,Aleea Vasilari,BZ,,,,,,,,,,,,,,,,,
vasut,5,2,5,Strada Vasút,"HR,MS",name_categories,,,,,,,,,,,infrastructure,transport,,,,
verzariei,5,1,5,Strada Verzăriei,SB,name_categories,,,,,,,,,,,trade,agriculture,,,,
verzelor,5,3,5,Strada Verzelor,"AB,GJ,SB",nature_terms,,,,,,,,,Verzelor,plant,,,,,,
viaductului,5,4,5,Strada Viaductului,"AB,DJ,SB,VL",name_categories,,,,,,,,,,,infrastructure,transport,,,,
viata noua,5,5,5,Strada Viața Nouă,"DJ,HR,HD,PH,SM",name_categories,,,,,,,,,,,ideological,communist,,,,
victor climescu,5,1,4,Doctor Victor Climescu,CT,persons,Victor Climescu,M,1886,1958,interwar,medic,RO,,,,,,,,,
victor gomoiu,5,2,5,Dr. Victor Gomoiu,"DJ,MH",persons,Victor Gomoiu,M,1882,1960,interwar,medic,RO,,,,,,,,,
virgiliu,5,4,5,Strada Virgiliu,"IS,TM,VL,B",persons,Publius Vergilius Maro,M,-70,-19,ancient,poet,IT,,,,,,,,,
viticulturii,5,3,5,Fundătura Viticulturii,"TL,VS,VN",name_categories,,,,,,,,,,,trade,agriculture,,,,
volga,5,4,5,Strada Volga,"BH,TM,B,IF",place_refs,,,,,,,,,,,,,Volga,river,RU,
vulpilor,5,4,5,Strada Vulpilor,"CS,CT,GR,TM",nature_terms,,,,,,,,,Vulpilor,animal,,,,,,
vulturi,5,5,5,Strada Vulturi,"BZ,DJ,HR,NT,VL",nature_terms,,,,,,,,,Vulturi,bird,,,,,,
wesselenyi miklos,5,5,5,Strada Wesselényi Miklós,"BH,CV,HR,SM,SJ",persons,Miklós Wesselényi,M,1796,1850,1848,politician,HU,,,,,,,,,
x,5,5,5,Aleea X,"CL,MS,SB,TM,TL",,,,,,,,,,,,,,,,,
xenopol,5,5,5,Strada Xenopol,"BC,CJ,CT,MM,TM",persons,Alexandru Dimitrie Xenopol,M,1847,1920,premodern,historian,RO,,,,,,,,,
xi,5,5,5,Pasajul XI,"BN,MS,SB,TM,TL",name_categories,,,,,,,,,,,abstract,numerical,,,,
xii,5,5,5,Strada XII,"AR,MS,SB,TM,TL",name_categories,,,,,,,,,,,abstract,numerical,,,,
xiii,5,5,5,Strada XIII,"AR,MS,SB,TM,TL",name_categories,,,,,,,,,,,infrastructure,numbering,,,,
xiv,5,5,5,Strada XIV,"AR,MS,SB,TM,TL",name_categories,,,,,,,,,,,infrastructure,numbering,,,,
zabala,5,2,5,Strada Zăbala,"CV,VN",place_refs,,,,,,,,,,,,,Zăbala,ro_village,RO,
zaharia boiu,5,2,5,Strada Zaharia Boiu,"MS,SB",persons,Zaharia Boiu,M,1834,1903,premodern,"poet, journalist, theologian",RO,,,,,,,,,
zaharia carcalechi,5,3,5,Strada Zaharia Carcalechi,"BV,CJ,B",persons,Zaharia Carcalechi,M,1787,1855,premodern,"journalist, publisher",RO,,,,,,,,,
zamfirei,5,3,4,Strada Zamfirei,"IF,MH,GR",name_categories,,,,,,,,,,,commemorative,given_name,,,,
zeletin,5,3,5,Strada Zeletin,"GL,TM,B",place_refs,,,,,,,,,,,,,Zeletin,river,RO,
zimnicea,5,4,5,Strada Zimnicea,"DJ,TM,B,IF",place_refs,,,,,,,,,,,,,Zimnicea,ro_city,RO,
zola emile,5,5,5,Zola Emile,"AB,CJ,SB,TM,B",persons,Émile Zola,M,1840,1902,premodern,writer,FR,,,,,,,,,
zrinyi utca,5,4,5,Zrínyi utca,"AR,BH,SM,TM",persons,Zrínyi Miklós,M,1620,1664,medieval,"nobleman, poet, general",HU,,,,,,,,,
zugravilor,5,3,5,Strada Zugravilor,"AB,MS,SB",name_categories,,,,,,,,,,,occupational,trade,,,,
zugravului,5,4,4,Strada Zugravului,"DJ,CL,GR,PH",name_categories,,,,,,,,,,,occupational,trade,,,,
банатска,5,2,5,Банатска,"CS,TM",place_refs,,,,,,,,,,,,,Banat,region,RO,
вулиця миру,5,3,5,вулиця Миру,"BT,SM,TL",name_categories,,,,,,,,,,,abstract,peace,,,,
жарка зрењанина,5,2,5,Жарка Зрењанина,"CS,TM",persons,Žarko Zrenjanin,M,1902,1942,interwar,"politician, activist",RS,,,,,,,,,
јна,5,3,5,ЈНА,"CS,MH,TM",name_categories,,,,,,,,,,,institutional,military,,,,
1 fagului,4,2,4,1 Fagului,"DJ,MH",nature_terms,,,,,,,,,Fagului,tree,,,,,,
1-ва,4,4,4,1-ва,"DJ,GR,CL,MH",name_categories,,,,,,,,,,,infrastructure,numbering,,,,
16 decembrie 1989,4,1,4,16 Decembrie 1989,TM,name_categories,,,,,,,,,,,commemorative,historical_event,,,,
1decembrie,4,4,4,1Decembrie,"BC,BT,IS,MM",name_categories,,,,,,,,,,,commemorative,historical_event,,,,
1mai,4,4,4,1Mai,"BT,BV,CJ,MM",name_categories,,,,,,,,,,,ideological,communist,,,,
29. новембра,4,3,4,29. новембра,"CS,MH,TM",name_categories,,,,,,,,,,,ideological,communist,,,,
3-та,4,3,4,3-та,"DJ,GR,CL",name_categories,,,,,,,,,,,infrastructure,ordinal,,,,
31 august 1989,4,2,4,Strada 31 August 1989,"BT,IS",name_categories,,,,,,,,,,,commemorative,historical_event,,,,
7. јула,4,3,4,7. јула,"CS,MH,TM",name_categories,,,,,,,,,,,ideological,communist,,,,
9 mai 1945,4,2,4,9 Mai 1945,"GL,MS",name_categories,,,,,,,,,,,commemorative,historical_event,,,,
a ix-a,4,2,4,A IX-a,"SB,TM",name_categories,,,,,,,,,,,infrastructure,ordinal,,,,
a x-a,4,2,4,A X-a,"SB,TM",name_categories,,,,,,,,,,,infrastructure,ordinal,,,,
a xi-a,4,2,4,A XI-a,"SB,TM",name_categories,,,,,,,,,,,infrastructure,ordinal,,,,
a xii-a,4,2,4,A XII-a,"SB,TM",name_categories,,,,,,,,,,,infrastructure,ordinal,,,,
a xiii-a,4,2,4,A XIII-a,"SB,TM",name_categories,,,,,,,,,,,infrastructure,ordinal,,,,
a xiv-a,4,2,4,A XIV-a,"SB,TM",name_categories,,,,,,,,,,,infrastructure,ordinal,,,,
a xix-a,4,2,4,A XIX-a,"SB,TM",name_categories,,,,,,,,,,,infrastructure,ordinal,,,,
a xv-a,4,2,4,A XV-a,"SB,TM",name_categories,,,,,,,,,,,infrastructure,ordinal,,,,
a xvi-a,4,2,4,A XVI-a,"SB,TM",name_categories,,,,,,,,,,,infrastructure,ordinal,,,,
a xvii-a,4,2,4,A XVII-a,"SB,TM",name_categories,,,,,,,,,,,infrastructure,ordinal,,,,
a xviii-a,4,2,4,A XVIII-a,"SB,TM",name_categories,,,,,,,,,,,infrastructure,ordinal,,,,
actorului,4,3,4,Actorului,"CJ,VL,B",name_categories,,,,,,,,,,,occupational,arts,,,,
ada-kaleh,4,3,4,Ada-Kaleh,"MH,OT,B",place_refs,,,,,,,,,,,,,Ada-Kaleh,ancient_region,RO,
adierii,4,4,4,Adierii,"BZ,OT,B,IF",nature_terms,,,,,,,,,Adierii,weather,,,,,,
adjud,4,3,4,Adjud,"BR,MM,B",place_refs,,,,,,,,,,,,,Adjud,ro_city,RO,
adormirea maicii domnului,4,3,4,Adormirea Maicii Domnului,"BC,OT,TR",name_categories,,,,,,,,,,,religious,christian_feast,,,,
afanata,4,2,4,Afânata,"VL,B",nature_terms,,,,,,,,,Afânata,geography,,,,,,
agapia,4,4,4,Agapia,"AB,CJ,CT,B",place_refs,,,,,,,,,,,,,Agapia,ro_monastery,RO,
agentului,4,2,4,Agentului,"DJ,GR",name_categories,,,,,,,,,,,occupational,profession,,,,
agricola cardas,4,2,3,Agricola Cardaș,"GL,IS",persons,Agricola Cardaș,M,1882,1961,interwar,agronomist,RO,,,,,,,,,
al. lapusneanu,4,3,4,Al. Lăpușneanu,"CT,GL,HD",persons,Alexandru Lăpușneanu,M,1510,1568,medieval,ruler,RO,,,,,,,,,
albinari,4,3,4,Albinari,"BZ,VL,B",name_categories,,,,,,,,,,,occupational,trade,,,,
albota,4,3,4,Albota,"AG,BV,OT",place_refs,,,,,,,,,,,,,Albota,ro_village,RO,
aldeni,4,3,4,Aldeni,"BZ,B,IF",place_refs,,,,,,,,,,,,,Aldeni,ro_village,RO,
aldesti,4,3,4,Aldești,"DB,OT,PH",place_refs,,,,,,,,,,,,,Aldești,ro_village,RO,
aleea 6,4,3,4,Aleea 6,"BN,BV,DJ",,,,,,,,,,,,,,,,,
aleea bradului,4,3,4,Aleea Bradului,"BT,CS,GJ",nature_terms,,,,,,,,,Bradului,tree,,,,,,
aleea campului,4,4,4,Aleea Câmpului,"BV,CS,DJ,GL",nature_terms,,,,,,,,,Câmpului,meadow,,,,,,
aleea iasomiei,4,4,4,Aleea Iasomiei,"NT,OT,SB,VS",nature_terms,,,,,,,,,Iasomiei,flower,,,,,,
aleea margaretelor,4,4,4,Aleea Margaretelor,"BT,OT,TL,VL",nature_terms,,,,,,,,,Margaretelor,flower,,,,,,
aleea narciselor,4,4,4,Aleea Narciselor,"BT,GJ,MH,SB",nature_terms,,,,,,,,,Narciselor,flower,,,,,,
aleea nuferilor,4,2,4,Aleea Nuferilor,"BT,MH",nature_terms,,,,,,,,,Nuferilor,flower,,,,,,
aleea prunului,4,3,4,Aleea Prunului,"BT,GJ,OT",nature_terms,,,,,,,,,Prunului,fruit,,,,,,
aleea salciilor,4,1,4,Aleea Sălciilor,BT,nature_terms,,,,,,,,,Sălciilor,tree,,,,,,
aleea stejarului,4,4,4,Aleea Stejarului,"CS,DJ,OT,TL",nature_terms,,,,,,,,,Stejar,tree,,,,,,
aleea toamnei,4,2,4,Strada Aleea Toamnei,"MH,OT",nature_terms,,,,,,,,,Toamnă,season,,,,,,
aleea visinilor,4,2,4,Strada Aleea Vișinilor,"MH,PH",nature_terms,,,,,,,,,Vișin,tree,,,,,,
aleea zambilelor,4,3,4,Strada Aleea Zambilelor,"GJ,MH,OT",nature_terms,,,,,,,,,Zambilă,flower,,,,,,
alexandr puskin,4,3,4,Strada Alexandr Pușkin,"BT,VS,IF",persons,Alexandr Pușkin,M,1799,1837,premodern,poet/writer,RU,,,,,,,,,
alexandru deparateanu,4,3,4,Alexandru Depărățeanu,"PH,TR,B",persons,Alexandru Depărățeanu,M,1834,1877,premodern,poet/politician,RO,,,,,,,,,
alexandru vlad,4,3,4,Aleea Alexandru Vlad,"AR,CJ,CT",persons,Alexandru Vlad,M,1950,2015,communist,writer,RO,,,,,,,,,
alexandru xenopol,4,4,4,Alexandru Xenopol,"CJ,SB,SV,TM",persons,Alexandru Xenopol,M,1847,1920,interwar,historian,RO,,,,,,,,,
alexe,4,3,4,Alexe,"BZ,IL,PH",persons,Alexe,M,,,premodern,cleric/figure,RO,,,,,,,,,
allomas utca,4,2,4,Állomás utca,"AR,TM",name_categories,,,,,,,,,,,infrastructure,transport,,,,
almajului,4,4,4,ALMAJULUI,"BR,CS,CT,TL",place_refs,,,,,,,,,,,,,Almaj,region,RO,
also,4,2,4,Alsó,"HR,SJ",name_categories,,,,,,,,,,,abstract,spatial,,,,
aluminiului,4,3,3,Aluminiului,"BT,BV,SV",name_categories,,,,,,,,,,,trade,industry,,,,
alunelului,4,3,4,Alunelului,"AB,DB,B",name_categories,,,,,,,,,,,abstract,folklore,,,,
amnarului,4,3,4,Amnarului,"OT,SV,B",name_categories,,,,,,,,,,,trade,tools,,,,
amos francu,4,3,3,Amos Frâncu,"CJ,PH,IF",persons,Amos Frâncu,M,1866,1933,interwar,lawyer/politician,RO,,,,,,,,,
amzacea,4,1,1,Aleea Amzacea,CT,place_refs,,,,,,,,,,,,,Amzacea,ro_village,RO,
an deal,4,4,4,În Deal,"AB,CJ,MM,VS",nature_terms,,,,,,,,,Deal,geography,,,,,,
an poiana,4,4,4,Strada În Poiană,"BC,MM,NT,VN",nature_terms,,,,,,,,,Poiană,meadow,,,,,,
ana,4,3,4,Ana,"CT,GL,IF",persons,Ana,F,,,medieval,religious figure,,,,,,,,,,
andrei barseanu,4,2,3,Andrei Bârseanu,"BV,B",persons,Andrei Bârseanu,M,1858,1922,interwar,"academician, linguist",RO,,,,,,,,,
andrei mureseanu,4,2,4,Strada Andrei Mureșeanu,"AB,TM",persons,Andrei Mureșanu,M,1816,1863,1848,"poet, revolutionary",RO,,,,,,,,,
andreica,4,3,4,Andreica,"NT,SV,TM",,,,,,,,,,,,,,,,,
andronesti,4,2,4,Andronești,"SV,VL",place_refs,,,,,,,,,,,,,Andronești,ro_village,RO,
angelescu,4,3,4,Angelescu,"DJ,MH,VL",,,,,,,,,,,,,,,,,
anghel,4,4,4,Anghel,"BZ,DB,PH,VS",,,,,,,,,,,,,,,,,
angheluta,4,3,4,Angheluță,"GJ,VS,VL",,,,,,,,,,,,,,,,,
ankara,4,3,4,Ankara,"IF,TM,B",place_refs,,,,,,,,,,,,,Ankara,city,TR,
anotimpurilor,4,3,4,Anotimpurilor,"BV,CL,PH",nature_terms,,,,,,,,,Anotimpurilor,season,,,,,,
antonescu,4,3,4,Mareșal Antonescu,"BH,DJ,MH",persons,Ion Antonescu,M,1882,1946,interwar,"military officer, politician",RO,,,,,,,,,
antonin ciolan,4,2,4,Antonin Ciolan,"CJ,IS",persons,Antonin Ciolan,M,1883,1970,communist,conductor,RO,,,,,,,,,
antre garduri,4,4,4,Strada Între Garduri,"CJ,IF,PH,VN",nature_terms,,,,,,,,,Între Garduri,geography,,,,,,
antre vai,4,3,4,Strada Între Văi,"MM,SJ,SV",nature_terms,,,,,,,,,Între Văi,geography,,,,,,
apa rece,4,2,4,Apa Rece,"BV,DB",nature_terms,,,,,,,,,Apa Rece,water,,,,,,
apaductului,4,2,4,Apaductului,"HD,MS",name_categories,,,,,,,,,,,infrastructure,utility,,,,
arcadie septilici,4,1,3,Arcadie Șeptilici,BC,persons,Arcadie Șeptilici,M,1924,1997,communist,journalist,RO,,,,,,,,,
arcadiei,4,4,4,ARCADIEI,"IL,VS,B,IF",name_categories,,,,,,,,,,,mythology,geography,,,,
arcusului,4,4,4,Arcușului,"BT,CV,PH,B",place_refs,,,,,,,,,,,,,Arcuș,ro_village,RO,
arhimede,4,4,4,Arhimede,"BH,PH,TM,VS",persons,Arhimede,M,-287,-212,ancient,"mathematician, inventor",GR,,,,,,,,,
ariesul mare,4,1,2,Aleea Arieșul Mare,B,place_refs,,,,,,,,,,,,,Arieșul Mare,river,RO,
armatei romane,4,2,3,Armatei Române,"BH,SM",name_categories,,,,,,,,,,,commemorative,military,,,,
arnauti,4,2,4,Aleea Arnăuți,"OT,PH",name_categories,,,,,,,,,,,occupational,military,,,,
arnota,4,4,4,Arnota,"AG,CT,DJ,PH",place_refs,,,,,,,,,,,,,Arnota,ro_monastery,RO,
aron pumnu,4,4,4,Aron Pumnu,"CJ,SV,B,IF",persons,Aron Pumnul,M,1818,1866,1848,"linguist, teacher",RO,,,,,,,,,
arpad,4,3,4,Arpad,"BH,CV,HR",persons,Árpád,M,845,907,medieval,ruler,HU,,,,,,,,,
arsenalului,4,3,4,Arsenalului,"DB,HR,B",name_categories,,,,,,,,,,,infrastructure,military,,,,
arthur vaitoianu,4,2,3,Arthur Vaitoianu,"BC,VN",persons,Arthur Văitoianu,M,1864,1956,interwar,"general, politician",RO,,,,,,,,,
asau,4,2,4,Asău,"NT,B",place_refs,,,,,,,,,,,,,Asău,ro_village,RO,
atmosferei,4,3,4,Atmosferei,"TM,B,IF",nature_terms,,,,,,,,,Atmosferei,sky,,,,,,
atomului,4,2,4,Atomului,"TM,B",name_categories,,,,,,,,,,,abstract,science,,,,
augustin maior,4,2,4,Augustin Maior,"BH,CJ",persons,Augustin Maior,M,1882,1963,communist,physicist,RO,,,,,,,,,
aurel ciupe,4,3,3,Aurel Ciupe,"BH,CJ,TM",persons,Aurel Ciupe,M,1900,1988,communist,painter,RO,,,,,,,,,
aurel pana,4,1,4,AUREL PANA,IL,persons,Aurel Pană,M,1901,1986,communist,politician,RO,,,,,,,,,
aviatori,4,3,4,Aviatori,"BZ,CT,IF",name_categories,,,,,,,,,,,occupational,aviation,,,,
azilului,4,3,4,Azilului,"BC,IS,SB",name_categories,,,,,,,,,,,institutional,social,,,,
b,4,4,4,Aleea B,"BV,CT,IF,MS",,,,,,,,,,,,,,,,,
badeni,4,3,4,Bădeni,"BZ,GL,B",place_refs,,,,,,,,,,,,,Bădeni,ro_village,RO,
baghetei,4,2,3,Aleea Baghetei,"TM,B",name_categories,,,,,,,,,,,abstract,object,,,,
baia,4,4,4,Baia,"AB,CS,TM,B",place_refs,,,,,,,,,,,,,Baia,ro_village,RO,
baia de aries,4,1,2,Aleea Baia de Arieș,B,place_refs,,,,,,,,,,,,,Baia de Arieș,ro_city,RO,
balanoaia,4,3,3,Bălănoaia,"DB,IS,GR",place_refs,,,,,,,,,,,,,Bălănoaia,ro_village,RO,
balanului,4,3,4,Bălanului,"BR,GL,VN",nature_terms,,,,,,,,,Bălan,animal,,,,,,
balcani,4,2,3,Balcani,"DB,MH",place_refs,,,,,,,,,,,,,Balcani,region,,
baldovin parcalabul,4,1,2,Baldovin Pârcălabul,B,persons,Baldovin Pârcălabul,M,,1400,medieval,official,RO,,,,,,,,,
baleni,4,3,4,Bâleni,"MM,MH,B",place_refs,,,,,,,,,,,,,Bâleni,ro_village,RO,
balomir,4,3,4,Balomir,"HD,OT,B",place_refs,,,,,,,,,,,,,Balomir,ro_village,RO,
balta mare,4,3,4,Balta Mare,"DJ,GJ,VL",nature_terms,,,,,,,,,Balta Mare,water,,,,,,
baltaretului,4,3,4,Băltărețului,"DB,VS,B",nature_terms,,,,,,,,,Băltăreț,geography,,,,,,
baltati,4,2,4,Balțăți,"OT,SV",place_refs,,,,,,,,,,,,,Balțăți,ro_village,RO,
baltina,4,4,4,Băltină,"DJ,MH,TR,VL",nature_terms,,,,,,,,,Băltină,water,,,,,,
balului,4,2,4,Balului,"TR,VL",name_categories,,,,,,,,,,,abstract,commemorative,,,,
banescu nicolae,4,4,4,Bănescu Nicolae,"AG,BZ,DJ,CL",persons,Nicolae Bănescu,M,1878,1971,interwar,historian,RO,,,,,,,,,
banesti,4,4,4,Bănești,"DB,HD,PH,VL",place_refs,,,,,,,,,,,,,Bănești,ro_village,RO,
banul udrea,4,3,3,Aleea Banul Udrea,"CJ,TM,B",persons,Banul Udrea,M,,1600,medieval,official,RO,,,,,,,,,
bara,4,4,4,Bara,"BC,CJ,SJ,VN",place_refs,,,,,,,,,,,,,Bara,ro_village,RO,
barabas miklos,4,1,4,Barabás Miklós,CV,persons,Barabás Miklós,M,1810,1898,premodern,painter,HU,,,,,,,,,
baraganu,4,2,4,Aleea Bărăganu,"CL,B",place_refs,,,,,,,,,,,,,Bărăgan,region,RO,
baraolt,4,2,4,Baraolt,"PH,B",place_refs,,,,,,,,,,,,,Baraolt,ro_city,RO,
baraoltului,4,3,3,Aleea Baraoltului,"BV,CS,PH",place_refs,,,,,,,,,,,,,Baraolt,ro_city,RO,
barbatesti,4,3,4,Aleea Bărbătești,"DB,DJ,B",place_refs,,,,,,,,,,,,,Bărbătești,ro_village,RO,
barbu,4,2,4,Barbu,"IL,VL",persons,Barbu,M,,,medieval,nobleman,RO,,,,,,,,,
barbu iscovescu,4,3,4,Barbu Iscovescu,"DJ,TM,B",persons,Barbu Iscovescu,M,1816,1854,1848,painter,RO,,,,,,,,,
barbu lazareanu,4,4,4,Barbu Lăzăreanu,"BT,DJ,SV,B",persons,Barbu Lăzăreanu,M,1881,1957,communist,literary critic,RO,,,,,,,,,
barca,4,3,4,Bârca,"GJ,VN,B",place_refs,,,,,,,,,,,,,Bârca,ro_village,RO,
barta,4,3,4,Barta,"BN,NT,VN",,,,,,,,,,,,,,,,,
barului,4,3,4,Barului,"CT,CL,TL",name_categories,,,,,,,,,,,trade,commercial,,,,
barzului,4,3,4,Barzului,"BC,SJ,SV",nature_terms,,,,,,,,,Bârzului,bird,,,,,,
bataliei,4,4,4,Bătăliei,"IF,CL,MH,PH",name_categories,,,,,,,,,,,commemorative,historical event,,,,
baza sportiva,4,3,4,Baza Sportivă,"DB,IF,PH",name_categories,,,,,,,,,,,infrastructure,sports,,,,
bazalt,4,1,3,Bazalt,BZ,nature_terms,,,,,,,,,Bazalt,geography,,,,,,
beica,4,3,4,Beica,"MH,OT,B",place_refs,,,,,,,,,,,,,Beica,ro_village,RO,
beke,4,2,4,Beke,"HR,MS",persons,Beke,M,,,premodern,nobleman,HU,,,,,,,,,
benzinariei,4,3,4,Benzinăriei,"DJ,IL,IF",name_categories,,,,,,,,,,,infrastructure,commercial,,,,
bercesti,4,2,2,Bercești,"GJ,VL",place_refs,,,,,,,,,,,,,Bercești,ro_village,RO,
birlic,4,3,4,Birlic,"AG,IL,TR",persons,Grigore Vasiliu Birlic,M,1905,1970,communist,actor,RO,,,,,,,,,
biserica sfantul gheorghe,4,3,4,Biserica Sfântul Gheorghe,"BR,VS,VN",name_categories,,,,,,,,,,,religious,place of worship,,,,
bistricioarei,4,3,4,Bistricioarei,"BC,BH,BN",place_refs,,,,,,,,,,,,,Bistricioara,river,RO,
blaga,4,4,4,Blaga,"GJ,NT,VS,VN",persons,Lucian Blaga,M,1895,1961,communist,philosopher,RO,,,,,,,,,
blanduziei,4,4,4,Aleea Blanduziei,"AR,DJ,NT,B",name_categories,,,,,,,,,,,abstract,literary,,,,
blocuri,4,4,4,Blocuri,"AG,BT,BR,VN",name_categories,,,,,,,,,,,infrastructure,residential,,,,
bobalnei,4,3,3,Bobâlnei,"BH,CJ,TM",place_refs,,,,,,,,,,,,,Bobâlna,ro_village,RO,
bodului,4,1,4,Bodului,BV,place_refs,,,,,,,,,,,,,Bod,ro_village,RO,
bogdan voievod,4,3,4,Bogdan Voievod,"AR,BC,IS",persons,Bogdan I,M,,1367,medieval,voievod,RO,,,,,,,,,
bogdanita,4,3,4,Bogdănița,"SV,TM,B",place_refs,,,,,,,,,,,,,Bogdănița,ro_village,RO,
boian,4,4,4,Aleea Boian,"CJ,PH,B,IF",place_refs,,,,,,,,,,,,,Boian,ro_village,RO,
boierilor,4,4,4,Boierilor,"AG,IF,SB,VL",name_categories,,,,,,,,,,,occupational,social_class,,,,
boiului,4,2,4,Boiului,"BH,MM",nature_terms,,,,,,,,,Boiului,animal,,,,,,
boldesti,4,2,3,Boldești,"VS,B",place_refs,,,,,,,,,,,,,Boldești,ro_village,RO,
bolintineanu,4,4,4,Bolintineanu,"DB,MH,NT,TL",persons,Dimitrie Bolintineanu,M,1819,1872,premodern,poet,RO,,,,,,,,,
borangic,4,2,2,Borangic,"DB,PH",name_categories,,,,,,,,,,,trade,textile,,,,
borangicului,4,3,4,Borangicului,"GR,IF,B",name_categories,,,,,,,,,,,trade,textile,,,,
bordei,4,3,4,Bordei,"BT,BZ,VL",name_categories,,,,,,,,,,,infrastructure,housing,,,,
borsecului,4,2,4,Borsecului,"BH,HR",place_refs,,,,,,,,,,,,,Borsec,resort,RO,
borului,4,4,4,Borului,"CJ,HR,SJ,VL",nature_terms,,,,,,,,,Bor,water,,,,,,
bostanesti,4,3,4,Bostănești,"BC,VS,VN",place_refs,,,,,,,,,,,,,Bostănești,ro_village,RO,
botizului,4,1,4,Botizului,SM,place_refs,,,,,,,,,,,,,Botiz,ro_village,RO,
bozieni,4,3,4,Bozieni,"BT,PH,B",place_refs,,,,,,,,,,,,,Bozieni,ro_village,RO,
bradutului,4,3,4,Brăduțului,"BT,CJ,IS",nature_terms,,,,,,,,,Brăduț,tree,,,,,,
brailoiu constantin,4,4,4,Brăiloiu Constantin,"BH,BN,CJ,TM",persons,Constantin Brăiloiu,M,1893,1958,interwar,etnomuzicolog,RO,,,,,,,,,
brancoveanu voda,4,1,4,Brâncoveanu Vodă,PH,persons,Constantin Brâncoveanu,M,1654,1714,medieval,domnitor,RO,,,,,,,,,
brancoveni,4,2,3,Brâncoveni,"BR,DJ",place_refs,,,,,,,,,,,,,Brâncoveni,ro_village,RO,
branistari,4,1,2,Brăniștari,B,place_refs,,,,,,,,,,,,,Brăniștari,ro_village,RO,
bratulesti,4,3,4,Brătulești,"BC,OT,VN",place_refs,,,,,,,,,,,,,Brătulești,ro_village,RO,
brazilia,4,3,4,Brazilia,"SJ,TM,B",place_refs,,,,,,,,,,,,,Brazilia,city,BR,
breazu,4,4,4,Breazu,"BT,IS,DB,GR",place_refs,,,,,,,,,,,,,Breazu,ro_village,RO,
brebenel,4,4,4,Brebenel,"DB,VS,VL,IF",nature_terms,,,,,,,,,Brebenel,plant,,,,,,
breslelor,4,3,4,Breslelor,"BH,HR,B",name_categories,,,,,,,,,,,occupational,trade,,,,
brezei,4,3,4,Brezei,"DJ,PH,SM",nature_terms,,,,,,,,,Breaza,bird,,,,,,
brumarel,4,3,4,Brumărel,"TL,B,IF",nature_terms,,,,,,,,,Brumărel,season,,,,,,
brusturi,4,4,4,Brusturi,"AG,BT,MM,NT",nature_terms,,,,,,,,,Brusturi,plant,,,,,,
buchetului,4,4,4,Aleea Buchetului,"BT,IF,MS,B",nature_terms,,,,,,,,,Buchet,flower,,,,,,
bucin,4,1,2,Bucin,HR,place_refs,,,,,,,,,,,,,Bucin,mountain,RO,
bucinis,4,2,4,Buciniș,"OT,SV",nature_terms,,,,,,,,,Buciniș,forest,,,,,,
bucuresti-constanta,4,2,4,București-Constanța,"IL,CL",name_categories,,,,,,,,,,,infrastructure,transport,,,,
bufnitei,4,4,4,Bufniței,"CV,MS,SM,IF",nature_terms,,,,,,,,,Bufniță,bird,,,,,,
buhusi,4,3,3,Aleea Buhuși,"CJ,CL,B",place_refs,,,,,,,,,,,,,Buhuși,ro_city,RO,
bulboaca,4,2,4,Bulboacă,"BC,B",place_refs,,,,,,,,,,,,,Bulboaca,ro_village,RO,
buleni,4,2,4,Buleni,"BC,VL",place_refs,,,,,,,,,,,,,Buleni,ro_village,RO,
bulgaru,4,4,4,Bulgaru,"BC,DJ,VL,DB",name_categories,,,,,,,,,,,commemorative,ethnic,,,,
bunea augustin,4,3,4,Bunea Augustin,"BV,CJ,SV",persons,Augustin Bunea,M,1857,1909,premodern,theologian/historian,RO,,,,,,,,,
bunesti,4,3,4,Bunești,"SV,VL,B",place_refs,,,,,,,,,,,,,Bunești,ro_village,RO,
bungetului,4,2,4,Bungetului,"OT,VL",nature_terms,,,,,,,,,Bunget,forest,,,,,,
burdujeni,4,3,4,Burdujeni,"BC,SV,B",place_refs,,,,,,,,,,,,,Burdujeni,ro_village,RO,
buteanu ion,4,4,4,Buteanu Ion,"BH,HD,MS,B",persons,Ion Buteanu,M,1821,1849,1848,politician,RO,,,,,,,,,
buzaielului,4,2,4,Buzăielului,"BR,GL",nature_terms,,,,,,,,,Buzaiel,geography,,,,,,
buzoieni,4,1,2,Aleea Buzoieni,B,place_refs,,,,,,,,,,,,,Buzoieni,ro_village,RO,
caderea bastiliei,4,1,2,Căderea Bastiliei,B,name_categories,,,,,,,,,,,commemorative,historical event,,,,
caiselor,4,3,4,Caiselor,"BT,VS,VL",nature_terms,,,,,,,,,Cais,fruit,,,,,,
caius marcius coriolan,4,1,2,Caius Marcius Coriolan,B,persons,Caius Marcius Coriolanus,M,,,ancient,general,IT,,,,,,,,,
calaretilor,4,2,4,Aleea Călăreților,"SB,B",name_categories,,,,,,,,,,,occupational,military,,,,
calatis,4,3,4,Calatis,"CJ,CT,TL",place_refs,,,,,,,,,,,,,Callatis,ancient_city,RO,
calatorilor,4,4,4,Călătorilor,"IL,IF,OT,TM",name_categories,,,,,,,,,,,abstract,human activity,,,,
calea aradului,4,2,4,Calea Aradului,"AR,TM",place_refs,,,,,,,,,,,,,Arad,ro_city,RO,
calea basarabiei,4,2,4,Calea Basarabiei,"GL,VS",place_refs,,,,,,,,,,,,,Basarabia,region,MD,
calea bucovinei,4,1,4,Calea Bucovinei,SV,place_refs,,,,,,,,,,,,,Bucovina,region,RO,
calea craiovei,4,1,4,Calea Craiovei,DJ,place_refs,,,,,,,,,,,,,Craiova,ro_city,RO,
calea dunarii,4,2,4,Calea Dunării,"DJ,TR",place_refs,,,,,,,,,,,,,Dunărea,river,RO,
calea rosie,4,3,4,Calea Roșie,"BN,CJ,SB",name_categories,,,,,,,,,,,ideological,communist,,,,
calea victoriei,4,3,4,Calea Victoriei,"BT,BV,VS",name_categories,,,,,,,,,,,commemorative,military victory,,,,
calei,4,3,4,Calei,"CL,GR,TM",,,,,,,,,,,,,,,,,
califarului,4,4,4,Califarului,"SM,TL,B,IF",name_categories,,,,,,,,,,,mythology,folklore,,,,
calinescu,4,2,4,CALINESCU,"DB,VL",persons,George Călinescu,M,1899,1965,communist,writer,RO,,,,,,,,,
calotesti,4,3,4,Calotești,"AG,OT,B",place_refs,,,,,,,,,,,,,Calotești,ro_village,RO,
calusarului,4,3,4,Călușarului,"GR,OT,VL",name_categories,,,,,,,,,,,mythology,folklore,,,,
camine,4,2,4,Cămine,"DB,PH",name_categories,,,,,,,,,,,infrastructure,housing,,,,
caminul cultural,4,4,4,Căminul Cultural,"AB,TR,TM,IF",name_categories,,,,,,,,,,,institutional,culture,,,,
campionilor,4,3,3,Campionilor,"IF,IL,TM",name_categories,,,,,,,,,,,commemorative,sports,,,,
campsorului,4,2,4,Câmpșorului,"GJ,SB",nature_terms,,,,,,,,,Câmpșorului,geography,,,,,,
campul tisei,4,2,3,Câmpul Tisei,"AR,BC",place_refs,,,,,,,,,,,,,Câmpul Tisei,ro_village,RO,
cantacuzino ion,4,4,4,Cantacuzino Ion,"BV,CT,DJ,B",persons,Ion Cantacuzino,M,1863,1934,interwar,scientist,RO,,,,,,,,,
cantaretului,4,3,4,Cântărețului,"BH,GJ,IS",name_categories,,,,,,,,,,,occupational,arts,,,,
cantemir,4,2,4,Cantemir,"DB,MH",persons,Dimitrie Cantemir,M,1673,1723,medieval,scholar,RO,,,,,,,,,
canton c.f.r.,4,4,4,Canton C.F.R.,"AB,BV,SB,TM",name_categories,,,,,,,,,,,infrastructure,transport,,,,
capidava,4,3,4,Aleea Capidava,"CT,B,IF",place_refs,,,,,,,,,,,,,Capidava,ancient_city,RO,
capra neagra,4,2,4,Capra Neagră,"BV,MM",nature_terms,,,,,,,,,Capra Neagră,animal,,,,,,
capul satului,4,3,4,Capul Satului,"DJ,HD,VL",nature_terms,,,,,,,,,Capul Satului,geography,,,,,,
caracalului,4,2,3,Caracalului,"DJ,OT",place_refs,,,,,,,,,,,,,Caracal,ro_city,RO,
caramizari,4,3,4,Cărămizari,"OT,TR,VL",name_categories,,,,,,,,,,,trade,crafts,,,,
cararii,4,4,4,Cărării,"BT,BV,SM,SV",nature_terms,,,,,,,,,Cărării,geography,,,,,,
carbunari,4,3,4,Cărbunari,"DB,MM,VL",name_categories,,,,,,,,,,,trade,crafts,,,,
carbunarilor,4,3,4,Cărbunarilor,"CJ,HR,B",name_categories,,,,,,,,,,,occupational,trade,,,,
carciumarului,4,3,4,Cârciumarului,"BZ,CT,IL",name_categories,,,,,,,,,,,occupational,trade,,,,
carol al ii-lea,4,4,4,Aleea Carol al II-lea,"BT,CL,VS,B",persons,Carol al II-lea al României,M,1893,1953,interwar,monarch,RO,,,,,,,,,
carol knappe,4,1,2,Carol Knappe,B,persons,Carol Knappe,M,1877,1959,interwar,architect,RO,,,,,,,,,
carpinisului,4,4,4,Cărpinișului,"BV,CS,MM,SJ",nature_terms,,,,,,,,,Cărpiniș,tree,,,,,,
carutei,4,2,3,Căruței,"B,IF",name_categories,,,,,,,,,,,infrastructure,transport,,,,
casa noua,4,2,4,Casa Nouă,"IF,B",name_categories,,,,,,,,,,,abstract,toponymic,,,,
castrul roman,4,3,4,Castrul Roman,"BN,CJ,GL",place_refs,,,,,,,,,,,,,Castrul Roman,ancient_city,RO,
catinii,4,2,4,Cătinii,"BT,IS",nature_terms,,,,,,,,,Cătină,plant,,,,,,
catrunesti,4,3,4,Cătrunești,"BZ,B,IF",place_refs,,,,,,,,,,,,,Cătrunești,ro_village,RO,
cauzasi,4,1,2,Aleea Căuzași,B,name_categories,,,,,,,,,,,occupational,trade,,,,
cavalerilor,4,4,4,Cavalerilor,"AG,CV,DB,IF",name_categories,,,,,,,,,,,abstract,commemorative,,,,
cazacului,4,4,4,Cazacului,"BC,BT,DJ,IS",name_categories,,,,,,,,,,,occupational,military,,,,
ceahlaul,4,3,4,Ceahlăul,"CJ,PH,B",place_refs,,,,,,,,,,,,,Ceahlău,mountain,RO,
ceausu,4,4,4,Ceaușu,"BZ,GJ,IF,NT",name_categories,,,,,,,,,,,occupational,military,,,,
ceramica,4,4,4,Ceramica,"MS,TM,VS,VN",name_categories,,,,,,,,,,,trade,craft,,,,
ceramicii,4,3,4,Ceramicii,"AB,DJ,VS",name_categories,,,,,,,,,,,trade,craft,,,,
cerceilor,4,3,4,Cerceilor,"IS,TM,B",name_categories,,,,,,,,,,,trade,craft,,,,
cernaianu,4,3,4,Cernăianu,"GJ,MH,TM",persons,Constantin Cernăianu,M,1822,1892,premodern,politician,RO,,,,,,,,,
cernat alexandru,4,4,4,Cernat Alexandru,"GL,IS,SB,B",persons,Alexandru Cernat,M,1828,1893,1848,general,RO,,,,,,,,,
cernesti,4,4,4,Cernești,"MM,VL,B,IF",place_refs,,,,,,,,,,,,,Cernești,ro_village,RO,
cetatea histria,4,3,4,Cetatea Histria,"CT,TR,B",place_refs,,,,,,,,,,,,,Cetatea Histria,ancient_city,RO,
cetatea veche,4,3,3,Aleea Cetatea Veche,"CJ,TM,B",place_refs,,,,,,,,,,,,,Cetatea Veche,battle_site,RO,
cezar baltag,4,2,4,Cezar Baltag,"CJ,CT",persons,Cezar Baltag,M,1937,1997,interwar,poet,RO,,,,,,,,,
cezar ivanescu,4,3,4,Cezar Ivănescu,"CT,DB,VS",persons,Cezar Ivănescu,M,1941,2008,interwar,poet,RO,,,,,,,,,
cheile turzii,4,4,4,Cheile Turzii,"BH,CJ,B,IF",place_refs,,,,,,,,,,,,,Cheile Turzii,geography,RO,
chetrosu,4,4,4,Chetrosu,"BC,BT,IS,VS",place_refs,,,,,,,,,,,,,Chetrosu,ro_village,RO,
chicerea,4,3,4,Chicerea,"BC,IS,VS",place_refs,,,,,,,,,,,,,Chicerea,ro_village,RO,
chiciora,4,3,4,Chiciora,"CS,OT,VL",place_refs,,,,,,,,,,,,,Chiciora,ro_village,RO,
chihlimbarului,4,3,4,Chihlimbarului,"CT,SB,B",nature_terms,,,,,,,,,Chihlimbar,geography,,,,,,
chiliilor,4,3,4,Chiliilor,"IS,NT,OT",name_categories,,,,,,,,,,,religious,institutional,,,,
chimirului,4,3,4,Chimirului,"GJ,IF,B",name_categories,,,,,,,,,,,trade,occupational,,,,
chinezului,4,3,4,Calea Chinezului,"GR,CL,TM",persons,Pavel Chinezul,M,1432,1494,medieval,military commander,RO,,,,,,,,,
chirca,4,3,4,Chirca,"GL,PH,IF",place_refs,,,,,,,,,,,,,Chirca,ro_village,RO,
chirila,4,4,4,Chirilă,"BT,SJ,SB,SV",persons,Ioan Chirilă,M,1925,1999,interwar,journalist,RO,,,,,,,,,
chirilesti,4,3,4,Chirilești,"BC,CJ,GL",place_refs,,,,,,,,,,,,,Chirilești,ro_village,RO,
chirnogi,4,3,4,Chirnogi,"CL,TR,B",place_refs,,,,,,,,,,,,,Chirnogi,ro_village,RO,
chisinaului,4,1,3,Calea Chișinăului,IS,place_refs,,,,,,,,,,,,,Chișinău,city,MD,
chitarei,4,4,4,Chitarei,"CL,TM,VS,B",name_categories,,,,,,,,,,,abstract,commemorative,,,,
chitila triaj,4,1,2,Chitila Triaj,B,name_categories,,,,,,,,,,,infrastructure,institutional,,,,
cicero,4,4,4,Cicero,"BH,GL,MH,PH",persons,Marcus Tullius Cicero,M,-106,-43,ancient,"statesman, orator, philosopher",IT,,,,,,,,,
cimitirul nou,4,4,4,Cimitirul Nou,"DJ,GR,IF,TR",name_categories,,,,,,,,,,,infrastructure,cemetery,,,,
cimitirului vechi,4,3,4,Cimitirului Vechi,"BT,GJ,SJ",name_categories,,,,,,,,,,,infrastructure,cemetery,,,,
cioatelor,4,3,4,Cioatelor,"BT,NT,VS",nature_terms,,,,,,,,,Cioatelor,geography,,,,,,
ciobanasi,4,2,4,Aleea Ciobănași,"PH,TR",name_categories,,,,,,,,,,,occupational,shepherd,,,,
cioplanilor,4,2,3,Cioplanilor,"MH,OT",name_categories,,,,,,,,,,,occupational,stonecutter,,,,
ciorani,4,3,4,Ciorani,"DB,IL,VL",place_refs,,,,,,,,,,,,,Ciorani,ro_village,RO,
ciorogarlei,4,1,4,Ciorogârlei,IF,place_refs,,,,,,,,,,,,,Ciorogârla,river,RO,
cireselului,4,4,4,Cireșelului,"CS,GJ,MH,NT",nature_terms,,,,,,,,,Cireșel,tree,,,,,,
ciresoaiei,4,3,4,Cireșoaiei,"AR,BC,CL",nature_terms,,,,,,,,,Cireșoaia,tree,,,,,,
ciric,4,1,2,Ciric,IS,place_refs,,,,,,,,,,,,,Ciric,river,RO,
cisnadie,4,4,4,Aleea Cisnădie,"CJ,MS,SB,B",place_refs,,,,,,,,,,,,,Cisnădie,ro_city,RO,
cisnadiei,4,1,3,Calea Cisnădiei,SB,place_refs,,,,,,,,,,,,,Cisnădie,ro_city,RO,
citadelei,4,3,4,Aleea Citadelei,"BR,PH,TM",name_categories,,,,,,,,,,,infrastructure,fortification,,,,
ciubotica cucului,4,1,2,Ciuboțica Cucului,B,nature_terms,,,,,,,,,Ciuboțica cucului,flower,,,,,,
ciuca,4,3,4,Aleea Ciucă,"AG,DB,MH",persons,Gheorghe Ciucă,M,1885,1955,interwar,physician,RO,,,,,,,,,
ciucea,4,3,3,Aleea Ciucea,"CJ,CL,B",place_refs,,,,,,,,,,,,,Ciucea,ro_village,RO,
ciulei,4,3,4,Ciulei,"BT,MH,VL",persons,Liviu Ciulei,M,1923,2011,communist,director,RO,,,,,,,,,
ciurari,4,4,4,Ciurari,"AG,IF,GR,PH",name_categories,,,,,,,,,,,occupational,sieve maker,,,,
ciurea,4,3,4,Ciurea,"DB,SJ,B",place_refs,,,,,,,,,,,,,Ciurea,ro_village,RO,
ciurului,4,3,3,Ciurului,"CL,B,IF",name_categories,,,,,,,,,,,trade,crafts,,,,
ciuta,4,4,4,Ciuta,"AB,GJ,PH,VL",nature_terms,,,,,,,,,Ciuta,animal,,,,,,
ciutei,4,4,4,Ciutei,"GJ,OT,TM,B",nature_terms,,,,,,,,,Ciutei,animal,,,,,,
claudiu,4,2,3,Claudiu,"PH,B",persons,Claudius,M,-10,54,ancient,emperor,IT,,,,,,,,,
clopotei,4,2,4,Aleea Clopoței,"NT,PH",nature_terms,,,,,,,,,Clopoței,flower,,,,,,
clopotel,4,3,4,Clopoțel,"BT,BR,IS",nature_terms,,,,,,,,,Clopoțel,flower,,,,,,
closani,4,3,4,Aleea Cloșani,"DJ,MH,B",place_refs,,,,,,,,,,,,,Cloșani,ro_village,RO,
closca si crisan horia,4,4,4,"Horia, Cloșca și Crișan","AG,SV,TR,VN",persons,"Horia, Cloșca și Crișan",collective,,1785,premodern,revolutionaries,RO,,,,,,,,,
clucerului,4,2,3,Clucerului,"AG,B",name_categories,,,,,,,,,,,occupational,historical_rank,,,,
cocioaba,4,3,4,Cocioabă,"BC,VS,VN",name_categories,,,,,,,,,,,infrastructure,housing,,,,
cocorasti,4,3,4,Cocorăști,"BC,GL,VL",place_refs,,,,,,,,,,,,,Cocorăști,ro_village,RO,
codlea,4,3,4,Aleea Codlea,"CJ,DJ,B",place_refs,,,,,,,,,,,,,Codlea,ro_city,RO,
codreanu,4,2,4,Codreanu,"BT,GL",persons,Ion Codreanu,M,1879,1949,interwar,politician,RO,,,,,,,,,
codreni,4,2,3,Codreni,"BT,GL",place_refs,,,,,,,,,,,,,Codreni,ro_village,RO,
codrenilor,4,3,4,Codrenilor,"BT,GL,OT",name_categories,,,,,,,,,,,commemorative,demonym,,,,
codret,4,1,4,Codreț,BC,,,,,,,,,,,,,,,,,
codrii vlasiei,4,2,3,Codrii Vlăsiei,"IF,B",nature_terms,,,,,,,,,Codrii Vlăsiei,forest,,,,,,
cojocnei,4,1,4,Cojocnei,CJ,place_refs,,,,,,,,,,,,,Cojocna,ro_village,RO,
colacu,4,2,4,Colacu,"DB,SV",place_refs,,,,,,,,,,,,,Colacu,ro_village,RO,
colibita,4,3,4,Colibița,"BZ,CJ,TM",place_refs,,,,,,,,,,,,,Colibița,resort,RO,
colinii,4,3,4,Aleea Colinii,"MH,PH,VL",nature_terms,,,,,,,,,Colinii,geography,,,,,,
coloniilor,4,4,4,Coloniilor,"BZ,CT,CV,VN",name_categories,,,,,,,,,,,infrastructure,settlement,,,,
coltunas,4,4,4,Colțunaș,"AR,CT,DJ,OT",nature_terms,,,,,,,,,Colțunaș,flower,,,,,,
columbelor,4,2,4,Columbelor,"BZ,B",nature_terms,,,,,,,,,Columbelor,bird,,,,,,
combinei,4,2,4,Combinei,"GL,SB",name_categories,,,,,,,,,,,trade,industrial,,,,
comuna din paris,4,4,4,Comuna din Paris,"BR,GJ,TM,VS",name_categories,,,,,,,,,,,ideological,political,,,,
condor,4,3,4,Condor,"CT,CL,TL",nature_terms,,,,,,,,,Condor,bird,,,,,,
condorilor,4,1,4,Condorilor,BC,nature_terms,,,,,,,,,Condorilor,bird,,,,,,
conductelor,4,3,4,Conductelor,"GJ,IS,PH",name_categories,,,,,,,,,,,infrastructure,utility,,,,
condurasilor,4,3,4,Condurașilor,"AR,PH,VN",name_categories,,,,,,,,,,,occupational,craft,,,,
coniferelor,4,3,3,Coniferelor,"IS,SJ,TM",nature_terms,,,,,,,,,Coniferelor,tree,,,,,,
constantin a. rosetti,4,3,4,Constantin A. Rosetti,"GL,HD,TM",persons,Constantin A. Rosetti,M,1816,1885,premodern,politician,RO,,,,,,,,,
constantin apostol,4,3,3,Constantin Apostol,"TR,VN,B",persons,Constantin Apostol,M,1903,1975,communist,politician,RO,,,,,,,,,
constantin argetoianu,4,2,4,Constantin Argetoianu,"DJ,SJ",persons,Constantin Argetoianu,M,1871,1955,interwar,politician,RO,,,,,,,,,
constantin baraschi,4,2,3,Constantin Baraschi,"AG,TM",persons,Constantin Baraschi,M,1902,1966,communist,sculptor,RO,,,,,,,,,
constantin c. giurescu,4,3,4,Constantin C. Giurescu,"CT,GL,VN",persons,Constantin C. Giurescu,M,1901,1977,communist,historian,RO,,,,,,,,,
constantin ipsilanti,4,3,4,Constantin Ipsilanti,"CT,IL,VS",persons,Constantin Ipsilanti,M,1760,1816,premodern,politician,GR,,,,,,,,,
constantin lecca,4,4,4,Constantin Lecca,"BV,DJ,IS,B",persons,Constantin Lecca,M,1807,1873,premodern,painter,RO,,,,,,,,,
constantin mavrocordat,4,3,4,Constantin Mavrocordat,"AR,IS,VS",persons,Constantin Mavrocordat,M,1711,1769,premodern,ruler,RO,,,,,,,,,
constantin pavel,4,3,4,Constantin Pavel,"BH,BN,B",persons,Constantin Pavel,M,1884,1966,communist,cleric,RO,,,,,,,,,
constantin rautchi,4,2,3,Constantin Rauțchi,"B,IF",persons,Constantin Rauțchi,M,1934,1984,communist,actor,RO,,,,,,,,,
constantin silvestri,4,4,4,Aleea Constantin Silvestri,"CJ,MS,TM,B",persons,Constantin Silvestri,M,1913,1969,communist,conductor/composer,RO,,,,,,,,,
constantin titel petrescu,4,3,4,Constantin Titel Petrescu,"SB,TM,B",persons,Constantin Titel Petrescu,M,1888,1957,interwar,politician,RO,,,,,,,,,
constantinesti,4,4,4,Constantinești,"BR,GJ,OT,VL",place_refs,,,,,,,,,,,,,Constantinești,ro_village,RO,
contabilului,4,4,4,Contabilului,"BT,IL,NT,TR",name_categories,,,,,,,,,,,occupational,trade,,,,
contesti,4,2,4,Conțești,"NT,B",place_refs,,,,,,,,,,,,,Conțești,ro_village,RO,
conului,4,3,4,Conului,"IF,DB,PH",nature_terms,,,,,,,,,Conului,geography,,,,,,
coravu ion,4,2,3,"Coravu Ion, maior","DB,B",persons,Ion Coravu,M,,,interwar,military,RO,,,,,,,,,
corbenilor,4,4,4,Corbenilor,"AB,AG,BN,VL",place_refs,,,,,,,,,,,,,Corbeni,ro_village,RO,
corboaia,4,3,4,Corboaia,"BC,OT,VL",nature_terms,,,,,,,,,Corboaia,geography,,,,,,
coreea,4,4,4,Coreea,"BN,BT,GR,TR",place_refs,,,,,,,,,,,,,Coreea,region,KR,
coresi diaconu,4,4,4,Coresi Diaconu,"BV,CL,PH,TM",persons,Diaconul Coresi,M,,1583,medieval,printer/cleric,RO,,,,,,,,,
coriolan brediceanu,4,1,3,Coriolan Brediceanu,TM,persons,Coriolan Brediceanu,M,1849,1909,premodern,lawyer/politician,RO,,,,,,,,,
cormoran,4,3,4,Cormoran,"CT,MH,TL",nature_terms,,,,,,,,,Cormoran,bird,,,,,,
cosanzeana,4,3,4,Cosânzeana,"AR,PH,TM",name_categories,,,,,,,,,,,mythology,folklore,,,,
cosarilor,4,4,4,Coșarilor,"IS,PH,SV,TM",name_categories,,,,,,,,,,,occupational,trade,,,,
cosmin,4,3,3,Cosmin,"BZ,CJ,SB",name_categories,,,,,,,,,,,commemorative,historical_event,,,,
cosmonautilor,4,4,4,Cosmonauților,"DB,MM,PH,TM",name_categories,,,,,,,,,,,commemorative,ideological,,,,
cosoveni,4,3,4,Cosoveni,"DJ,SV,B",place_refs,,,,,,,,,,,,,Cosoveni,ro_village,RO,
costache,4,4,4,COSTACHE,"AG,IL,MH,OT",persons,Costache,M,,,premodern,generic_name,RO,,,,,,,,,
costachesti,4,2,4,Costăchești,"TR,VL",place_refs,,,,,,,,,,,,,Costăchești,ro_village,RO,
costea,4,4,4,Costea,"AG,BC,TR,VL",persons,Costea,M,,,medieval,nume propriu,RO,,,,,,,,,
cpt. grigore ignat,4,4,4,Cpt. Grigore Ignat,"BC,BR,CT,PH",persons,Grigore Ignat,M,1889,1941,interwar,militar,RO,,,,,,,,,
crac,4,3,4,Crac,"BT,GJ,MH",nature_terms,,,,,,,,,Crac,geography,,,,,,
cracaului,4,1,4,Cracăului,NT,place_refs,,,,,,,,,,,,,Cracău,river,RO,
cremenei,4,1,2,Cremenei,B,nature_terms,,,,,,,,,Cremene,geography,,,,,,
crestei,4,4,4,Crestei,"CJ,CV,B,IF",nature_terms,,,,,,,,,Creastă,geography,,,,,,
cretuleasca,4,2,4,Crețuleasca,"DB,OT",place_refs,,,,,,,,,,,,,Crețuleasca,ro_village,RO,
criseni,4,2,4,Crișeni,"CJ,HD",place_refs,,,,,,,,,,,,,Crișeni,ro_village,RO,
cristian,4,3,4,Cristian,"MM,SB,IF",place_refs,,,,,,,,,,,,,Cristian,ro_village,RO,
cronicar neculce ion,4,4,4,"Neculce Ion, cronicar","BV,BR,GL,TM",persons,Ion Neculce,M,1672,1745,premodern,cronicar,RO,,,,,,,,,
cucutei,4,3,4,Cucutei,"CT,NT,OT",nature_terms,,,,,,,,,Cucută,plant,,,,,,
cuibul berzei,4,4,4,Cuibul Berzei,"BZ,GR,NT,OT",nature_terms,,,,,,,,,Cuibul Berzei,bird,,,,,,
culmei,4,3,4,Culmei,"BC,HR,VS",nature_terms,,,,,,,,,Culme,geography,,,,,,
curatura,4,4,4,Curătura,"CJ,GJ,SB,DB",nature_terms,,,,,,,,,Curătură,geography,,,,,,
curaturilor,4,3,4,Curaturilor,"NT,VL,VN",nature_terms,,,,,,,,,Curătură,geography,,,,,,
custura,4,3,4,Custura,"BR,CJ,MH",nature_terms,,,,,,,,,Custură,geography,,,,,,
cutezatorilor,4,4,4,Aleea Cutezătorilor,"BR,CT,TM,B",name_categories,,,,,,,,,,,abstract,valori,,,,
d14,4,2,2,D14,"CT,PH",name_categories,,,,,,,,,,,infrastructure,codificare,,,,
d20,4,3,3,D20,"BT,CT,PH",name_categories,,,,,,,,,,,infrastructure,codificare,,,,
daesti,4,2,3,DAESTI,"MH,VL",place_refs,,,,,,,,,,,,,Dăești,ro_village,RO,
dafin,4,2,4,Dafin,"BZ,TL",nature_terms,,,,,,,,,Dafin,tree,,,,,,
dalhauti,4,3,3,Dalhăuți,"BZ,B,IF",place_refs,,,,,,,,,,,,,Dălhăuți,ro_village,RO,
dallas,4,3,4,Dallas,"CL,SV,TL",place_refs,,,,,,,,,,,,,Dallas,city,US,
damaschin,4,2,4,Damaschin,"VL,B",persons,Ioan Damaschin,M,676,749,medieval,theologian,SY,,,,,,,,,
dambeni,4,3,4,Dâmbeni,"MM,SM,SV",place_refs,,,,,,,,,,,,,Dâmbeni,ro_village,RO,
dambu morii,4,3,4,Dâmbu Morii,"BC,MM,NT",place_refs,,,,,,,,,,,,,Dâmbu Morii,geography,RO,
damian,4,4,4,Damian,"BZ,DJ,IS,SM",persons,Sfântul Damian,M,,287,ancient,physician,SY,,,,,,,,,
danesti,4,3,4,Aleea Dănești,"BZ,DJ,PH",place_refs,,,,,,,,,,,,,Dănești,ro_village,RO,
danila,4,3,4,Dănilă,"BZ,IS,SJ",persons,Dănilă,M,,,medieval,folklore character,RO,,,,,,,,,
danubiu,4,3,3,Aleea Danubiu,"CT,IL,B",place_refs,,,,,,,,,,,,,Dunărea,river,RO,
danului,4,4,4,Danului,"AG,GR,OT,VL",nature_terms,,,,,,,,,Danului,geography,,,,,,
dariu pop,4,3,3,Dariu Pop,"BN,CJ,SM",persons,Dariu Pop,M,1897,1982,communist,teacher,RO,,,,,,,,,
darwin charles,4,4,4,Darwin Charles,"CT,PH,SB,TM",persons,Charles Darwin,M,1809,1882,premodern,naturalist,GB,,,,,,,,,
daunelor,4,1,4,Strada Dăunelor,AB,,,,,,,,,,,,,,,,,
daunului,4,1,4,Strada Dăunului,AB,,,,,,,,,,,,,,,,,
deak,4,1,4,Deák,HR,persons,Ferenc Deák,M,1803,1876,premodern,politician,HU,,,,,,,,,
dealu,4,3,4,Dealu,"AB,DB,TL",nature_terms,,,,,,,,,Dealu,geography,,,,,,
dealul bucium,4,1,2,Dealul Bucium,IS,place_refs,,,,,,,,,,,,,Dealul Bucium,geography,RO,
dealul florilor,4,4,4,Dealul Florilor,"BN,CJ,MM,SB",nature_terms,,,,,,,,,Dealul Florilor,geography,,,,,,
dealul luncii,4,3,4,Dealul Luncii,"BC,TL,VL",nature_terms,,,,,,,,,Dealul Luncii,geography,,,,,,
dealul malului,4,1,3,Dealul Malului,VL,nature_terms,,,,,,,,,Dealul Malului,geography,,,,,,
dealul podului,4,2,4,Dealul Podului,"BC,DJ",nature_terms,,,,,,,,,Dealul Podului,geography,,,,,,
dealul vii,4,1,4,Dealul Vii,VL,nature_terms,,,,,,,,,Dealul Vii,geography,,,,,,
deditel,4,2,3,Aleea Dedițel,"OT,PH",nature_terms,,,,,,,,,Dedițel,flower,,,,,,
deleanu ion budai,4,3,4,Deleanu Ion Budai,"AG,SB,TM",persons,Ion Budai-Deleanu,M,1760,1820,premodern,writer/linguist,RO,,,,,,,,,
delenilor,4,4,4,Delenilor,"BT,DJ,CL,SV",name_categories,,,,,,,,,,,commemorative,toponymic,,,,
delinesti,4,2,4,Delinești,"TM,B",place_refs,,,,,,,,,,,,,Delinești,ro_village,RO,
diaconesti,4,3,4,Diaconești,"BC,DB,VL",place_refs,,,,,,,,,,,,,Diaconești,ro_village,RO,
diconesti,4,2,4,Diconești,"DB,VL",place_refs,,,,,,,,,,,,,Diconești,ro_village,RO,
diculestilor,4,3,4,Diculeștilor,"DJ,OT,VL",name_categories,,,,,,,,,,,commemorative,toponymic,,,,
diham,4,3,4,Aleea Diham,"BV,PH,B",place_refs,,,,,,,,,,,,,Diham,mountain,RO,
dimieni,4,1,2,Dimieni,B,place_refs,,,,,,,,,,,,,Dimieni,ro_village,RO,
dimitrie cuclin,4,3,4,Dimitrie Cuclin,"AR,CT,GL",persons,Dimitrie Cuclin,M,1885,1978,communist,composer,RO,,,,,,,,,
dimitrie grecescu,4,3,4,Dimitrie Grecescu,"DJ,MH,B",persons,Dimitrie Grecescu,M,1841,1910,premodern,botanist,RO,,,,,,,,,
dimitrie harlescu,4,3,4,Aleea Pictor Dimitrie Hîrlescu,"GL,SV,B",persons,Dimitrie Hîrlescu,M,1872,1957,communist,painter,RO,,,,,,,,,
dimitrie rallet,4,4,4,Dimitrie Rallet,"BT,DB,B,IF",persons,Dimitrie Rallet,M,1816,1888,premodern,writer,RO,,,,,,,,,
din deal,4,3,4,Din Deal,"CJ,IS,TL",name_categories,,,,,,,,,,,commemorative,toponymic,,,,
dinca,4,4,4,Dincă,"BZ,DJ,OT,VL",persons,Dincă,M,,,premodern,local figure,RO,,,,,,,,,
dispensar veterinar,4,3,4,Dispensar Veterinar,"DJ,MM,VL",name_categories,,,,,,,,,,,institutional,infrastructure,,,,
dj561a,4,1,4,Dj561A,MH,,,,,,,,,,,,,,,,,
doamna elena,4,3,4,Doamna Elena,"GR,NT,B",persons,Doamna Elena,F,,,medieval,nobility,RO,,,,,,,,,
docherilor,4,3,3,Docherilor,"CT,DJ,B",name_categories,,,,,,,,,,,occupational,trade,,,,
dogaresti,4,2,4,Dogărești,"GR,VL",name_categories,,,,,,,,,,,occupational,trade,,,,
doina cornea,4,3,4,Bulevardul Doina Cornea,"CJ,TM,B",persons,Doina Cornea,F,1929,2018,communist,dissident,RO,,,,,,,,,
doina si ion aldea-teodorovici,4,4,4,Doina și Ion Aldea-Teodorovici,"AG,BT,GL,TM",persons,Doina și Ion Aldea-Teodorovici,collective,,1992,communist,musicians,MD,,,,,,,,,
doinelor,4,3,4,Doinelor,"BT,IS,VL",name_categories,,,,,,,,,,,abstract,culture,,,,
doljului,4,3,4,Doljului,"DJ,OT,SB",place_refs,,,,,,,,,,,,,Dolj,region,RO,
donici,4,3,4,Donici,"BC,GL,VS",persons,Alexandru Donici,M,1806,1865,premodern,writer,RO,,,,,,,,,
dorin pavel,4,3,3,Dorin Pavel,"AB,BZ,B",persons,Dorin Pavel,M,1900,1984,communist,engineer,RO,,,,,,,,,
draganului,4,4,4,Drăganului,"BV,MH,B,IF",place_refs,,,,,,,,,,,,,Drăgan,river,RO,
dragnea,4,3,4,Dragnea,"AG,TR,TL",persons,Dragnea,M,,,premodern,unknown,RO,,,,,,,,,
dragoi,4,3,4,Drăgoi,"DB,NT,VL",persons,Drăgoi,M,,,premodern,unknown,RO,,,,,,,,,
dragomir hurmuzescu,4,2,4,Dragomir Hurmuzescu,"VS,B",persons,Dragomir Hurmuzescu,M,1865,1954,interwar,physicist,RO,,,,,,,,,
drum acces cic,4,4,4,Drum acces CIC,"AR,CJ,HD,IF",name_categories,,,,,,,,,,,infrastructure,transport,,,,
drum comunal,4,4,4,Drum Comunal,"AG,GR,MS,VS",name_categories,,,,,,,,,,,infrastructure,transport,,,,
drum forestier,4,2,4,Drum forestier,"BV,NT",name_categories,,,,,,,,,,,infrastructure,transport,,,,
drumul taberei,4,3,4,Drumul Taberei,"PH,B,IF",name_categories,,,,,,,,,,,commemorative,historical,,,,
drumul tarii,4,3,4,Drumul Țării,"AB,CJ,MM",name_categories,,,,,,,,,,,infrastructure,transport,,,,
ds10,4,1,4,Ds10,TM,,,,,,,,,,,,,,,,,
ds11,4,1,4,Ds11,TM,name_categories,,,,,,,,,,,infrastructure,numbered_street,,,,
ds12,4,1,4,Ds12,TM,name_categories,,,,,,,,,,,infrastructure,numbered_street,,,,
ds13,4,1,4,Ds13,TM,name_categories,,,,,,,,,,,infrastructure,numbered_street,,,,
ds14,4,1,4,Ds14,TM,name_categories,,,,,,,,,,,infrastructure,numbered_street,,,,
ds15,4,1,4,Ds15,TM,name_categories,,,,,,,,,,,infrastructure,numbered_street,,,,
ds18,4,1,4,Ds18,TM,name_categories,,,,,,,,,,,infrastructure,numbered_street,,,,
ds19,4,1,4,Ds19,TM,name_categories,,,,,,,,,,,infrastructure,numbered_street,,,,
ds2,4,1,4,Ds2,TM,name_categories,,,,,,,,,,,infrastructure,numbered_street,,,,
ds20,4,1,4,Ds20,TM,name_categories,,,,,,,,,,,infrastructure,numbered_street,,,,
ds21,4,1,4,Ds21,TM,name_categories,,,,,,,,,,,infrastructure,numbered_street,,,,
ds22,4,1,4,Ds22,TM,name_categories,,,,,,,,,,,infrastructure,numbered_street,,,,
ds23,4,1,4,Ds23,TM,name_categories,,,,,,,,,,,infrastructure,numbered_street,,,,
ds24,4,1,4,Ds24,TM,name_categories,,,,,,,,,,,infrastructure,numbered_street,,,,
ds25,4,1,4,Ds25,TM,name_categories,,,,,,,,,,,infrastructure,numbered_street,,,,
ds26,4,1,4,Ds26,TM,name_categories,,,,,,,,,,,infrastructure,numbered_street,,,,
ds3,4,1,4,Ds3,TM,name_categories,,,,,,,,,,,infrastructure,numbered_street,,,,
ds4,4,1,4,Ds4,TM,name_categories,,,,,,,,,,,infrastructure,numbered_street,,,,
ds5,4,1,4,Ds5,TM,name_categories,,,,,,,,,,,infrastructure,numbered_street,,,,
ds6,4,1,4,Ds6,TM,name_categories,,,,,,,,,,,infrastructure,numbered_street,,,,
ds7,4,1,4,Ds7,TM,name_categories,,,,,,,,,,,infrastructure,numbered_street,,,,
dudu,4,2,4,Dudu,"CJ,VN",nature_terms,,,,,,,,,Dudu,tree,,,,,,
duiliu marcu,4,3,4,Arh. Duiliu Marcu,"DJ,SB,TM",persons,Duiliu Marcu,M,1885,1966,interwar,arhitect,RO,,,,,,,,,
dumbrava noua,4,3,4,Dumbrava Nouă,"BR,GR,B",nature_terms,,,,,,,,,Dumbrava Nouă,forest,,,,,,
dumitritelor,4,3,4,Dumitrițelor,"BT,IS,NT",nature_terms,,,,,,,,,Dumitrițelor,flower,,,,,,
dumitru,4,4,4,Dumitru,"AG,BZ,CJ,VL",persons,Dumitru,M,,,medieval,sfânt,,,,,,,,,,
dumitru marinescu,4,4,4,Dumitru Marinescu,"CT,DJ,OT,B",persons,Dumitru Marinescu,M,1850,1920,premodern,militar,RO,,,,,,,,,
dupa suri,4,3,4,După Șuri,"BV,CJ,SB",nature_terms,,,,,,,,,După Șuri,geography,,,,,,
dupa tau,4,3,4,După Tău,"CJ,MS,SJ",nature_terms,,,,,,,,,După Tău,water,,,,,,
dura,4,3,4,Dura,"DB,MM,TM",persons,Dura,M,,,medieval,nobil,RO,,,,,,,,,
durau,4,4,4,Durău,"BC,BV,B,IF",place_refs,,,,,,,,,,,,,Durău,ro_village,RO,
echinoctiului,4,3,4,Echinocțiului,"TM,B,IF",nature_terms,,,,,,,,,Echinocțiului,season,,,,,,
echitatii,4,1,4,Aleea Echității,VN,name_categories,,,,,,,,,,,abstract,valori,,,,
ecologistilor,4,3,4,Ecologiștilor,"BV,TM,IF",name_categories,,,,,,,,,,,occupational,profesii,,,,
eduard caudella,4,2,2,Eduard Caudella,"CT,IS",persons,Eduard Caudella,M,1841,1924,premodern,compozitor,RO,,,,,,,,,
eftimiu victor,4,4,4,Eftimiu Victor,"AR,AG,CJ,B",persons,Victor Eftimiu,M,1889,1972,interwar,scriitor,RO,,,,,,,,,
egretelor,4,4,4,Aleea Egretelor,"DJ,GL,SJ,VS",nature_terms,,,,,,,,,Egretelor,bird,,,,,,
elba,4,2,4,Elba,"CT,TM",place_refs,,,,,,,,,,,,,Elba,river,DE,
electronicii,4,3,3,Electronicii,"CJ,TM,B",name_categories,,,,,,,,,,,infrastructure,tehnologie,,,,
elias,4,3,4,Elias,"MH,OT,PH",persons,Jacques Elias,M,1844,1923,premodern,filantrop,RO,,,,,,,,,
elie radu,4,4,4,Aleea Elie Radu,"AG,BT,PH,B",persons,Elie Radu,M,1853,1931,premodern,inginer,RO,,,,,,,,,
elvira godeanu,4,2,4,Elvira Godeanu,"CT,GJ",persons,Elvira Godeanu,F,1904,1991,interwar,actriță,RO,,,,,,,,,
emil costinescu,4,2,3,Doctor Emil Costinescu,"CT,NT",persons,Emil Costinescu,M,1844,1921,premodern,"om politic, economist",RO,,,,,,,,,
emil montia,4,1,4,Emil Monția,AR,persons,Emil Monția,M,1882,1965,interwar,"compozitor, folclorist",RO,,,,,,,,,
enescu,4,4,4,Doctor Enescu,"MH,PH,TR,TM",persons,George Enescu,M,1881,1955,interwar,"compozitor, violonist",RO,,,,,,,,,
epocii,4,2,4,Epocii,"B,IF",name_categories,,,,,,,,,,,abstract,concept,,,,
eucaliptului,4,2,4,Eucaliptului,"TM,B",nature_terms,,,,,,,,,Eucaliptului,tree,,,,,,
eugen ionesco,4,4,4,Eugen Ionesco,"BH,CJ,SM,B",persons,Eugen Ionesco,M,1909,1994,interwar,dramaturg,RO,,,,,,,,,
europa unita,4,2,3,Europa Unită,"SB,IF",name_categories,,,,,,,,,,,ideological,political,,,,
extravilan,4,4,4,Extravilan,"AR,BV,CS,TM",name_categories,,,,,,,,,,,infrastructure,administrative,,,,
ezareni,4,2,4,Ezăreni,"IS,B",place_refs,,,,,,,,,,,,,Ezăreni,ro_village,RO,
fabrica de zahar,4,4,4,Aleea Fabrica de Zahăr,"DB,GR,MS,VN",name_categories,,,,,,,,,,,trade,industrial,,,,
fagurilor,4,2,3,Fagurilor,"IF,PH",nature_terms,,,,,,,,,Fagurilor,tree,,,,,,
faleza,4,4,4,Faleza,"BN,CT,OT,SV",nature_terms,,,,,,,,,Faleză,geography,,,,,,
fanarului,4,2,4,Fânarului,"BC,BV",name_categories,,,,,,,,,,,trade,occupational,,,,
fanetei,4,3,4,Fâneței,"AB,MS,IF",nature_terms,,,,,,,,,Fâneței,meadow,,,,,,
fantana doamnei,4,3,3,Fântâna Doamnei,"BT,IS,SV",name_categories,,,,,,,,,,,commemorative,legend,,,,
fantana oilor,4,2,4,Drumul Fântâna Oilor,"GL,B",name_categories,,,,,,,,,,,trade,pastoral,,,,
fantanarului,4,3,4,Fântânarului,"BC,BT,DJ",name_categories,,,,,,,,,,,trade,occupational,,,,
fauresti,4,4,4,Făurești,"AB,SJ,VL,B",place_refs,,,,,,,,,,,,,Făurești,ro_village,RO,
feldioara,4,4,4,Feldioara,"DJ,GL,TM,B",place_refs,,,,,,,,,,,,,Feldioara,ro_village,RO,
fenyo,4,1,4,Fenyő,HR,nature_terms,,,,,,,,,Fenyő,tree,,,,,,
ferastrau,4,4,4,Ferăstrău,"IS,MM,SM,B",name_categories,,,,,,,,,,,trade,craft,,,,
fete,4,3,4,Fețe,"CJ,DB,VL",nature_terms,,,,,,,,,Fețe,geography,,,,,,
fetelor,4,4,4,Fetelor,"BR,DJ,TL,VL",name_categories,,,,,,,,,,,abstract,social,,,,
filiasi,4,2,4,Filiași,"BV,B",place_refs,,,,,,,,,,,,,Filiași,ro_city,RO,
filip,4,4,4,Filip,"DB,NT,VL,VN",persons,Filip,M,,,medieval,monarch,RO,,,,,,,,,
finlanda,4,3,4,Finlanda,"IS,VS,B",place_refs,,,,,,,,,,,,,Finlanda,region,FI,
firiza,4,3,3,Aleea Firiza,"CJ,MM,MH",place_refs,,,,,,,,,,,,,Firiza,river,RO,
flamanda,4,3,4,Flămânda,"AG,BZ,CT",place_refs,,,,,,,,,,,,,Flămânda,battle_site,RO,
flautului,4,3,4,Flautului,"CL,TM,B",name_categories,,,,,,,,,,,abstract,art,,,,
flavia,4,3,3,Flavia,"AR,CT,IF",persons,Flavia,F,,,ancient,noble,IT,,,,,,,,,
floare albastra,4,2,3,Floare Albastră,"IF,B",name_categories,,,,,,,,,,,abstract,literature,,,,
floarea de colt,4,4,4,Floarea de Colț,"BT,GJ,IL,PH",nature_terms,,,,,,,,,Floarea de Colț,flower,,,,,,
floarea reginei,4,2,4,Floarea Reginei,"BC,TR",nature_terms,,,,,,,,,Floarea Reginei,flower,,,,,,
florica,4,3,4,Florica,"AG,VL,B",persons,Florica,F,,,premodern,noble,RO,,,,,,,,,
floriilor,4,3,4,Floriilor,"AG,CT,IF",name_categories,,,,,,,,,,,religious,holiday,,,,
florilor 1,4,4,4,Florilor 1,"AB,NT,SJ,VL",nature_terms,,,,,,,,,Florilor,flower,,,,,,
fluturelui,4,3,4,Fluturelui,"BT,TM,TL",nature_terms,,,,,,,,,Fluturelui,animal,,,,,,
forajelor,4,3,4,Forajelor,"BZ,GJ,PH",name_categories,,,,,,,,,,,trade,industry,,,,
francisc munteanu,4,3,4,Francisc Munteanu,"HD,B,IF",persons,Francisc Munteanu,M,1924,1993,communist,writer,RO,,,,,,,,,
frasina,4,2,4,Frasina,"BZ,CS",nature_terms,,,,,,,,,Frăsina,tree,,,,,,
frecatei,4,2,4,Frecăței,"VN,B",place_refs,,,,,,,,,,,,,Frecăței,ro_village,RO,
fulgilor,4,3,4,Fulgilor,"IS,TM,B",nature_terms,,,,,,,,,Fulgilor,weather,,,,,,
fundatura salcamului,4,3,4,Fundătura Salcamului,"MH,NT,VN",nature_terms,,,,,,,,,Salcâmului,tree,,,,,,
fundu vaii,4,3,4,Fundu Văii,"BT,IS,VS",nature_terms,,,,,,,,,Fundu Văii,geography,,,,,,
furculesti,4,2,3,Furculești,"OT,B",place_refs,,,,,,,,,,,,,Furculești,ro_village,RO,
furnalului,4,3,4,Furnalului,"PH,SV,B",name_categories,,,,,,,,,,,trade,occupational,,,,
furtunii,4,3,4,Furtunii,"BC,BT,TL",nature_terms,,,,,,,,,Furtunii,weather,,,,,,
gabroveni,4,2,4,Gabroveni,"DJ,B",place_refs,,,,,,,,,,,,,Gabroveni,ro_village,RO,
gagului,4,2,3,Drumul Gagului,"IF,VN",,,,,,,,,,,,,,,,,
galata,4,2,3,Calea Galata,"IS,IF",place_refs,,,,,,,,,,,,,Galata,region,RO,
galbeni,4,4,4,Galbeni,"BC,GJ,IS,VN",place_refs,,,,,,,,,,,,,Galbeni,ro_village,RO,
gales,4,4,4,Galeș,"AB,SB,B,IF",place_refs,,,,,,,,,,,,,Galeș,ro_village,RO,
gane nicolae,4,4,4,Gane Nicolae,"AG,BH,IS,B",persons,Nicolae Gane,M,1838,1916,premodern,writer/politician,RO,,,,,,,,,
ganesti,4,3,4,Gănești,"BV,IF,VL",place_refs,,,,,,,,,,,,,Gănești,ro_village,RO,
gara veche,4,4,4,Gara Veche,"BZ,DJ,NT,SM",name_categories,,,,,,,,,,,infrastructure,institutional,,,,
garana,4,2,4,Gărâna,"CS,TM",place_refs,,,,,,,,,,,,,Gărâna,ro_village,RO,
garbau,4,1,4,Aleea Gârbău,CJ,place_refs,,,,,,,,,,,,,Gârbău,ro_village,RO,
garibaldi giuseppe,4,4,4,Garibaldi Giuseppe,"GL,MM,SB,B",persons,Giuseppe Garibaldi,M,1807,1882,premodern,revolutionary/general,IT,,,,,,,,,
garii catelu,4,2,3,Gării Cățelu,"B,IF",name_categories,,,,,,,,,,,infrastructure,institutional,,,,
garii de nord,4,1,2,Gării de Nord,B,name_categories,,,,,,,,,,,infrastructure,transport,,,,
garla veche,4,3,4,Gârla Veche,"AG,BC,NT",nature_terms,,,,,,,,,Gârla Veche,water,,,,,,
gaspar,4,3,4,Gașpăr,"CV,HR,VL",persons,Gașpăr,M,,,medieval,nobility,RO,,,,,,,,,
gater,4,3,4,Gater,"HR,MM,SM",name_categories,,,,,,,,,,,trade,industry,,,,
gazelei,4,4,4,Gazelei,"SB,TL,B,IF",nature_terms,,,,,,,,,Gazelei,animal,,,,,,
gen. eremia grigorescu,4,2,4,Gen. Eremia Grigorescu,"BH,GL",persons,Eremia Grigorescu,M,1863,1919,interwar,military,RO,,,,,,,,,
general traian doda,4,3,4,G-ral Traian Doda,"CS,TM,B",persons,Traian Doda,M,1822,1895,premodern,military,RO,,,,,,,,,
genezei,4,3,4,Genezei,"AB,IL,TM",name_categories,,,,,,,,,,,religious,biblical,,,,
gentiana,4,3,4,Gențiana,"BT,PH,TM",nature_terms,,,,,,,,,Gențiana,flower,,,,,,
george apostu,4,2,4,George Apostu,"BC,GL",persons,George Apostu,M,1934,1986,communist,sculptor,RO,,,,,,,,,
george calboreanu,4,3,4,George Calboreanu,"BT,CT,B",persons,George Calboreanu,M,1896,1986,communist,actor,RO,,,,,,,,,
gheorghe buciumat,4,1,2,Gheorghe Buciumat,B,persons,Gheorghe Buciumat,M,1910,1990,communist,military,RO,,,,,,,,,
gheorghe costaforu,4,3,3,Gheorghe Costaforu,"BH,BZ,B",persons,Gheorghe Costaforu,M,1820,1876,premodern,politician,RO,,,,,,,,,
gheorghe cozorici,4,3,4,Gheorghe Cozorici,"SV,B,IF",persons,Gheorghe Cozorici,M,1933,1993,communist,actor,RO,,,,,,,,,
gheorghe ghica,4,2,4,Gheorghe Ghica,"CT,VS",persons,Gheorghe Ghica,M,1600,1664,medieval,ruler,RO,,,,,,,,,
gheorghe ivanescu,4,2,2,Aleea Gheorghe Ivănescu,"IS,TM",persons,Gheorghe Ivănescu,M,1912,2007,communist,linguist,RO,,,,,,,,,
gheorghe munteanu murgoci,4,4,4,Gheorghe Munteanu Murgoci,"BR,BZ,CT,B",persons,Gheorghe Munteanu Murgoci,M,1872,1925,interwar,geologist,RO,,,,,,,,,
gheorghe strat,4,3,4,Gheorghe Strat,"BC,GL,VS",persons,Gheorghe Strat,M,1885,1963,communist,politician,RO,,,,,,,,,
gheorghe tatarescu,4,3,4,Gheorghe Tătărescu,"AB,GJ,SB",persons,Gheorghe Tătărescu,M,1886,1957,communist,politician,RO,,,,,,,,,
gheorghiu,4,3,4,Gheorghiu,"BT,CT,PH",persons,Gheorghiu,M,,,premodern,academic,RO,,,,,,,,,
gherghesti,4,2,3,Gherghești,"MH,TR",place_refs,,,,,,,,,,,,,Gherghești,ro_village,RO,
gherghina,4,3,4,Gherghina,"MH,VL,B",nature_terms,,,,,,,,,Gherghină,fruit,,,,,,
ghermanesti,4,2,4,Ghermănești,"IF,SV",place_refs,,,,,,,,,,,,,Ghermănești,ro_village,RO,
ghica,4,3,3,Ghica,"MH,NT,VL",persons,Familia Ghica,collective,,,medieval,nobility,RO,,,,,,,,,
giurgiu,4,4,4,Giurgiu,"DJ,TR,TM,IF",place_refs,,,,,,,,,,,,,Giurgiu,ro_city,RO,
glavacioc,4,2,4,Drumul Glavacioc,"TR,B",place_refs,,,,,,,,,,,,,Glavacioc,ro_monastery,RO,
glavanesti,4,3,4,Glăvănești,"PH,VN,B",place_refs,,,,,,,,,,,,,Glăvănești,ro_village,RO,
glodeanu,4,1,4,Glodeanu,VL,place_refs,,,,,,,,,,,,,Glodeanu,ro_village,RO,
gloduri,4,3,3,Gloduri,"BN,GJ,SV",nature_terms,,,,,,,,,Gloduri,geography,,,,,,
golescu alexandru,4,4,4,Golescu Alexandru,"BC,BZ,TM,VN",persons,Alexandru Golescu,M,1819,1881,1848,politician,RO,,,,,,,,,
golescu nicolae,4,4,4,Golescu Nicolae,"AB,AR,SM,B",persons,Nicolae Golescu,M,1810,1877,1848,politician,RO,,,,,,,,,
gornistilor,4,3,3,Aleea Gorniștilor,"OT,PH,TM",name_categories,,,,,,,,,,,occupational,military,,,,
gornistului,4,3,4,Aleea Gornistului,"DJ,PH,VL",name_categories,,,,,,,,,,,occupational,military,,,,
gospodaria de apa,4,4,4,Gospodăria De Apă,"IL,GR,TR,VN",name_categories,,,,,,,,,,,infrastructure,utility,,,,
gotca,4,2,4,Gotca,"BC,VN",place_refs,,,,,,,,,,,,,Gotca,ro_village,RO,
gradina veche,4,2,4,Grădina Veche,"GL,VN",nature_terms,,,,,,,,,Grădina Veche,meadow,,,,,,
gradistea,4,4,4,Grădiștea,"BZ,CL,OT,B",place_refs,,,,,,,,,,,,,Grădiștea,ro_village,RO,
graiului,4,3,4,Graiului,"IS,TR,B",name_categories,,,,,,,,,,,abstract,culture,,,,
grajduri,4,3,4,Grajduri,"BT,GR,VN",name_categories,,,,,,,,,,,infrastructure,agricultural,,,,
grajdurilor,4,4,4,Grajdurilor,"CJ,CT,SJ,VL",name_categories,,,,,,,,,,,infrastructure,agricultural,,,,
granari,4,3,4,Grânari,"BV,OT,SB",place_refs,,,,,,,,,,,,,Grânari,ro_village,RO,
grapei,4,3,4,Grapei,"CJ,MS,B",name_categories,,,,,,,,,,,trade,agricultural_tool,,,,
greblei,4,3,4,Greblei,"IL,B,IF",name_categories,,,,,,,,,,,trade,agricultural_tool,,,,
grigore alexandru ghica,4,3,4,Grigore Alexandru Ghica,"BV,GJ,SV",persons,Grigore Alexandru Ghica,M,1824,1891,premodern,politician,RO,,,,,,,,,
grigore balan,4,4,4,Bulevardul General Grigore Bălan,"BN,CV,MM,SB",persons,Grigore Bălan,M,1896,1944,interwar,military,RO,,,,,,,,,
grigore cantilli,4,2,4,General Grigore Cantilli,"BC,B",persons,Grigore Cantilli,M,1869,1930,interwar,military,RO,,,,,,,,,
grigore ion,4,3,4,"Grigore Ion, serg.","IS,OT,B",persons,Ion Grigore,M,1907,1944,interwar,military,RO,,,,,,,,,
grigore ionescu,4,2,4,Grigore Ionescu,"SB,B",persons,Grigore Ionescu,M,1904,1992,communist,architect,RO,,,,,,,,,
grigore tabacaru,4,2,4,Grigore Tăbăcaru,"BC,GL",persons,Grigore Tăbăcaru,M,1883,1939,interwar,educator,RO,,,,,,,,,
grigoresti,4,4,4,Grigorești,"AG,DB,SV,VL",place_refs,,,,,,,,,,,,,Grigorești,ro_village,RO,
grind,4,3,4,Grind,"DB,GJ,SV",nature_terms,,,,,,,,,Grind,geography,,,,,,
gropeni,4,3,4,Gropeni,"AG,CJ,TL",place_refs,,,,,,,,,,,,,Gropeni,ro_village,RO,
gropii,4,4,4,Gropii,"AB,BZ,HR,SM",nature_terms,,,,,,,,,Gropii,geography,,,,,,
grosi,4,2,4,Groși,"AG,VL",place_refs,,,,,,,,,,,,,Groși,ro_village,RO,
gruisor,4,2,4,Gruișor,"MS,VL",nature_terms,,,,,,,,,Gruișor,geography,,,,,,
gurghiu,4,2,4,Aleea Gurghiu,"CJ,TM",place_refs,,,,,,,,,,,,,Gurghiu,ro_village,RO,
gurgui,4,3,4,Fundătura Gurgui,"BV,BZ,GJ",nature_terms,,,,,,,,,Gurgui,geography,,,,,,
guruiet,4,3,4,Guruiet,"AB,SJ,SB",nature_terms,,,,,,,,,Guruiet,geography,,,,,,
gutului,4,4,4,Gutului,"AR,BV,MH,SV",nature_terms,,,,,,,,,Gutui,fruit,,,,,,
haltii,4,3,4,Haltii,"AG,IL,SV",name_categories,,,,,,,,,,,infrastructure,transport,,,,
handal,4,1,4,Handal,MM,nature_terms,,,,,,,,,Handal,geography,,,,,,
hangului,4,3,4,Hangului,"BC,NT,VN",place_refs,,,,,,,,,,,,,Hangul,ro_village,RO,
hartopului,4,2,4,Hârtopului,"BT,B",nature_terms,,,,,,,,,Hârtop,geography,,,,,,
harului,4,3,3,Harului,"DB,MH,SV",name_categories,,,,,,,,,,,abstract,virtue,,,,
hatisului,4,4,4,Hațișului,"IS,OT,B,IF",nature_terms,,,,,,,,,Hațiș,forest,,,,,,
heinrich heine,4,3,4,Heinrich Heine,"CJ,SB,TM",persons,Heinrich Heine,M,1797,1856,premodern,poet,DE,,,,,,,,,
helesteelor,4,4,4,Heleșteelor,"DB,GJ,IS,SV",nature_terms,,,,,,,,,Heleșteu,water,,,,,,
heliade radulescu,4,2,4,Heliade Rădulescu,"CL,VN",persons,Ion Heliade Rădulescu,M,1802,1872,1848,writer/politician,RO,,,,,,,,,
hodai,4,3,4,Hodăi,"BN,CJ,SJ",nature_terms,,,,,,,,,Hodăi,geography,,,,,,
hodaie,4,3,4,Hodaie,"BN,CJ,MS",nature_terms,,,,,,,,,Hodaie,geography,,,,,,
holdei,4,4,4,Holdei,"AB,BN,IS,TM",nature_terms,,,,,,,,,Holdă,meadow,,,,,,
horia creanga,4,2,4,Horia Creangă,"SB,TM",persons,Horia Creangă,M,1892,1943,interwar,architect,RO,,,,,,,,,
horia lovinescu,4,3,4,Horia Lovinescu,"BV,GL,IS",persons,Horia Lovinescu,M,1917,1983,communist,playwright,RO,,,,,,,,,
horiei,4,2,4,Horiei,"MH,TL",persons,Horia (Vasile Ursu Nicola),M,1731,1785,premodern,revolutionary,RO,,,,,,,,,
horincei,4,1,4,Horincei,GL,,,,,,,,,,,,,,,,,
hornului,4,3,3,Hornului,"DB,MM,B",nature_terms,,,,,,,,,Horn,geography,,,,,,
horticulturii,4,3,4,Horticulturii,"BZ,CJ,MH",name_categories,,,,,,,,,,,occupational,agriculture,,,,
hosszu,4,2,4,Hosszu,"CJ,HR",persons,Iuliu Hossu,M,1885,1970,communist,cleric,RO,,,,,,,,,
hurezului,4,2,3,Hurezului,"BV,TL",place_refs,,,,,,,,,,,,,Hurezi,ro_monastery,RO,
hurubeni,4,2,4,Hurubeni,"AB,CJ",,,,,,,,,,,,,,,,,
i. i. mironescu,4,2,3,I. I. Mironescu,"IS,NT",persons,Ion I. Mironescu,M,1883,1939,interwar,writer and physician,RO,,,,,,,,,
i.l caragiale,4,2,4,Strada I.L Caragiale,"AB,HD",persons,Ion Luca Caragiale,M,1852,1912,premodern,playwright and writer,RO,,,,,,,,,
iacob bologa,4,3,4,Iacob Bologa,"CJ,SB,B",persons,Iacob Bologa,M,1817,1888,premodern,politician and lawyer,RO,,,,,,,,,
iacob negruzzi,4,3,4,Iacob Negruzzi,"IS,PH,B",persons,Iacob Negruzzi,M,1842,1932,interwar,writer and academic,RO,,,,,,,,,
iacob zadik,4,1,4,General Iacob Zadik,SV,persons,Iacob Zadik,M,1867,1970,interwar,general,RO,,,,,,,,,
iacobeni,4,3,4,Iacobeni,"NT,VS,B",place_refs,,,,,,,,,,,,,Iacobeni,ro_village,RO,
ianos,4,3,4,Ianoș,"BC,GJ,MH",persons,Ianoș,M,,,premodern,historical figure,RO,,,,,,,,,
idealului,4,2,4,Idealului,"IF,B",name_categories,,,,,,,,,,,abstract,philosophical,,,,
ierbii,4,3,4,Ierbii,"BT,CJ,PH",nature_terms,,,,,,,,,Ierbii,plant,,,,,,
ifrimesti,4,2,3,Ifrimești,"OT,VL",place_refs,,,,,,,,,,,,,Ifrimești,ro_village,RO,
ignat grigore,4,4,4,"Ignat Grigore, cpt.","CJ,CT,SB,VS",persons,Grigore Ignat,M,1889,1941,interwar,military officer,RO,,,,,,,,,
ignisului,4,2,4,Ignisului,"MM,SM",nature_terms,,,,,,,,,Ignișului,geography,,,,,,
ilarie voronca,4,3,4,Ilarie Voronca,"BC,BR,CT",persons,Ilarie Voronca,M,1903,1946,interwar,poet,RO,,,,,,,,,
ilfovului,4,2,4,Ilfovului,"DB,SB",place_refs,,,,,,,,,,,,,Ilfov,region,RO,
ilia,4,3,4,Aleea Ilia,"AR,B,IF",place_refs,,,,,,,,,,,,,Ilia,ro_village,RO,
ilias voda,4,3,4,Iliaș Vodă,"GL,IS,B",persons,Iliaș Vodă,M,1633,1666,medieval,ruler,RO,,,,,,,,,
ilie balaci,4,4,4,Bulevardul Ilie Balaci,"CS,DJ,MH,SV",persons,Ilie Balaci,M,1956,2018,communist,footballer,RO,,,,,,,,,
ilie salceanu,4,2,4,Ilie Sălceanu,"MH,SM",persons,Ilie Sălceanu,M,1925,2005,communist,writer,RO,,,,,,,,,
iminogului,4,1,3,Iminogului,OT,nature_terms,,,,,,,,,Iminogului,water,,,,,,
inovatiei,4,3,4,Inovației,"AR,TM,B",name_categories,,,,,,,,,,,abstract,modernity,,,,
internatului,4,3,4,Internatului,"BT,CT,VN",name_categories,,,,,,,,,,,institutional,education,,,,
ioan luca caragiale,4,4,4,Ioan Luca Caragiale,"BV,GL,IS,MM",persons,Ion Luca Caragiale,M,1852,1912,premodern,writer,RO,,,,,,,,,
ioan moga,4,3,4,Preot Ioan Moga,"BT,IS,SB",persons,Ioan Moga,M,1803,1861,1848,cleric,RO,,,,,,,,,
ioanid romanescu,4,1,4,Aleea Ioanid Romanescu,IS,persons,Ioanid Romanescu,M,1937,1996,communist,poet,RO,,,,,,,,,
ion berindei,4,3,3,Arh. Ion Berindei,"IS,SB,B",persons,Ion D. Berindei,M,1871,1928,interwar,architect,RO,,,,,,,,,
ion calugaru,4,2,4,Ion Călugăru,"BR,CT",persons,Ion Călugăru,M,1902,1956,communist,writer,RO,,,,,,,,,
ion caraion,4,4,4,Ion Caraion,"AR,BZ,SJ,VS",persons,Ion Caraion,M,1923,1986,communist,writer,RO,,,,,,,,,
ion dolanescu,4,3,4,Ion Dolănescu,"CL,OT,TR",persons,Ion Dolănescu,M,1944,2009,communist,musician,RO,,,,,,,,,
ion grigore,4,4,4,"Ion Grigore, serg.","IS,OT,PH,B",persons,Ion Grigore,M,,,interwar,military,RO,,,,,,,,,
ion heliade-radulescu,4,3,4,Ion Heliade-Rădulescu,"AB,OT,TL",persons,Ion Heliade-Rădulescu,M,1802,1872,1848,writer,RO,,,,,,,,,
ion olteanu,4,3,3,Intrarea Ion Olteanu,"CJ,CT,IF",persons,Ion Olteanu,M,1860,1943,interwar,general,RO,,,,,,,,,
ion paulat,4,2,3,Ion Paulat,"AR,GL",persons,Ion Paulat,M,1890,1954,communist,aviator,RO,,,,,,,,,
ion pilat,4,3,4,Aleea Ion Pilat,"BT,CT,GL",persons,Ion Pilat,M,1891,1945,interwar,poet,RO,,,,,,,,,
ion pop reteganu,4,3,4,Ion Pop Reteganu,"BN,CJ,SB",persons,Ion Pop-Reteganu,M,1853,1905,premodern,folklorist,RO,,,,,,,,,
ion popovici banateanu,4,3,4,Ion Popovici Bănățeanu,"CT,SB,TM",persons,Ion Popovici-Bănățeanu,M,1869,1926,interwar,writer,RO,,,,,,,,,
ion simionescu,4,3,3,Aleea Profesor Ion Simionescu,"BC,BT,IS",persons,Ion Simionescu,M,1873,1944,interwar,geologist,RO,,,,,,,,,
ion sion,4,4,4,Ion Sion,"BR,CJ,SB,IF",persons,Ion Sion,M,1890,1952,communist,writer,RO,,,,,,,,,
ion vasilescu,4,4,4,Aleea Ion Vasilescu,"AR,DB,DJ,B",persons,Ion Vasilescu,M,1912,1960,communist,composer,RO,,,,,,,,,
ion voda cel cumplit,4,4,4,Ion Vodă cel Cumplit,"BC,BT,BR,CT",persons,Ioan Vodă cel Cumplit,M,1521,1574,medieval,ruler,RO,,,,,,,,,
ionescu toma,4,4,4,Aleea Ionescu Toma,"AG,BV,PH,SB",persons,Toma Ionescu,M,1860,1926,interwar,physician,RO,,,,,,,,,
iorgu iordan,4,1,4,Iorgu Iordan,GL,persons,Iorgu Iordan,M,1888,1986,communist,lingvist,RO,,,,,,,,,
iosif hodos,4,3,4,Aleea Iosif Hodoș,"HD,MS,B",persons,Iosif Hodoș,M,1829,1880,premodern,politician,RO,,,,,,,,,
iosif velceanu,4,3,4,Iosif Velceanu,"CS,SB,TM",persons,Iosif Velceanu,M,1872,1937,interwar,compozitor,RO,,,,,,,,,
isaccei,4,1,4,Isaccei,TL,place_refs,,,,,,,,,,,,,Isaccea,ro_city,RO,
iuliu valaori,4,2,3,Iuliu Valaori,"CT,B",persons,Iuliu Valaori,M,1867,1936,interwar,filolog,RO,,,,,,,,,
ix,4,4,4,IX,"MS,SB,TM,TL",name_categories,,,,,,,,,,,abstract,numerical,,,,
izbandei,4,3,4,Izbândei,"IS,IF,B",name_categories,,,,,,,,,,,abstract,concept,,,,
izei,4,4,4,Izei,"AR,CJ,CL,MM",place_refs,,,,,,,,,,,,,Iza,river,RO,
izvorul crisului,4,2,3,Aleea Izvorul Crișului,"BH,B",place_refs,,,,,,,,,,,,,Izvoru Crișului,ro_village,RO,
izvorul muntelui,4,4,4,Izvorul Muntelui,"AR,NT,B,IF",place_refs,,,,,,,,,,,,,Izvoru Muntelui,river,RO,
janos bolyai,4,4,4,Janos Bolyai,"BH,CJ,SM,TM",persons,János Bolyai,M,1802,1860,premodern,matematician,HU,,,,,,,,,
jarostei,4,2,4,Intrarea Jaroștei,"GJ,VL",place_refs,,,,,,,,,,,,,Jaroștea,ro_village,RO,
jean monnet,4,3,4,Jean Monnet,"MS,TM,B",persons,Jean Monnet,M,1888,1979,communist,politician,FR,,,,,,,,,
jiu,4,1,4,Jiu,TM,place_refs,,,,,,,,,,,,,Jiu,river,RO,
jiul,4,2,4,Jiul,"CT,TM",place_refs,,,,,,,,,,,,,Jiul,river,RO,
joagarului,4,4,4,Joagărului,"SB,VL,B,IF",name_categories,,,,,,,,,,,occupational,trade,,,,
johann strauss,4,4,4,Johann Strauss,"BH,CJ,TM,B",persons,Johann Strauss,M,1804,1849,premodern,compozitor,AT,,,,,,,,,
jules michelet,4,2,4,Jules Michelet,"TM,B",persons,Jules Michelet,M,1798,1874,premodern,istoric,FR,,,,,,,,,
junimii,4,3,3,Junimii,"CT,SB,TM",name_categories,,,,,,,,,,,institutional,cultural,,,,
jupanesti,4,3,4,Intrarea Jupânești,"CS,MH,B",place_refs,,,,,,,,,,,,,Jupânești,ro_village,RO,
kanyadi sandor,4,3,4,Kányádi Sándor,"CV,HR,SM",persons,Kányádi Sándor,M,1929,2018,communist,poet,RO,,,,,,,,,
karoli gaspar,4,1,4,Karoli Gaspar,SM,persons,Károli Gáspár,M,1529,1591,medieval,theologian,HU,,,,,,,,,
kazinczy ferenc,4,2,4,Kazinczy Ferenc,"BH,SM",persons,Kazinczy Ferenc,M,1759,1831,premodern,writer,HU,,,,,,,,,
kfc,4,4,4,KFC,"AR,BN,IS,GR",,,,,,,,,,,,,,,,,
kinizsi utca,4,3,4,Kinizsi utca,"AR,BH,SM",persons,Kinizsi Pál,M,1446,1494,medieval,military commander,HU,,,,,,,,,
la badea,4,2,4,La Badea,"PH,VL",,,,,,,,,,,,,,,,,
la izvor,4,3,4,La Izvor,"BT,MS,VL",nature_terms,,,,,,,,,La Izvor,water,,,,,,
la pod,4,4,4,La Pod,"BT,CJ,VS,MM",name_categories,,,,,,,,,,,infrastructure,bridge,,,,
la preda,4,1,4,La Preda,VL,,,,,,,,,,,,,,,,,
la rosu,4,3,4,Drumul La Roșu,"BC,VL,B",nature_terms,,,,,,,,,La Roșu,geography,,,,,,
la vie,4,4,4,La Vie,"BT,CJ,PH,SV",nature_terms,,,,,,,,,La Vie,meadow,,,,,,
laboratorului,4,3,4,Aleea Laboratorului,"CJ,NT,PH",name_categories,,,,,,,,,,,institutional,education,,,,
lacu rosu,4,4,4,Lacu Roșu,"BH,CJ,HR,NT",place_refs,,,,,,,,,,,,,Lacu Roșu,resort,RO,
lacul sarat,4,2,4,Intrarea Lacul Sărat,"BR,B",place_refs,,,,,,,,,,,,,Lacul Sărat,resort,RO,
ladea romul,4,4,4,Ladea Romul,"AR,CS,CJ,TM",persons,Romul Ladea,M,1901,1970,communist,sculptor,RO,,,,,,,,,
lanariei,4,3,3,Lânăriei,"AG,PH,B",name_categories,,,,,,,,,,,trade,industry,,,,
langa,4,3,3,Langa,"BN,DJ,IS",,,,,,,,,,,,,,,,,
laptari,4,2,3,Lăptari,"CL,PH",name_categories,,,,,,,,,,,occupational,trade,,,,
lapus,4,4,4,Drumul Lăpuș,"VL,B,IF,MM",place_refs,,,,,,,,,,,,,Lăpuș,river,RO,
laricei,4,4,4,Fundătura Laricei,"AR,GJ,MM,PH",nature_terms,,,,,,,,,Laricei,tree,,,,,,
lastuni,4,3,4,Lăstuni,"CT,GL,VN",nature_terms,,,,,,,,,Lăstuni,bird,,,,,,
latcu voda,4,4,4,Lațcu Vodă,"CS,IS,MH,SV",persons,Lațcu Vodă,M,,1375,medieval,domnitor,RO,,,,,,,,,
lautari,4,4,4,Lăutari,"CJ,GL,PH,TR",name_categories,,,,,,,,,,,occupational,artistic,,,,
lazareanu barbu,4,4,4,Lăzăreanu Barbu,"BT,DJ,SV,B",persons,Barbu Lăzăreanu,M,1881,1957,communist,istoric,RO,,,,,,,,,
lazarescu,4,3,4,Lăzărescu,"MM,MH,NT",persons,Lăzărescu,collective,,,premodern,nume de familie,RO,,,,,,,,,
leaota,4,3,4,Fundătura Leaota,"MH,PH,B",place_refs,,,,,,,,,,,,,Leaota,mountain,RO,
lebada,4,3,4,Aleea Lebăda,"AR,BT,CL",nature_terms,,,,,,,,,Lebăda,bird,,,,,,
leca morariu,4,2,4,Leca Morariu,"SV,VL",persons,Leca Morariu,M,1888,1963,communist,scriitor,RO,,,,,,,,,
lecca constantin,4,3,4,Lecca Constantin,"BV,DJ,B",persons,Constantin Lecca,M,1807,1873,premodern,pictor,RO,,,,,,,,,
legaturii,4,2,4,Legăturii,"BT,HR",name_categories,,,,,,,,,,,abstract,social,,,,
lemnelor,4,4,4,Lemnelor,"CS,SM,SB,VL",name_categories,,,,,,,,,,,trade,resurse,,,,
leopardului,4,3,4,Leopardului,"TM,B,IF",nature_terms,,,,,,,,,Leopard,animal,,,,,,
leopoldina balanuta,4,3,4,Leopoldina Bălănuță,"VN,B,IF",persons,Leopoldina Bălănuță,F,1934,1998,communist,actriță,RO,,,,,,,,,
leorda,4,4,4,Aleea Leorda,"BC,GL,MM,B",place_refs,,,,,,,,,,,,,Leorda,ro_village,RO,
letea,4,3,4,Intrarea Letea,"BC,TM,B",place_refs,,,,,,,,,,,,,Letea,ro_village,RO,
lev nicolaevici tolstoi,4,3,4,Lev Nicolaevici Tolstoi,"MS,TM,B",persons,Lev Nicolaevici Tolstoi,M,1828,1910,interwar,scriitor,RU,,,,,,,,,
libelulelor,4,3,4,Aleea Libelulelor,"GL,OT,IF",nature_terms,,,,,,,,,Libelule,animal,,,,,,
librariei,4,4,4,Librăriei,"BC,GR,SV,TR",name_categories,,,,,,,,,,,trade,cultural,,,,
lichiresti,4,1,4,Lichirești,CL,place_refs,,,,,,,,,,,,,Lichirești,ro_village,RO,
liget utca,4,3,4,Liget utca,"AR,BH,TM",name_categories,,,,,,,,,,,infrastructure,urban,,,,
limpedea,4,3,4,Limpedea,"AG,BC,MM",nature_terms,,,,,,,,,Limpedea,water,,,,,,
lita,4,3,4,Lița,"AG,TR,B",place_refs,,,,,,,,,,,,,Lița,ro_village,RO,
litesti,4,3,3,Litești,"AG,DB,TR",place_refs,,,,,,,,,,,,,Litești,ro_village,RO,
logofatului,4,3,4,Logofătului,"OT,PH,TR",name_categories,,,,,,,,,,,occupational,boyar_rank,,,,
lunca barzesti,4,2,2,Intrarea Lunca Bârzești,"B,IF",place_refs,,,,,,,,,,,,,Lunca Bârzești,ro_village,RO,
lunca bistritei,4,3,4,Lunca Bistriței,"BC,BN,NT",place_refs,,,,,,,,,,,,,Lunca Bistriței,ro_village,RO,
lunca florilor,4,3,4,Lunca Florilor,"IF,OT,B",nature_terms,,,,,,,,,Lunca Florilor,meadow,,,,,,
lunca morii,4,4,4,Lunca Morii,"AB,BC,HD,MM",nature_terms,,,,,,,,,Lunca Morii,meadow,,,,,,
lungeni,4,2,4,Lungeni,"BC,SV",place_refs,,,,,,,,,,,,,Lungeni,ro_village,RO,
lungesti,4,4,4,Lungești,"GL,GJ,VS,VL",place_refs,,,,,,,,,,,,,Lungești,ro_village,RO,
luntrasilor,4,3,4,Luntrașilor,"CJ,CT,MS",name_categories,,,,,,,,,,,occupational,trade,,,,
luptatorilor antifascisti,4,1,2,Drumul Luptătorilor Antifasciști,B,name_categories,,,,,,,,,,,ideological,communist,,,,
lupulesti,4,3,4,Lupulești,"DJ,HD,VL",place_refs,,,,,,,,,,,,,Lupulești,ro_village,RO,
luterana,4,3,4,Luterană,"IS,TL,B",name_categories,,,,,,,,,,,religious,protestant,,,,
macarie,4,4,4,Macarie,"BC,DB,TM,VL",persons,Macarie,M,,1558,medieval,cleric,RO,,,,,,,,,
macedonia,4,3,4,Macedonia,"TM,B,IF",place_refs,,,,,,,,,,,,,Macedonia,region,GR,
macedoniei,4,3,4,Macedoniei,"AR,IS,IF",place_refs,,,,,,,,,,,,,Macedonia,region,GR,
macelari,4,3,4,Aleea Măcelari,"IS,TL,B",name_categories,,,,,,,,,,,occupational,trade,,,,
maciuca,4,3,4,Măciuca,"GJ,IS,VN",place_refs,,,,,,,,,,,,,Măciuca,ro_village,RO,
madgearu virgil,4,4,4,Madgearu Virgil,"DJ,SB,TM,B",persons,Virgil Madgearu,M,1887,1940,interwar,economist,RO,,,,,,,,,
magazinelor,4,2,4,Magazinelor,"BR,VL",name_categories,,,,,,,,,,,trade,commerce,,,,
maieriste,4,4,4,Măieriște,"AB,BN,CJ,SM",nature_terms,,,,,,,,,Măieriște,meadow,,,,,,
malaiste,4,4,4,Malaiste,"AG,BT,MS,SV",nature_terms,,,,,,,,,Mălăiște,meadow,,,,,,
malaxa,4,3,3,MALAXA,"IF,TR,VL",persons,Nicolae Malaxa,M,1884,1965,interwar,industrialist,RO,,,,,,,,,
maliuc,4,2,2,Intrarea Maliuc,"B,IF",place_refs,,,,,,,,,,,,,Maliuc,ro_village,RO,
malu,4,3,4,Malu,"CS,GR,VL",place_refs,,,,,,,,,,,,,Malu,ro_village,RO,
malul cu flori,4,4,4,Malul cu Flori,"BN,IF,PH,TR",nature_terms,,,,,,,,,Malul cu Flori,geography,,,,,,
malul garlei,4,2,3,Fundătura Malul Gârlei,"AG,BZ",nature_terms,,,,,,,,,Malul Gârlei,water,,,,,,
malureni,4,4,4,Mălureni,"GL,TR,B,IF",place_refs,,,,,,,,,,,,,Mălureni,ro_village,RO,
mamina,4,2,3,Aleea Mamina,"DJ,IF",place_refs,,,,,,,,,,,,,Mamina,ro_village,RO,
mamulari,4,1,2,Intrarea Mămulari,B,name_categories,,,,,,,,,,,occupational,trade,,,,
manciu,4,3,4,Manciu,"BC,PH,GR",persons,Gheorghe Manciu,M,1889,1917,interwar,military,RO,,,,,,,,,
mandra,4,4,4,Mandra,"AB,HD,OT,PH",place_refs,,,,,,,,,,,,,Mândra,ro_village,RO,
mandresti,4,3,4,Mândrești,"PH,VN,B",place_refs,,,,,,,,,,,,,Mândrești,ro_village,RO,
manole,4,3,4,Manole,"CT,DB,TM",persons,Manole,M,,,medieval,mythological figure,RO,,,,,,,,,
maracinelui,4,3,4,Mărăcinelui,"BC,OT,VL",nature_terms,,,,,,,,,Mărăcinelui,plant,,,,,,
maracini,4,4,4,Mărăcini,"AG,CJ,DB,PH",nature_terms,,,,,,,,,Mărăcini,plant,,,,,,
marea neagra,4,4,4,Aleea Marea Neagră,"CT,GL,TL,IF",place_refs,,,,,,,,,,,,,Marea Neagră,geography,,
marga barbu,4,2,4,Marga Barbu,"CT,GL",persons,Marga Barbu,F,1929,2009,communist,actress,RO,,,,,,,,,
margaritului,4,2,4,Mărgăritului,"CT,MH",nature_terms,,,,,,,,,Mărgăritului,flower,,,,,,
marghitas,4,2,4,Aleea Mărghitaș,"CS,TM",place_refs,,,,,,,,,,,,,Mărghitaș,ro_village,RO,
marginimii,4,4,4,Mărginimii,"BR,GL,TR,VL",place_refs,,,,,,,,,,,,,Mărginimea,region,RO,
maria filotti,4,3,4,Maria Filotti,"BR,GL,IS",persons,Maria Filotti,F,1883,1956,interwar,actress,RO,,,,,,,,,
maria rosetti,4,3,4,Maria Rosetti,"DJ,TR,B",persons,Maria Rosetti,F,1819,1893,premodern,journalist/activist,RO,,,,,,,,,
maricesti,4,2,4,Măricești,"OT,VL",place_refs,,,,,,,,,,,,,Măricești,ro_village,RO,
marin,4,3,3,Erou Marin,"CJ,PH,VL",persons,Marin,M,,,interwar,soldier,RO,,,,,,,,,
marin dracea,4,3,4,Dr. Ing. Marin Drăcea,"GR,B,IF",persons,Marin Drăcea,M,1885,1958,interwar,silviculturist,RO,,,,,,,,,
marin popa,4,3,4,Marin Popa,"DJ,CL,B",persons,Marin Popa,M,,,interwar,soldier,RO,,,,,,,,,
mariuca zaharia,4,3,4,Erou Măriuca Zaharia,"GL,TM,VN",persons,Măriuca Zaharia,F,1902,1917,interwar,soldier,RO,,,,,,,,,
martha bibescu,4,2,3,Martha Bibescu,"IF,TM",persons,Martha Bibescu,F,1886,1973,interwar,writer,RO,,,,,,,,,
martian negrea,4,2,4,Marțian Negrea,"CT,SB",persons,Marțian Negrea,M,1893,1973,interwar,composer,RO,,,,,,,,,
martin,4,4,4,Martin,"BC,BT,PH,VN",persons,Martin,M,,,medieval,saint,,,,,,,,,,
matasari,4,4,4,Mătăsari,"AR,DJ,PH,B",name_categories,,,,,,,,,,,trade,industry,,,,
mateescu,4,3,4,Mateescu,"BZ,PH,VL",persons,Mateescu,M,,,premodern,public figure,RO,,,,,,,,,
matei ghica,4,2,4,Matei Ghica,"CT,GL",persons,Matei Ghica,M,1728,1756,medieval,ruler,RO,,,,,,,,,
mecanicului,4,4,4,Mecanicului,"BT,NT,PH,SV",name_categories,,,,,,,,,,,occupational,trade,,,,
mecet,4,3,3,Intrarea Mecet,"GR,PH,B",name_categories,,,,,,,,,,,religious,islamic,,,,
medicinei,4,2,4,Medicinei,"CL,TM",name_categories,,,,,,,,,,,institutional,education,,,,
mehadia,4,2,4,Mehadia,"TM,B",place_refs,,,,,,,,,,,,,Mehadia,ro_village,RO,
merisori,4,3,4,Merișori,"CT,HD,IF",nature_terms,,,,,,,,,Merișori,fruit,,,,,,
mestecinilor,4,4,4,Mestecinilor,"CJ,CV,HD,IS",nature_terms,,,,,,,,,Mesteceni,tree,,,,,,
mester,4,2,4,Mester,"CV,HR",name_categories,,,,,,,,,,,occupational,trade,,,,
meziad,4,2,4,Aleea Meziad,"CJ,TM",place_refs,,,,,,,,,,,,,Meziad,ro_village,RO,
mezo,4,1,4,Mező,HR,,,,,,,,,,,,,,,,,
mierei,4,3,4,Mierei,"AG,CJ,TL",nature_terms,,,,,,,,,Miere,food,,,,,,
mierlelor,4,4,4,Mierlelor,"AG,NT,PH,TM",nature_terms,,,,,,,,,Mierle,bird,,,,,,
migdalei,4,3,4,Migdalei,"IL,TM,GR",nature_terms,,,,,,,,,Migdală,fruit,,,,,,
migdalilor,4,4,4,Migdalilor,"NT,OT,TM,IF",nature_terms,,,,,,,,,Migdali,tree,,,,,,
mihail drumes,4,3,4,Mihail Drumeș,"CT,DJ,OT",persons,Mihail Drumeș,M,1901,1988,communist,writer,RO,,,,,,,,,
mihail moxa,4,3,4,Mihail Moxa,"DJ,VL,B",persons,Mihail Moxa,M,1550,1625,medieval,chronicler,RO,,,,,,,,,
mihaila,4,4,4,Intrarea Mihăilă,"GJ,OT,SV,VL",persons,Mihăilă,M,,,premodern,unknown,RO,,,,,,,,,
mihailescu,4,3,4,Mihăilescu,"GJ,NT,VL",persons,Mihăilescu,M,,,premodern,unknown,RO,,,,,,,,,
mihailesti,4,3,4,Mihăilești,"AB,OT,VL",place_refs,,,,,,,,,,,,,Mihăilești,ro_city,RO,
mikes,4,2,4,Mikes,"CV,HR",persons,Mikes Kelemen,M,1690,1761,premodern,writer,HU,,,,,,,,,
mileniului,4,3,4,Mileniului,"CV,HR,SM",name_categories,,,,,,,,,,,commemorative,event,,,,
miletin,4,3,4,Miletin,"BT,IS,B",place_refs,,,,,,,,,,,,,Miletin,river,RO,
miletinului,4,2,4,Miletinului,"BT,IS",place_refs,,,,,,,,,,,,,Miletin,river,RO,
mircea cartarescu,4,2,4,Mircea Cărtărescu,"GL,CL",persons,Mircea Cărtărescu,M,1956,,communist,writer,RO,,,,,,,,,
mircea septilici,4,2,4,Intrarea Mircea Septilici,"SV,B",persons,Mircea Septilici,M,1912,1989,communist,actor,RO,,,,,,,,,
mircea vulcanescu,4,3,4,Mircea Vulcănescu,"AB,HD,B",persons,Mircea Vulcănescu,M,1904,1952,communist,philosopher,RO,,,,,,,,,
miresei,4,2,4,Miresei,"OT,TM",name_categories,,,,,,,,,,,abstract,social,,,,
miresmei,4,3,4,Miresmei,"BT,IS,B",nature_terms,,,,,,,,,Miresmei,flower,,,,,,
miresti,4,2,4,Mirești,"DB,VL",place_refs,,,,,,,,,,,,,Mirești,ro_village,RO,
mironesti,4,4,4,Mironești,"GL,IS,NT,VL",place_refs,,,,,,,,,,,,,Mironești,ro_village,RO,
mistriei,4,3,4,Mistriei,"IL,TL,B",name_categories,,,,,,,,,,,occupational,trade,,,,
mitoc,4,4,4,Mitoc,"BC,IS,NT,VN",place_refs,,,,,,,,,,,,,Mitoc,ro_village,RO,
mixandrelor,4,4,4,Fundătura Mixandrelor,"CJ,DJ,GR,TM",nature_terms,,,,,,,,,Mixandrelor,flower,,,,,,
moara de foc,4,3,3,Moara de Foc,"BT,IS,NT",name_categories,,,,,,,,,,,infrastructure,industrial,,,,
moldoveni,4,4,4,Moldoveni,"MS,PH,SV,B",place_refs,,,,,,,,,,,,,Moldoveni,ro_village,RO,
moldovitei,4,3,4,Aleea Moldoviței,"BC,BR,VS",place_refs,,,,,,,,,,,,,Moldovița,ro_village,RO,
moliere,4,2,4,Moliere,"BH,B",persons,Molière (Jean-Baptiste Poquelin),M,1622,1673,medieval,playwright,FR,,,,,,,,,
moravita,4,2,4,Moravița,"CS,TM",place_refs,,,,,,,,,,,,,Moravița,ro_village,RO,
mosneni,4,4,4,Moșneni,"IL,OT,PH,B",name_categories,,,,,,,,,,,commemorative,social,,,,
mosnitei,4,1,3,Calea Moșniței,TM,place_refs,,,,,,,,,,,,,Moșnița,ro_village,RO,
motoci,4,3,4,Fundătura Moțoci,"AG,DB,NT",place_refs,,,,,,,,,,,,,Moțoci,ro_village,RO,
movilita,4,3,3,Fundătura Movilița,"CL,TL,VN",place_refs,,,,,,,,,,,,,Movilița,ro_village,RO,
mozart wolfgang amadeus,4,4,4,Mozart Wolfgang Amadeus,"CS,CJ,SB,B",persons,Wolfgang Amadeus Mozart,M,1756,1791,premodern,composer,AT,,,,,,,,,
mugur,4,3,4,Mugur,"CJ,IS,VN",nature_terms,,,,,,,,,Mugur,plant,,,,,,
mugurelui,4,4,4,Mugurelui,"MH,OT,B,IF",nature_terms,,,,,,,,,Mugurel,plant,,,,,,
munchen,4,3,4,Aleea München,"GL,SB,B",place_refs,,,,,,,,,,,,,München,city,DE,
munitiei,4,2,4,Muniției,"B,IF",name_categories,,,,,,,,,,,infrastructure,military,,,,
muntii carpati,4,3,4,Munții Carpați,"CJ,CT,B",place_refs,,,,,,,,,,,,,Munții Carpați,mountain,RO,
muntii tatra,4,2,3,Munții Tatra,"CT,B",place_refs,,,,,,,,,,,,,Munții Tatra,mountain,SK,
murei,4,4,4,Murei,"BZ,CJ,NT,PH",nature_terms,,,,,,,,,Murei,fruit,,,,,,
muzicescu gavril,4,4,4,Muzicescu Gavril,"BH,CJ,CT,IS",persons,Gavril Muzicescu,M,1847,1903,premodern,composer,RO,,,,,,,,,
nae leonard,4,1,4,Nae Leonard,GL,persons,Nae Leonard,M,1886,1928,interwar,tenor,RO,,,,,,,,,
nagykert,4,2,4,Nagykert,"HR,SJ",place_refs,,,,,,,,,,,,,Nagykert,ro_village,RO,
nasaudului,4,2,4,Năsăudului,"BH,BN",place_refs,,,,,,,,,,,,,Năsăud,ro_city,RO,
natalia negru,4,2,4,Natalia Negru,"CT,GL",persons,Natalia Negru,F,1882,1962,interwar,writer,RO,,,,,,,,,
neagota,4,2,4,Neagota,"VL,B",persons,Neagota,M,,,medieval,ruler,RO,,,,,,,,,
nectarinelor,4,3,4,Nectarinelor,"GL,GR,TM",nature_terms,,,,,,,,,Nectarinelor,fruit,,,,,,
necula,4,4,4,Necula,"BC,BR,BZ,PH",persons,Necula,M,,,premodern,local figure,RO,,,,,,,,,
nedeia,4,3,4,Aleea Nedeia,"CS,DJ,B",nature_terms,,,,,,,,,Nedeia,geography,,,,,,
negoita danaila,4,1,3,Negoiță Dănăilă,GL,persons,Negoiță Dănăilă,M,1878,1954,interwar,chemist,RO,,,,,,,,,
negreasca,4,1,4,Negreasca,BZ,nature_terms,,,,,,,,,Negreasca,geography,,,,,,
negrestilor,4,2,4,Negreștilor,"BN,MH",place_refs,,,,,,,,,,,,,Negrești,ro_city,RO,
negulici,4,3,4,Negulici,"DJ,NT,PH",persons,Ion Negulici,M,1812,1851,1848,painter,RO,,,,,,,,,
nehoiu,4,2,3,Aleea Nehoiu,"B,IF",place_refs,,,,,,,,,,,,,Nehoiu,ro_city,RO,
nicolae alexandru,4,3,4,Nicolae Alexandru,"CJ,CT,OT",persons,Nicolae Alexandru,M,,1364,medieval,ruler,RO,,,,,,,,,
nicolae bolcas,4,1,4,Nicolae Bolcaș,BH,persons,Nicolae Bolcaș,M,1843,1926,premodern,teacher,RO,,,,,,,,,
nicolae bucur,4,2,3,Nicolae Bucur,"IS,TR",persons,Nicolae Bucur,M,,,interwar,unknown,RO,,,,,,,,,
nicolae coculescu,4,3,4,Nicolae Coculescu,"DJ,OT,B",persons,Nicolae Coculescu,M,1866,1952,interwar,astronomer,RO,,,,,,,,,
nicolae deleanu,4,1,3,Nicolae Deleanu,GL,persons,Nicolae Deleanu,M,1843,1903,premodern,politician,RO,,,,,,,,,
nicolae filip,4,3,4,Calea Nicolae Filip,"BZ,B,IF",persons,Nicolae Filip,M,1926,2009,communist,physicist,RO,,,,,,,,,
nicolae holban,4,2,4,Colonel Nicolae Holban,"BZ,GL",persons,Nicolae Holban,M,1885,1931,interwar,military officer,RO,,,,,,,,,
nicolae ionescu,4,4,4,Nicolae Ionescu,"AR,AG,PH,B",persons,Nicolae Ionescu,M,1820,1905,premodern,politician,RO,,,,,,,,,
nicolae jiga,4,1,4,Nicolae Jiga,BH,persons,Nicolae Jiga,M,1823,1873,premodern,philanthropist,RO,,,,,,,,,
nicolae leonard,4,4,4,Nicolae Leonard,"SV,TM,B,IF",persons,Nicolae Leonard,M,1886,1928,interwar,tenor,RO,,,,,,,,,
nicolae mihai,4,3,4,Nicolae Mihai,"DJ,PH,IF",persons,Nicolae Mihai,M,,,interwar,unknown,RO,,,,,,,,,
nicolae milescu,4,3,4,Nicolae Milescu,"IS,CL,SV",persons,Nicolae Milescu,M,1636,1708,medieval,diplomat,RO,,,,,,,,,
nicolae milescu spatarul,4,2,4,Nicolae Milescu Spătarul,"BC,VS",persons,Nicolae Milescu Spătarul,M,1636,1708,medieval,diplomat,RO,,,,,,,,,
nicolae popescu,4,3,4,Nicolae Popescu,"DB,DJ,TM",persons,Nicolae Popescu,M,,,interwar,unknown,RO,,,,,,,,,
nicolaus olahus,4,2,3,Nicolaus Olahus,"BH,SB",persons,Nicolaus Olahus,M,1493,1568,medieval,cleric,RO,,,,,,,,,
nimasului,4,3,4,Nimașului,"BC,CJ,NT",place_refs,,,,,,,,,,,,,Nimaș,ro_village,RO,
nr. 53,4,4,4,Nr. 53,"DJ,MH,PH,VS",name_categories,,,,,,,,,,,infrastructure,numbering,,,,
nr. 54,4,4,4,Nr. 54,"DJ,MH,PH,VS",name_categories,,,,,,,,,,,infrastructure,numbering,,,,
nr. 55,4,4,4,Nr. 55,"DJ,MH,PH,VS",name_categories,,,,,,,,,,,infrastructure,numbering,,,,
nr. 56,4,4,4,Nr. 56,"DJ,MH,PH,VS",name_categories,,,,,,,,,,,infrastructure,numbering,,,,
nr. 57,4,4,4,Nr. 57,"DJ,MH,PH,VS",name_categories,,,,,,,,,,,infrastructure,numbering,,,,
nr. 59,4,4,4,Strada Nr. 59,"DJ,MH,PH,VS",name_categories,,,,,,,,,,,infrastructure,numbering,,,,
nr. 61,4,4,4,Strada Nr. 61,"DJ,MH,PH,VS",,,,,,,,,,,,,,,,,
nucariei,4,3,4,Nucăriei,"BC,IS,VS",nature_terms,,,,,,,,,Nucăriei,tree,,,,,,
nuci,4,2,3,Aleea Nuci,"PH,VL",nature_terms,,,,,,,,,Nuci,tree,,,,,,
oarba,4,4,4,Oarba,"AR,MS,TM,VL",nature_terms,,,,,,,,,Oarbă,geography,,,,,,
oberth hermann,4,3,4,Oberth Hermann,"BV,CJ,SB",persons,Hermann Oberth,M,1894,1989,interwar,physicist,DE,,,,,,,,,
ochiuri,4,3,4,Intrarea Ochiuri,"CJ,DB,B",nature_terms,,,,,,,,,Ochiuri,geography,,,,,,
ocolitoare,4,3,4,Ocolitoare,"BC,CS,CJ",name_categories,,,,,,,,,,,infrastructure,transport,,,,
octav doicescu,4,2,4,Octav Doicescu,"BR,SB",persons,Octav Doicescu,M,1902,1981,interwar,architect,RO,,,,,,,,,
odai,4,3,3,Odăi,"SV,B,IF",nature_terms,,,,,,,,,Odăi,geography,,,,,,
odesa,4,3,3,Aleea Odesa,"AR,DB,DJ",place_refs,,,,,,,,,,,,,Odesa,city,UA,
odessa,4,3,4,Odessa,"BR,CT,SB",place_refs,,,,,,,,,,,,,Odessa,city,UA,
olareasa,4,4,4,Olăreasa,"BV,GR,TR,VL",name_categories,,,,,,,,,,,occupational,trade,,,,
olarestilor,4,2,4,Olăreștilor,"BC,VS",name_categories,,,,,,,,,,,occupational,trade,,,,
opanez,4,4,4,Opanez,"DJ,PH,VS,B",place_refs,,,,,,,,,,,,,Opanez,river,MD,
operetei,4,3,4,Operetei,"TM,VS,B",name_categories,,,,,,,,,,,institutional,culture,,,,
oradiei,4,3,4,Oradiei,"AR,BH,CJ",place_refs,,,,,,,,,,,,,Oradea,ro_city,RO,
orasti,4,3,4,Orăști,"AB,IF,CL",place_refs,,,,,,,,,,,,,Orăști,ro_village,RO,
orastiei,4,3,3,Oraștiei,"CJ,HD,IF",place_refs,,,,,,,,,,,,,Orăștie,ro_city,RO,
orasului,4,4,4,Orașului,"AG,BZ,CV,MS",name_categories,,,,,,,,,,,abstract,civic,,,,
orsovei,4,2,3,Calea Orșovei,"AR,CS",place_refs,,,,,,,,,,,,,Orșova,ro_city,RO,
ortacului,4,3,4,ORTACULUI,"IL,B,IF",name_categories,,,,,,,,,,,occupational,mining,,,,
ortensiei,4,3,4,Ortensiei,"CL,IS,IL",nature_terms,,,,,,,,,Hortensiei,flower,,,,,,
orzari,4,3,4,Orzari,"IF,PH,B",name_categories,,,,,,,,,,,trade,agriculture,,,,
otelariei,4,1,2,Fundătura Oțelăriei,IS,name_categories,,,,,,,,,,,trade,industry,,,,
padesului,4,3,4,Padeșului,"CS,DJ,TM",place_refs,,,,,,,,,,,,,Padeș,ro_village,RO,
padina mare,4,2,4,Pădina Mare,"CS,MH",place_refs,,,,,,,,,,,,,Pădina Mare,ro_village,RO,
padis,4,4,4,Aleea Padiș,"AB,BH,CJ,TM",place_refs,,,,,,,,,,,,,Padiș,mountain,RO,
padocului,4,3,4,Padocului,"BZ,GL,GR",name_categories,,,,,,,,,,,infrastructure,animal_husbandry,,,,
padurea craiului,4,3,3,Aleea Pădurea Craiului,"IF,PH,B",place_refs,,,,,,,,,,,,,Pădurea Craiului,mountain,RO,
padurea neagra,4,4,4,Drumul Pădurea Neagră,"GL,VN,B,IF",place_refs,,,,,,,,,,,,,Pădurea Neagră,ro_village,RO,
padurea verde,4,2,3,Aleea Pădurea Verde,"TM,VL",nature_terms,,,,,,,,,Pădurea Verde,forest,,,,,,
paduri,4,3,4,Păduri,"HD,GR,MM",nature_terms,,,,,,,,,Păduri,forest,,,,,,
palas,4,4,4,Palas,"CT,IS,MS,PH",place_refs,,,,,,,,,,,,,Palas,ro_village,RO,
paltinu,4,1,4,Paltinu,PH,nature_terms,,,,,,,,,Paltinu,tree,,,,,,
pana,4,3,4,Pană,"OT,PH,VL",,,,,,,,,,,,,,,,,
panait mosoiu,4,4,4,Panait Moșoiu,"BZ,CT,DJ,NT",persons,Panait Moșoiu,M,1837,1909,premodern,military officer,RO,,,,,,,,,
panificatiei,4,2,4,Intrarea Panificației,"BZ,B",name_categories,,,,,,,,,,,trade,industry,,,,
panu anastasie,4,3,4,Panu Anastasie,"GL,IS,B",persons,Anastasie Panu,M,1810,1867,1848,politician,RO,,,,,,,,,
pap,4,3,4,Pap,"CJ,HR,MS",,,,,,,,,,,,,,,,,
paradisului,4,3,4,Paradisului,"IF,MH,PH",name_categories,,,,,,,,,,,abstract,religious,,,,
paralela,4,4,4,PARALELA,"BZ,CT,IF,TL",name_categories,,,,,,,,,,,abstract,geometry,,,,
paraul lupului,4,4,4,Pârâul Lupului,"AG,BT,GJ,SV",nature_terms,,,,,,,,,Pârâul Lupului,water,,,,,,
paraul mare,4,4,4,Pârâul Mare,"BC,GJ,NT,VL",nature_terms,,,,,,,,,Pârâul Mare,water,,,,,,
paraul pietrei,4,2,4,Paraul Pietrei,"BC,SV",nature_terms,,,,,,,,,Pârâul Pietrei,water,,,,,,
paraul popii,4,3,4,Pârâul Popii,"BC,SV,VL",nature_terms,,,,,,,,,Pârâul Popii,water,,,,,,
paraul rosu,4,3,4,Pârâul Roșu,"AB,BC,CJ",nature_terms,,,,,,,,,Pârâul Roșu,water,,,,,,
paraul sarat,4,2,4,Pârâul Sărat,"BC,SB",nature_terms,,,,,,,,,Pârâul Sărat,water,,,,,,
paraul scolii,4,4,4,Aleea Pârâul Școlii,"AB,SB,SV,VL",name_categories,,,,,,,,,,,institutional,education,,,,
paraul teiului,4,1,4,Pârâul Teiului,BC,nature_terms,,,,,,,,,Pârâul Teiului,water,,,,,,
partenie cosma,4,2,4,Partenie Cosma,"BH,SB",persons,Partenie Cosma,M,1837,1923,premodern,politician,RO,,,,,,,,,
pasarani,4,3,4,Păsărani,"VL,B,IF",,,,,,,,,,,,,,,,,
pasarelei,4,3,4,Pasarelei,"AG,IL,NT",name_categories,,,,,,,,,,,infrastructure,transport,,,,
pasului,4,3,4,Pasului,"BH,CL,B",nature_terms,,,,,,,,,Pasului,geography,,,,,,
patak,4,1,4,Patak,HR,nature_terms,,,,,,,,,Patak,water,,,,,,
patrarului,4,1,2,Intrarea Pătrarului,B,name_categories,,,,,,,,,,,abstract,geometry,,,,
patrascu voda,4,3,4,Pătrașcu Vodă,"AG,VL,B",persons,Pătrașcu cel Bun,M,,1557,medieval,ruler,RO,,,,,,,,,
paul bujor,4,2,4,Aleea Paul Bujor,"GL,IS",persons,Paul Bujor,M,1862,1952,interwar,biologist,RO,,,,,,,,,
paul chinezu,4,2,4,Paul Chinezu,"CJ,TM",persons,Pavel Chinezul,M,,1494,medieval,military leader,RO,,,,,,,,,
pausa,4,3,4,Păușa,"AB,VL,B",place_refs,,,,,,,,,,,,,Păușa,ro_village,RO,
pavel,4,3,4,Pavel,"DB,IS,VL",persons,Pavel,M,,,ancient,apostle,IL,,,,,,,,,
pavel rosca,4,3,4,Pavel Roșca,"BV,CJ,SJ",persons,Pavel Roșca,M,,,interwar,cleric/activist,RO,,,,,,,,,
pe balta,4,3,4,Pe Balta,"CJ,MM,SJ",nature_terms,,,,,,,,,Pe Baltă,water,,,,,,
pe lunca,4,3,4,Pe Lunca,"AB,PH,SJ",nature_terms,,,,,,,,,Pe Lunca,meadow,,,,,,
pecineaga,4,2,4,Pecineaga,"BZ,B",place_refs,,,,,,,,,,,,,Pecineaga,ro_village,RO,
peco,4,3,4,PECO,"BT,DB,TR",name_categories,,,,,,,,,,,infrastructure,commercial,,,,
pegas,4,3,4,Pegas,"BH,CT,TM",name_categories,,,,,,,,,,,mythology,creature,,,,
pelicanilor,4,3,4,Pelicanilor,"CT,IF,TL",nature_terms,,,,,,,,,Pelicanilor,bird,,,,,,
pensionarilor,4,3,4,Pensionarilor,"BR,TL,VL",name_categories,,,,,,,,,,,abstract,social_group,,,,
pensiunilor,4,4,4,Pensiunilor,"BN,CJ,NT,PH",name_categories,,,,,,,,,,,infrastructure,tourism,,,,
pepinierii,4,4,4,Pepinierii,"IL,IS,MS,VL",name_categories,,,,,,,,,,,trade,agriculture,,,,
pereni,4,3,4,Pereni,"AB,VL,B",place_refs,,,,,,,,,,,,,Pereni,ro_village,RO,
periferiei,4,3,4,Periferiei,"CV,DJ,TL",name_categories,,,,,,,,,,,infrastructure,topographical,,,,
peris,4,4,4,Periș,"AG,PH,B,IF",place_refs,,,,,,,,,,,,,Periș,ro_village,RO,
perlelor,4,4,4,Perlelor,"CJ,PH,B,IF",nature_terms,,,,,,,,,Perlelor,geography,,,,,,
persicani,4,1,2,Intrarea Persicani,B,place_refs,,,,,,,,,,,,,Perșinari,ro_village,RO,
petofi,4,2,4,Petofi,"HR,SM",persons,Petőfi Sándor,M,1823,1849,1848,poet,HU,,,,,,,,,
petre buzatov,4,1,2,Aleea Petre Buzatov,IS,persons,Petre Buzatov,M,,,interwar,politician,RO,,,,,,,,,
petricani,4,2,2,Petricani,"BT,B",place_refs,,,,,,,,,,,,,Petricani,ro_village,RO,
petrodava,4,1,2,Petrodava,NT,place_refs,,,,,,,,,,,,,Petrodava,ancient_city,RO,
petru movila,4,4,4,Petru Movilă,"AB,IL,NT,PH",persons,Petru Movilă,M,1596,1646,medieval,cleric,RO,,,,,,,,,
petru schiopu,4,2,4,Petru Șchiopu,"CT,IS",persons,Petru Șchiopu,M,1537,1594,medieval,Domnitor,RO,,,,,,,,,
piata republicii,4,3,4,Piața Republicii,"CJ,CT,SV",name_categories,,,,,,,,,,,ideological,political,,,,
piatra alba,4,3,4,Piatra Albă,"IS,SB,B",nature_terms,,,,,,,,,Piatra Albă,geography,,,,,,
piatra neamt,4,3,4,Piatra Neamț,"DJ,TM,B",place_refs,,,,,,,,,,,,,Piatra Neamț,ro_city,RO,
piatra rosie,4,3,4,Piatra Roșie,"SV,TL,B",nature_terms,,,,,,,,,Piatra Roșie,geography,,,,,,
pielari,4,3,4,Intrarea Pielari,"AG,PH,B",name_categories,,,,,,,,,,,occupational,trade,,,,
pietrosul,4,4,4,Fundătura Pietrosul,"BN,IS,NT,TM",place_refs,,,,,,,,,,,,,Pietrosul,mountain_peak,RO,
piezisa,4,3,4,Aleea Piezisa,"AB,CJ,MM",nature_terms,,,,,,,,,Piezisa,geography,,,,,,
pintea viteazu,4,2,4,Pintea Viteazu,"CJ,MM",persons,Pintea Viteazul,M,1670,1703,medieval,haiduc,RO,,,,,,,,,
piotr ilici ceaikovski,4,4,4,Piotr Ilici Ceaikovski,"AR,CJ,SB,B",persons,Piotr Ilici Ceaikovski,M,1840,1893,premodern,compozitor,RU,,,,,,,,,
pipera tunari,4,2,2,Bulevardul Pipera Tunari,"B,IF",place_refs,,,,,,,,,,,,,Pipera-Tunari,ro_village,RO,
pipirig,4,3,4,Drumul Pipirig,"BN,B,IF",place_refs,,,,,,,,,,,,,Pipirig,ro_village,RO,
piscinei,4,3,4,Piscinei,"BC,BZ,VL",name_categories,,,,,,,,,,,infrastructure,public_utility,,,,
pitarului,4,4,4,Aleea Pitarului,"CT,IS,PH,VS",name_categories,,,,,,,,,,,occupational,trade,,,,
pitulicii,4,3,4,Intrarea Pitulicii,"BT,TM,B",nature_terms,,,,,,,,,Pitulicii,bird,,,,,,
piua,4,3,4,Piua,"GJ,NT,VL",name_categories,,,,,,,,,,,occupational,trade,,,,
plapcei,4,1,3,Plapcei,OT,,,,,,,,,,,,,,,,,
platinei,4,3,4,Intrarea Platinei,"IF,TM,B",nature_terms,,,,,,,,,Platinei,geography,,,,,,
plesei,4,4,4,Pleșei,"AG,IS,PH,SV",nature_terms,,,,,,,,,Pleșei,geography,,,,,,
plostina,4,3,4,Ploștina,"BZ,GJ,SV",place_refs,,,,,,,,,,,,,Ploștina,ro_village,RO,
plumbuita,4,4,4,Plumbuita,"IF,CL,OT,B",place_refs,,,,,,,,,,,,,Plumbuita,ro_monastery,RO,
podul decebal,4,4,4,Podul Decebal,"AR,CJ,SM,TM",name_categories,,,,,,,,,,,commemorative,historical_figure,,,,
podul giurgiului,4,1,2,Aleea Podul Giurgiului,B,place_refs,,,,,,,,,,,,,Podul Giurgiului,infrastructure,RO,
poenaru,4,4,4,Locotenent Poenaru,"BV,DJ,PH,VS",persons,Petrache Poenaru,M,1799,1875,premodern,inventor,RO,,,,,,,,,
poenei,4,3,4,Poenei,"DB,SV,TR",nature_terms,,,,,,,,,Poenei,meadow,,,,,,
pogoanele,4,3,4,Pogoanele,"CT,IL,B",place_refs,,,,,,,,,,,,,Pogoanele,ro_city,RO,
poiana lacului,4,2,3,Intrarea Poiana Lacului,"OT,B",place_refs,,,,,,,,,,,,,Poiana Lacului,ro_village,RO,
poiana parului,4,4,4,Poiana Părului,"DJ,OT,VL,VN",nature_terms,,,,,,,,,Poiana Părului,meadow,,,,,,
poiana ruscai,4,3,4,Poiana Ruscai,"AB,PH,TM",place_refs,,,,,,,,,,,,,Poiana Ruscăi,mountain,RO,
poiana soarelui,4,3,4,Poiana Soarelui,"BC,BV,IF",nature_terms,,,,,,,,,Poiana Soarelui,meadow,,,,,,
poiana ursului,4,2,3,Drumul Poiana Ursului,"BV,B",nature_terms,,,,,,,,,Poiana Ursului,meadow,,,,,,
poienelor,4,3,4,Poienelor,"BV,CV,GJ",nature_terms,,,,,,,,,Poienelor,meadow,,,,,,
ponoarei,4,2,4,Ponoarei,"BT,IS",nature_terms,,,,,,,,,Ponoarei,geography,,,,,,
popa nae,4,3,4,Intrarea Popa Nae,"IL,GR,B",persons,Nicolae (Popa Nae) Ionescu,M,1830,1900,premodern,cleric,RO,,,,,,,,,
popescu filofteia,4,2,3,Intrarea Popescu Filofteia,"AG,B",persons,Filofteia Popescu,F,,,interwar,unknown,RO,,,,,,,,,
portocalelor,4,3,4,Intrarea Portocalelor,"GJ,B,IF",nature_terms,,,,,,,,,Portocalelor,fruit,,,,,,
portocalilor,4,3,4,Portocalilor,"PH,TM,IF",nature_terms,,,,,,,,,Portocalilor,fruit,,,,,,
postavarilor,4,2,3,Postăvarilor,"GJ,SB",name_categories,,,,,,,,,,,occupational,trade,,,,
potaissa,4,2,4,Potaissa,"CJ,B",place_refs,,,,,,,,,,,,,Potaissa,ancient_city,RO,
povarna,4,2,4,Povarna,"DB,VL",nature_terms,,,,,,,,,Povarna,geography,,,,,,
prejbei,4,2,4,Prejbei,"OT,SB",place_refs,,,,,,,,,,,,,Prejba,mountain,RO,
prelungirea bisericii,4,3,4,Prelungirea Bisericii,"DB,IL,OT",name_categories,,,,,,,,,,,religious,church,,,,
prelungirea garii catelu,4,1,2,Aleea Prelungirea Garii Catelu,IF,name_categories,,,,,,,,,,,infrastructure,transport,,,,
prelungirea morii,4,4,4,Prelungirea Morii,"CT,IL,OT,TR",name_categories,,,,,,,,,,,trade,mill,,,,
presei libere,4,2,3,Piața Presei Libere,"PH,B",name_categories,,,,,,,,,,,ideological,media,,,,
prezan,4,3,4,Mareșal Prezan,"BT,VS,VL",persons,Constantin Prezan,M,1861,1943,interwar,military officer,RO,,,,,,,,,
pricopan,4,1,2,Aleea Pricopan,B,place_refs,,,,,,,,,,,,,Pricopan,mountain,RO,
pridvor,4,3,4,Pridvor,"BR,TL,VN",name_categories,,,,,,,,,,,religious,architecture,,,,
primaverii 1,4,3,4,Primăverii 1,"AG,BV,DJ",nature_terms,,,,,,,,,Primăverii,season,,,,,,
primaverii 2,4,3,4,Primăverii 2,"AG,BV,DJ",nature_terms,,,,,,,,,Primăverii,season,,,,,,
primaverii 5,4,3,4,Primăverii 5,"AG,BV,TM",nature_terms,,,,,,,,,Primăverii,season,,,,,,
prisecii,4,4,4,Prisecii,"DB,GJ,IS,SV",nature_terms,,,,,,,,,Prisecii,forest,,,,,,
prislopului,4,3,4,Prislopului,"BH,BN,MM",place_refs,,,,,,,,,,,,,Prislop,ro_monastery,RO,
pristolului,4,2,4,Intrarea Pristolului,"MH,B",place_refs,,,,,,,,,,,,,Pristol,ro_village,RO,
privalului,4,3,4,Privalului,"CT,IL,CL",nature_terms,,,,,,,,,Prival,water,,,,,,
privata,4,3,4,Privată,"AG,SV,VN",,,,,,,,,,,,,,,,,
proca,4,3,4,Proca,"AG,BC,OT",persons,Gheorghe Proca,M,1884,1955,interwar,politician,RO,,,,,,,,,
prof.dr. ion cantacuzino,4,4,4,Prof.dr. Ion Cantacuzino,"BH,CT,HD,IS",persons,Ion Cantacuzino,M,1863,1934,interwar,physician,RO,,,,,,,,,
proiectata,4,4,4,Proiectată,"BZ,CL,TM,B",,,,,,,,,,,,,,,,,
pruncilor,4,2,4,Pruncilor,"AB,VS",name_categories,,,,,,,,,,,abstract,human,,,,
prutet,4,2,4,Prutet,"IS,VS",place_refs,,,,,,,,,,,,,Prut,river,RO,
puiesti,4,3,3,Puiești,"BZ,DB,GJ",place_refs,,,,,,,,,,,,,Puiești,ro_village,RO,
punte,4,4,4,Punte,"HR,IS,NT,VL",name_categories,,,,,,,,,,,infrastructure,transport,,,,
purcarea,4,3,3,Purcărea,"DB,PH,VL",place_refs,,,,,,,,,,,,,Purcărea,ro_village,RO,
purcaresti,4,3,4,Purcărești,"BZ,OT,TR",place_refs,,,,,,,,,,,,,Purcărești,ro_village,RO,
purcaret,4,3,4,Purcăreț,"GJ,VL,VN",place_refs,,,,,,,,,,,,,Purcăreț,ro_village,RO,
puscariu sextil,4,4,4,Pușcariu Sextil,"BH,BV,CJ,TM",persons,Sextil Pușcariu,M,1877,1948,interwar,linguist,RO,,,,,,,,,
pustei,4,2,4,Pustei,"CJ,MM",nature_terms,,,,,,,,,Pustei,geography,,,,,,
puszta,4,2,4,Puszta,"HR,MS",nature_terms,,,,,,,,,Puszta,meadow,,,,,,
putinei,4,2,4,Putinei,"MH,VL",place_refs,,,,,,,,,,,,,Putinei,ro_village,RO,
puturilor,4,3,4,Puțurilor,"AG,CT,GR",name_categories,,,,,,,,,,,infrastructure,utility,,,,
racila,4,3,4,Racila,"BC,DB,VN",place_refs,,,,,,,,,,,,,Racila,ro_village,RO,
racova,4,2,4,Racova,"SV,VS",place_refs,,,,,,,,,,,,,Racova,ro_village,RO,
radauti,4,4,4,Calea Rădăuți,"CJ,SJ,SV,B",place_refs,,,,,,,,,,,,,Rădăuți,ro_city,RO,
radioului,4,3,4,Radioului,"BV,CJ,CT",name_categories,,,,,,,,,,,institutional,media,,,,
radu buzescu,4,1,4,Radu Buzescu,PH,persons,Radu Buzescu,M,,1620,medieval,military leader,RO,,,,,,,,,
radu dudescu,4,3,4,Radu Dudescu,"PH,SB,B",persons,Radu Dudescu,M,1870,1945,interwar,politician,RO,,,,,,,,,
raducanu rosetti,4,2,4,Răducanu Rosetti,"BC,IS",persons,Răducanu Rosetti,M,1813,1876,premodern,politician,RO,,,,,,,,,
radulescu motru constantin,4,4,4,Rădulescu Motru Constantin,"AG,DJ,MH,TM",persons,Constantin Rădulescu-Motru,M,1868,1957,interwar,philosopher,RO,,,,,,,,,
rafael,4,3,3,Aleea Rafael,"BH,IS,SB",persons,Raffaello Sanzio,M,1483,1520,medieval,painter,IT,,,,,,,,,
rakoczi ferenc utca,4,4,4,Rákóczi Ferenc utca,"AR,BH,SM,TM",persons,Rákóczi Ferenc II,M,1676,1735,medieval,nobleman/prince,HU,,,,,,,,,
ramnicu valcea,4,2,2,Aleea Râmnicu Vâlcea,"AG,B",place_refs,,,,,,,,,,,,,Râmnicu Vâlcea,ro_city,RO,
rampa stefan cel mare,4,1,2,Prelungirea Rampa Ștefan cel Mare,SB,persons,Ștefan cel Mare,M,1433,1504,medieval,ruler,RO,,,,,,,,,
randunicilor,4,4,4,Rândunicilor,"CJ,MS,OT,TM",nature_terms,,,,,,,,,Rândunicilor,bird,,,,,,
rasarit,4,2,3,Răsărit,"AR,VS",nature_terms,,,,,,,,,Răsărit,sky,,,,,,
rascoalei 1907,4,3,4,Răscoalei 1907,"BZ,CT,PH",name_categories,,,,,,,,,,,commemorative,historical event,,,,
rascrucii,4,4,4,Răscrucii,"CV,GJ,SV,B",nature_terms,,,,,,,,,Răscrucii,geography,,,,,,
rastoaca,4,3,4,Răstoaca,"AB,BN,CS",nature_terms,,,,,,,,,Răstoaca,water,,,,,,
raul alb,4,3,4,Râul Alb,"CS,DB,TR",nature_terms,,,,,,,,,Râul Alb,water,,,,,,
rausor,4,3,3,Aleea Râușor,"AB,AG,PH",nature_terms,,,,,,,,,Râușor,water,,,,,,
razesu,4,2,4,Intrarea Răzeșu,"BC,B",name_categories,,,,,,,,,,,occupational,social class,,,,
razim,4,2,4,RAZIM,"TL,VS",place_refs,,,,,,,,,,,,,Razim,water,RO,
regala,4,4,4,Aleea Regala,"AG,CV,DB,GL",name_categories,,,,,,,,,,,commemorative,monarchy,,,,
regimentului,4,4,4,Drumul Regimentului,"AG,PH,B,IF",name_categories,,,,,,,,,,,institutional,military,,,,
religiei,4,3,4,Religiei,"BR,BZ,GL",name_categories,,,,,,,,,,,religious,abstract,,,,
remus opreanu,4,2,4,REMUS OPREANU,"CT,TL",persons,Remus Opreanu,M,1842,1908,premodern,politician/prefect,RO,,,,,,,,,
renului,4,2,3,Renului,"B,IF",place_refs,,,,,,,,,,,,,Rin,river,DE,
ret,4,2,4,Ret,"HR,SM",,,,,,,,,,,,,,,,,
revolutionarilor,4,3,4,Aleea Revoluționarilor,"IF,NT,PH",name_categories,,,,,,,,,,,commemorative,historical event,,,,
ritmului,4,4,4,Aleea Ritmului,"CL,SJ,TM,B",name_categories,,,,,,,,,,,abstract,concept,,,,
roata,4,4,4,ROATĂ,"BZ,IL,MM,VN",name_categories,,,,,,,,,,,infrastructure,transport,,,,
robert k. koch,4,3,4,Dr. Robert K. Koch,"CJ,TM,B",persons,Robert Koch,M,1843,1910,premodern,physician/microbiologist,DE,,,,,,,,,
rocadei,4,3,4,Rocadei,"CL,B,IF",name_categories,,,,,,,,,,,infrastructure,transport,,,,
rogoaze,4,4,4,Rogoaze,"AG,GR,SJ,VN",nature_terms,,,,,,,,,Rogoaze,plant,,,,,,
roman voda,4,3,3,Piața Roman Vodă,"IS,NT,SV",persons,Roman I Mușat,M,,1394,medieval,ruler,RO,,,,,,,,,
romanestilor,4,3,4,Aleea Romaneștilor,"DJ,MH,SJ",name_categories,,,,,,,,,,,commemorative,ethnic,,,,
roscovei,4,4,4,Roșcovei,"CL,IL,TM,IF",nature_terms,,,,,,,,,Roșcovei,fruit,,,,,,
roseni,4,2,4,Roseni,"BC,NT",place_refs,,,,,,,,,,,,,Roseni,ro_village,RO,
rosetti c. a.,4,4,4,Rosetti C. A.,"AG,IS,SM,TM",persons,Constantin A. Rosetti,M,1816,1885,1848,politician/writer,RO,,,,,,,,,
rosianu,4,2,3,Intrarea Roșianu,"GJ,B",persons,Roșianu,M,,,premodern,nobility,RO,,,,,,,,,
rosioarei,4,4,4,Roșioarei,"BN,VN,B,IF",nature_terms,,,,,,,,,Roșioarei,plant,,,,,,
rosiori de vede,4,2,4,Roșiori De Vede,"TR,B",place_refs,,,,,,,,,,,,,Roșiori de Vede,ro_city,RO,
rosmarinului,4,4,4,Rosmarinului,"AR,BV,IL,TM",nature_terms,,,,,,,,,Rozmarin,plant,,,,,,
rotii,4,4,4,Drumul Roții,"BC,VS,VL,B",name_categories,,,,,,,,,,,infrastructure,transport,,,,
rozetei,4,4,4,Rozetei,"BC,MM,PH,VN",nature_terms,,,,,,,,,Rozetă,flower,,,,,,
roznov,4,2,3,Roznov,"DJ,B",place_refs,,,,,,,,,,,,,Roznov,ro_city,RO,
rupturii,4,3,4,Rupturii,"BZ,SV,VN",name_categories,,,,,,,,,,,abstract,topographical,,,,
rusanesti,4,3,4,Rusănești,"VL,B,IF",place_refs,,,,,,,,,,,,,Rusănești,ro_village,RO,
rusca mica,4,1,4,Rusca Mică,TR,place_refs,,,,,,,,,,,,,Rusca Mică,ro_village,RO,
sacului,4,4,4,Sacului,"CV,HR,MS,TM",name_categories,,,,,,,,,,,trade,container,,,,
salcii,4,4,4,Strada Sălcii,"HR,IL,IS,VL",nature_terms,,,,,,,,,Sălcii,tree,,,,,,
samuil micu klein,4,2,4,Samuil Micu Klein,"BH,SB",persons,Samuil Micu Klein,M,1745,1806,premodern,"theologian, historian, philologist",RO,,,,,,,,,
sanatoriu,4,3,4,Sanatoriu,"CT,DB,SV",name_categories,,,,,,,,,,,institutional,medical,,,,
sangeris,4,4,4,Strada Sângeriș,"BC,DB,GJ,VL",nature_terms,,,,,,,,,Sângeriș,tree,,,,,,
sanmartin,4,3,4,Strada Sânmartin,"AR,HR,B",place_refs,,,,,,,,,,,,,Sânmartin,ro_village,RO,
sapei,4,2,4,Intrarea Sapei,"MS,B",name_categories,,,,,,,,,,,trade,tools,,,,
sapientei,4,2,4,Sapienței,"TL,B",name_categories,,,,,,,,,,,abstract,philosophy,,,,
sararu,4,2,3,Strada Săraru,"BZ,OT",name_categories,,,,,,,,,,,occupational,trade,,,,
saratel,4,3,4,Strada Sărățel,"BC,BZ,CJ",place_refs,,,,,,,,,,,,,Sărățel,ro_village,RO,
saratura,4,4,4,Sărătura,"BC,CJ,NT,SM",nature_terms,,,,,,,,,Sărătura,geography,,,,,,
saraturi,4,4,4,Sărături,"AB,IS,PH,VL",nature_terms,,,,,,,,,Sărături,geography,,,,,,
sarbeni,4,3,4,Strada Sârbeni,"IL,OT,TR",place_refs,,,,,,,,,,,,,Sârbeni,ro_village,RO,
saros,4,1,4,Strada Sáros,HR,place_refs,,,,,,,,,,,,,Sáros,ro_village,RO,
sarpelui,4,3,4,Strada Șarpelui,"GL,OT,TL",nature_terms,,,,,,,,,Șarpelui,animal,,,,,,
sasa,4,3,4,Sașa,"AB,HD,VL",,,,,,,,,,,,,,,,,
sava iosif,4,4,4,Sava Iosif,"CJ,CT,IS,B",persons,Iosif Sava,M,1933,1998,communist,musicologist,RO,,,,,,,,,
saveni,4,3,4,Strada Săveni,"BT,B,IF",place_refs,,,,,,,,,,,,,Săveni,ro_city,RO,
scarlat varnav,4,3,4,Ing. Scarlat Vârnav,"CT,IS,B",persons,Scarlat Vârnav,M,1814,1875,premodern,politician,RO,,,,,,,,,
schiopeni,4,3,4,Strada  Șchiopeni,"NT,SV,VS",place_refs,,,,,,,,,,,,,Șchiopeni,ro_village,RO,
schit,4,3,4,Schit,"VS,VL,VN",place_refs,,,,,,,,,,,,,Schit,ro_monastery,RO,
schitu,4,4,4,Schitu,"GJ,GR,OT,VL",place_refs,,,,,,,,,,,,,Schitu,ro_village,RO,
scoarta,4,3,4,Scoarța,"GJ,MH,VL",place_refs,,,,,,,,,,,,,Scoarța,ro_village,RO,
scorpionului,4,2,4,Intrarea Scorpionului,"IF,B",nature_terms,,,,,,,,,Scorpionului,animal,,,,,,
scorusu,4,3,4,Scorușu,"HD,SV,VL",nature_terms,,,,,,,,,Scorușu,tree,,,,,,
sculptorilor,4,3,4,Sculptorilor,"NT,VS,B",name_categories,,,,,,,,,,,occupational,trade,,,,
scurtaturii,4,3,4,Scurtăturii,"BR,OT,VS",name_categories,,,,,,,,,,,infrastructure,infrastructure,,,,
secatura,4,4,4,Secătura,"BZ,GJ,MM,VL",nature_terms,,,,,,,,,Secătura,geography,,,,,,
secuilor,4,3,3,Aleea Secuilor,"HR,OT,B",name_categories,,,,,,,,,,,commemorative,ethnic,,,,
secundara 1,4,2,4,Secundara 1,"MH,VN",name_categories,,,,,,,,,,,infrastructure,infrastructure,,,,
secundara 11,4,2,4,Secundara 11,"MH,VN",name_categories,,,,,,,,,,,infrastructure,infrastructure,,,,
secundara 12,4,2,4,Secundara 12,"MH,VN",name_categories,,,,,,,,,,,infrastructure,infrastructure,,,,
secundara 17,4,2,4,Secundara 17,"MH,VN",name_categories,,,,,,,,,,,infrastructure,infrastructure,,,,
secundara 19,4,2,4,Secundara 19,"MH,VN",name_categories,,,,,,,,,,,infrastructure,infrastructure,,,,
secundara 2,4,2,4,Secundara 2,"MH,VN",name_categories,,,,,,,,,,,infrastructure,infrastructure,,,,
secundara 3,4,2,4,Secundara 3,"MH,VN",name_categories,,,,,,,,,,,infrastructure,infrastructure,,,,
secundara 4,4,2,4,Secundara 4,"MH,VN",name_categories,,,,,,,,,,,infrastructure,infrastructure,,,,
secundara 5,4,2,4,Secundara 5,"MH,VN",name_categories,,,,,,,,,,,infrastructure,infrastructure,,,,
secundara 7,4,2,4,Secundara 7,"MH,VN",name_categories,,,,,,,,,,,infrastructure,infrastructure,,,,
secundara 9,4,2,4,Secundara 9,"MH,VN",name_categories,,,,,,,,,,,infrastructure,infrastructure,,,,
semeteului,4,4,4,Semeteului,"AR,BV,CJ,DJ",nature_terms,,,,,,,,,Semeteului,geography,,,,,,
serba,4,3,4,Serba,"BC,SJ,SV",,,,,,,,,,,,,,,,,
serban cioculescu,4,3,3,Acad. Șerban Cioculescu,"AG,CT,DB",persons,Șerban Cioculescu,M,1902,1988,communist,literary critic,RO,,,,,,,,,
serbota,4,2,4,Strada Șerbota,"SB,B",place_refs,,,,,,,,,,,,,Șerbota,mountain_peak,RO,
serdarului,4,1,2,Intrarea Serdarului,B,name_categories,,,,,,,,,,,occupational,historical rank,,,,
serpentinelor,4,2,4,Serpentinelor,"BC,BZ",nature_terms,,,,,,,,,Serpentinelor,geography,,,,,,
sfantul dumitru,4,3,4,Sfîntul Dumitru,"DJ,IS,SV",name_categories,,,,,,,,,,,religious,saint,,,,
sibienilor,4,2,4,Sibienilor,"BR,CT",name_categories,,,,,,,,,,,commemorative,demonym,,,,
sibioarei,4,1,2,Sibioarei,CT,nature_terms,,,,,,,,,Sibioarei,water,,,,,,
sighet,4,4,4,Sighet,"MS,PH,TM,B",place_refs,,,,,,,,,,,,,Sighetu Marmației,ro_city,RO,
sihastriei,4,3,3,Sihăstriei,"BT,PH,SV",place_refs,,,,,,,,,,,,,Sihăstria,ro_monastery,RO,
sihla,4,3,4,Sihla,"NT,SV,VN",place_refs,,,,,,,,,,,,,Sihla,ro_monastery,RO,
silviu dragomir,4,3,4,Silviu Dragomir,"AR,CJ,HD",persons,Silviu Dragomir,M,1888,1962,communist,historian,RO,,,,,,,,,
silviu stanculescu,4,3,4,Silviu Stănculescu,"DB,B,IF",persons,Silviu Stănculescu,M,1932,1998,communist,actor,RO,,,,,,,,,
siminocului,4,3,4,Fundătura Siminocului,"BC,OT,B",nature_terms,,,,,,,,,Siminoc,flower,,,,,,
sinei,4,1,2,Intrarea Șinei,B,name_categories,,,,,,,,,,,infrastructure,transport,,,,
siriu,4,2,4,Siriu,"BR,BZ",place_refs,,,,,,,,,,,,,Siriu,mountain,RO,
slatinii,4,4,4,SLATINII,"AR,BN,CS,MM",place_refs,,,,,,,,,,,,,Slatina,ro_city,RO,
smeurei,4,3,4,Smeurei,"AR,AG,B",nature_terms,,,,,,,,,Smeură,fruit,,,,,,
sofia vicoveanca,4,1,4,Bulevardul Sofia Vicoveanca,SV,persons,Sofia Vicoveanca,F,1941,,communist,singer,RO,,,,,,,,,
solarului,4,3,4,Solarului,"PH,SV,VN",nature_terms,,,,,,,,,Solar,weather,,,,,,
soldatului,4,4,4,Intrarea Soldatului,"AG,CL,GR,IF",name_categories,,,,,,,,,,,occupational,military,,,,
solomon,4,4,4,Solomon,"AR,CV,DJ,VS",persons,Solomon,M,,,ancient,king,IL,,,,,,,,,
somuzului,4,1,4,Șomuzului,SV,place_refs,,,,,,,,,,,,,Șomuz,river,RO,
sondorilor,4,3,3,Aleea Sondorilor,"BR,SB,TR",name_categories,,,,,,,,,,,occupational,trade,,,,
soresti,4,3,4,Sorești,"AG,DB,PH",place_refs,,,,,,,,,,,,,Sorești,ro_village,RO,
soros,4,3,4,Soros,"CJ,SM,SJ",,,,,,,,,,,,,,,,,
soseaua alexandriei,4,2,4,Strada Șoseaua Alexandriei,"TR,GR",place_refs,,,,,,,,,,,,,Alexandria,ro_city,RO,
spania,4,3,3,Piața Spania,"DJ,IF,B",place_refs,,,,,,,,,,,,,Spania,region,ES,
spatar milescu,4,4,4,Spătar Milescu,"BT,HD,PH,SV",persons,Nicolae Milescu Spătarul,M,1636,1708,medieval,"diplomat, writer",RO,,,,,,,,,
spatar preda buzescu,4,4,4,Spătar Preda Buzescu,"IL,IS,PH,SB",persons,Preda Buzescu,M,,1606,medieval,military commander,RO,,,,,,,,,
spiralei,4,2,4,Spiralei,"IF,B",name_categories,,,,,,,,,,,abstract,geometry,,,,
sport,4,3,4,Sport,"CV,HR,MS",name_categories,,,,,,,,,,,abstract,recreation,,,,
stanciulesti,4,4,4,Stanciulesti,"BZ,DB,PH,TR",place_refs,,,,,,,,,,,,,Stănciulești,ro_village,RO,
stanciului,4,4,4,Stanciului,"BC,NT,OT,VL",name_categories,,,,,,,,,,,commemorative,personal_name,,,,
stancu zaharia,4,3,4,Stancu Zaharia,"BH,BV,CJ",persons,Zaharia Stancu,M,1902,1974,communist,writer,RO,,,,,,,,,
stanica,4,4,4,Erou Stănică,"AG,PH,TR,VL",persons,Stănică,M,,,interwar,soldier,RO,,,,,,,,,
stanisoara,4,2,4,Aleea Stănișoara,"CJ,B",place_refs,,,,,,,,,,,,,Stânișoara,mountain,RO,
stanjenei,4,2,4,Intrarea Stânjenei,"CL,IL",nature_terms,,,,,,,,,stânjenei,flower,,,,,,
stanjenel,4,3,4,Strada Stânjenel,"AR,BT,NT",nature_terms,,,,,,,,,stânjenel,flower,,,,,,
stefan,4,3,4,Strada Ștefan,"DB,HD,VL",persons,Ștefan cel Mare,M,1433,1504,medieval,ruler,RO,,,,,,,,,
stefan banica,4,2,4,Intrarea Stefan Banica,"CL,B",persons,Ștefan Bănică,M,1933,1995,communist,actor,RO,,,,,,,,,
stefan burcus,4,1,2,Intrarea Ștefan Burcuș,B,persons,Ștefan Burcuș,M,1870,1928,interwar,architect,RO,,,,,,,,,
stefan ciubotarasu,4,4,4,Strada Stefan Ciubotarasu,"IS,VS,B,IF",persons,Ștefan Ciubotărașu,M,1910,1970,communist,actor,RO,,,,,,,,,
stefan golescu,4,3,4,Strada Ștefan Golescu,"AG,GL,SJ",persons,Ștefan Golescu,M,1809,1874,1848,politician,RO,,,,,,,,,
stefan greceanu,4,2,4,Strada Ștefan Greceanu,"PH,B",persons,Ștefan Greceanu,M,1825,1908,premodern,historian,RO,,,,,,,,,
stefan ludwig roth,4,4,4,Stefan Ludwig Roth,"AR,BV,CJ,SB",persons,Stephan Ludwig Roth,M,1796,1849,1848,theologian/politician,RO,,,,,,,,,
stefan tomsa,4,1,4,Strada Ștefan Tomșa,SV,persons,Ștefan Tomșa,M,,1623,medieval,ruler,RO,,,,,,,,,
stefanita lupu,4,3,4,Strada Ştefăniţă Lupu,"CT,IS,NT",persons,Ștefăniță Lupu,M,1641,1661,medieval,ruler,RO,,,,,,,,,
stejarul,4,2,4,Stejarul,"BR,TM",nature_terms,,,,,,,,,Stejarul,tree,,,,,,
stejerisului,4,2,4,Stejerișului,"BV,MS",nature_terms,,,,,,,,,Stejerișului,forest,,,,,,
stelutelor,4,2,4,Steluțelor,"GL,PH",nature_terms,,,,,,,,,Steluțelor,sky,,,,,,
sterpu,4,1,4,Profesor Sterpu,OT,,,,,,,,,,,,,,,,,
sticlariei,4,3,4,Sticlăriei,"BC,CV,IF",name_categories,,,,,,,,,,,trade,craft,,,,
sticlarului,4,2,3,Intrarea Sticlarului,"CL,PH",name_categories,,,,,,,,,,,occupational,craft,,,,
stindardului,4,3,4,Stindardului,"IS,PH,B",name_categories,,,,,,,,,,,commemorative,symbolic,,,,
stolniceni,4,1,2,Intrarea Stolniceni,VL,place_refs,,,,,,,,,,,,,Stolniceni,ro_village,RO,
stolnicului,4,2,3,Stolnicului,"PH,B",name_categories,,,,,,,,,,,occupational,nobility,,,,
str. 12,4,4,4,Str. 12,"AR,MM,MS,SM",name_categories,,,,,,,,,,,infrastructure,numeric,,,,
str. 15,4,4,4,Str. 15,"AR,MM,MS,SM",name_categories,,,,,,,,,,,infrastructure,numeric,,,,
str. 18,4,4,4,Str. 18,"AR,MM,MS,SM",name_categories,,,,,,,,,,,infrastructure,numeric,,,,
